t,x,y,z,yaw
1788515943.515524,0.047715,-0.029577,0.000000,0.001749
1788515943.582924,0.047855,-0.030540,0.000000,0.001759
1788515943.650553,0.047507,-0.029788,0.000000,0.001739
1788515943.714266,0.048675,-0.030757,0.000000,0.001739
1788515943.781857,0.048429,-0.030125,0.000000,0.001602
1788515943.849224,0.048847,-0.029570,0.000000,0.001714
1788515943.912773,0.049601,-0.029638,0.000000,0.001714
1788515943.984255,0.050271,-0.029940,0.000000,0.002182
1788515944.048890,0.050987,-0.029759,0.000000,0.002124
1788515944.115687,0.051303,-0.030200,0.000000,0.002124
1788515944.180191,0.051035,-0.029917,0.000000,0.002289
1788515944.246791,0.050781,-0.029745,0.000000,0.002553
1788515944.314773,0.050824,-0.030227,0.000000,0.002553
1788515944.381947,0.051178,-0.029756,0.000000,0.001541
1788515944.445525,0.050736,-0.030264,0.000000,0.001428
1788515944.513441,0.050594,-0.030149,0.000000,0.001428
1788515944.581110,0.050553,-0.029820,0.000000,0.002019
1788515944.650288,0.050450,-0.030583,0.000000,0.002019
1788515944.717361,0.050497,-0.030311,0.000000,0.002019
1788515944.779581,0.050904,-0.030194,0.000000,0.001652
1788515944.846990,0.051256,-0.030593,0.000000,0.001692
1788515944.914564,0.050844,-0.030840,0.000000,0.002286
1788515944.982294,0.050249,-0.030489,0.000000,0.001931
1788515945.045846,0.050685,-0.031418,0.000000,0.002202
1788515945.114634,0.050818,-0.031221,0.000000,0.002202
1788515945.182074,0.050004,-0.031371,0.000000,0.001830
1788515945.248966,0.050065,-0.031697,0.000000,0.002629
1788515945.313349,0.050085,-0.031401,0.000000,0.002629
1788515945.380072,0.050774,-0.031657,0.000000,0.002230
1788515945.448128,0.050330,-0.031667,0.000000,0.002230
1788515945.511832,0.050912,-0.031107,0.000000,0.001947
1788515945.583463,0.051415,-0.031097,0.000000,0.001846
1788515945.647273,0.050948,-0.030910,0.000000,0.001846
1788515945.715456,0.051059,-0.031176,0.000000,0.001846
1788515945.777664,0.051583,-0.030928,0.000000,0.001846
1788515945.845039,0.050910,-0.031516,0.000000,0.001846
1788515945.912624,0.050228,-0.031341,0.000000,0.001846
1788515945.976706,0.050700,-0.032414,0.000000,0.001846
1788515946.043772,0.050927,-0.031953,0.000000,0.001846
1788515946.112395,0.051333,-0.031690,0.000000,0.001846
1788515946.179665,0.050863,-0.031833,0.000000,0.002291
1788515946.243131,0.051594,-0.031788,0.000000,0.001964
1788515946.310478,0.051838,-0.031751,0.000000,0.001964
1788515946.379658,0.051129,-0.032014,0.000000,0.002110
1788515946.445659,0.051369,-0.031663,0.000000,0.002110
1788515946.513190,0.050810,-0.031323,0.000000,0.001530
1788515946.578260,0.050914,-0.031792,0.000000,0.002110
1788515946.644787,0.051155,-0.031316,0.000000,0.002110
1788515946.712779,0.051575,-0.030988,0.000000,0.001329
1788515946.779617,0.051841,-0.031467,0.000000,0.001451
1788515946.843182,0.051181,-0.031233,0.000000,0.001451
1788515946.911543,0.051355,-0.031532,0.000000,0.001824
1788515946.978484,0.051398,-0.031586,0.000000,0.001863
1788515947.046082,0.051077,-0.032266,0.000000,0.001863
1788515947.114127,0.051056,-0.032381,0.000000,0.001297
1788515947.177249,0.051511,-0.031793,0.000000,0.001984
1788515947.244612,0.051070,-0.031768,0.000000,0.001984
1788515947.312276,0.051142,-0.031082,0.000000,0.001984
1788515947.375651,0.051317,-0.031612,0.000000,0.001984
1788515947.443422,0.051255,-0.031752,0.000000,0.001984
1788515947.511198,0.051072,-0.031784,0.000000,0.001984
1788515947.578672,0.051040,-0.031798,0.000000,0.001984
1788515947.642550,0.050990,-0.031238,0.000000,0.001984
1788515947.710053,0.050750,-0.031023,0.000000,0.001984
1788515947.777592,0.050407,-0.031325,0.000000,0.001984
1788515947.841001,0.050664,-0.031790,0.000000,0.002042
1788515947.910439,0.051009,-0.031236,0.000000,0.001901
1788515947.976446,0.050772,-0.031104,0.000000,0.001901
1788515948.044290,0.051009,-0.031342,0.000000,0.001901
1788515948.107427,0.051247,-0.031130,0.000000,0.001901
1788515948.175843,0.051374,-0.030920,0.000000,0.001901
1788515948.242837,0.051150,-0.031281,0.000000,0.001901
1788515948.310422,0.051751,-0.031660,0.000000,0.001901
1788515948.374243,0.051537,-0.031399,0.000000,0.001901
1788515948.442278,0.051491,-0.030550,0.000000,0.001901
1788515948.508964,0.051711,-0.031496,0.000000,0.002390
1788515948.577018,0.051195,-0.031646,0.000000,0.002390
1788515948.640469,0.051552,-0.031214,0.000000,0.002390
1788515948.708082,0.051707,-0.030909,0.000000,0.002390
1788515948.775463,0.051294,-0.031090,0.000000,0.002390
1788515948.843133,0.051692,-0.031481,0.000000,0.002390
1788515948.906628,0.051731,-0.031166,0.000000,0.002390
1788515948.974188,0.052128,-0.030512,0.000000,0.002390
1788515949.042272,0.051457,-0.030358,0.000000,0.002390
1788515949.110173,0.050773,-0.030412,0.000000,0.002390
1788515949.177352,0.050638,-0.030143,0.000000,0.002142
1788515949.240646,0.050948,-0.030183,0.000000,0.001884
1788515949.308323,0.050724,-0.030315,0.000000,0.002095
1788515949.376441,0.050893,-0.029876,0.000000,0.001544
1788515949.439338,0.050778,-0.030498,0.000000,0.002378
1788515949.507171,0.050649,-0.030479,0.000000,0.001989
1788515949.575422,0.050598,-0.030057,0.000000,0.001896
1788515949.642467,0.050895,-0.030533,0.000000,0.002283
1788515949.706167,0.050763,-0.030463,0.000000,0.001639
1788515949.773696,0.050735,-0.030460,0.000000,0.001634
1788515949.841915,0.050647,-0.030841,0.000000,0.001615
1788515949.905165,0.050924,-0.030828,0.000000,0.001415
1788515949.973332,0.050508,-0.031717,0.000000,0.002346
1788515950.040744,0.050475,-0.031130,0.000000,0.002144
1788515950.108762,0.050621,-0.031032,0.000000,0.001723
1788515950.171064,0.050893,-0.031120,0.000000,0.001131
1788515950.238868,0.050352,-0.031099,0.000000,0.001940
1788515950.306307,0.050245,-0.031291,0.000000,0.001946
1788515950.374147,0.048975,-0.031573,0.000000,0.001946
1788515950.440030,0.049454,-0.031788,0.000000,0.001946
1788515950.505230,0.049738,-0.030802,0.000000,0.001946
1788515950.572878,0.049311,-0.030955,0.000000,0.001946
1788515950.641502,0.049911,-0.030835,0.000000,0.001946
1788515950.708917,0.049543,-0.030470,0.000000,0.001946
1788515950.771559,0.049324,-0.030406,0.000000,0.001946
1788515950.839180,0.049565,-0.030473,0.000000,0.002123
1788515950.907074,0.049514,-0.030230,0.000000,0.001756
1788515950.974749,0.049430,-0.030282,0.000000,0.002183
1788515951.038043,0.049202,-0.030917,0.000000,0.002211
1788515951.105599,0.049533,-0.029861,0.000000,0.001491
1788515951.173699,0.049441,-0.030204,0.000000,0.002300
1788515951.240945,0.049466,-0.030375,0.000000,0.002202
1788515951.304528,0.049353,-0.030501,0.000000,0.002009
1788515951.371874,0.049505,-0.030777,0.000000,0.001846
1788515951.439576,0.049772,-0.030318,0.000000,0.001419
1788515951.503060,0.049635,-0.030311,0.000000,0.001647
1788515951.570812,0.049856,-0.030103,0.000000,0.001647
1788515951.638500,0.050111,-0.030328,0.000000,0.001647
1788515951.705982,0.050228,-0.029397,0.000000,0.001647
1788515951.769592,0.050086,-0.029863,0.000000,0.001647
1788515951.837070,0.050344,-0.029842,0.000000,0.001647
1788515951.904788,0.050296,-0.029465,0.000000,0.001647
1788515951.969280,0.050990,-0.029170,0.000000,0.001647
1788515952.035846,0.050463,-0.029543,0.000000,0.001647
1788515952.103630,0.050408,-0.030510,0.000000,0.001647
1788515952.171054,0.050618,-0.029391,0.000000,0.000658
1788515952.234560,0.050821,-0.029273,0.000000,0.000658
1788515952.302192,0.050920,-0.029174,0.000000,0.000658
1788515952.370093,0.050854,-0.029359,0.000000,0.000658
1788515952.437950,0.050791,-0.029459,0.000000,0.000658
1788515952.505508,0.050513,-0.030089,0.000000,0.000658
1788515952.568951,0.050679,-0.029670,0.000000,0.002408
1788515952.636572,0.050587,-0.030362,0.000000,0.002376
1788515952.704058,0.050683,-0.030281,0.000000,0.001980
1788515952.771857,0.050222,-0.031023,0.000000,0.002069
1788515952.835742,0.050227,-0.030857,0.000000,0.002018
1788515952.902667,0.050592,-0.030832,0.000000,0.002018
1788515952.970361,0.050754,-0.030636,0.000000,0.002018
1788515953.037959,0.050049,-0.030744,0.000000,0.002018
1788515953.101501,0.050128,-0.030667,0.000000,0.002018
1788515953.169127,0.050270,-0.030983,0.000000,0.001864
1788515953.240203,0.050033,-0.030346,0.000000,0.002092
1788515953.301031,0.050140,-0.031086,0.000000,0.002466
1788515953.368486,0.050288,-0.030684,0.000000,0.001878
1788515953.436125,0.050207,-0.030417,0.000000,0.001878
1788515953.503267,0.050037,-0.030532,0.000000,0.001878
1788515953.568908,0.050397,-0.030359,0.000000,0.001878
1788515953.634318,0.050331,-0.030280,0.000000,0.001878
1788515953.704403,0.050105,-0.030232,0.000000,0.001878
1788515953.765419,0.050416,-0.031095,0.000000,0.001878
1788515953.833078,0.050277,-0.030839,0.000000,0.001888
1788515953.901192,0.050207,-0.031295,0.000000,0.002429
1788515953.968524,0.050200,-0.030848,0.000000,0.002429
1788515954.031920,0.050487,-0.030871,0.000000,0.002081
1788515954.102389,0.050123,-0.030834,0.000000,0.002081
1788515954.167164,0.049789,-0.031569,0.000000,0.002081
1788515954.234863,0.050207,-0.030722,0.000000,0.002081
1788515954.302574,0.050141,-0.030451,0.000000,0.002081
1788515954.365965,0.050278,-0.030402,0.000000,0.002081
1788515954.433810,0.050507,-0.030026,0.000000,0.002081
1788515954.501255,0.050775,-0.029994,0.000000,0.002081
1788515954.568842,0.050444,-0.030809,0.000000,0.002131
1788515954.632662,0.051101,-0.030414,0.000000,0.001852
1788515954.699954,0.050698,-0.030594,0.000000,0.001852
1788515954.767611,0.050810,-0.029917,0.000000,0.001852
1788515954.835439,0.050921,-0.030463,0.000000,0.001852
1788515954.898960,0.051414,-0.029957,0.000000,0.001852
1788515954.966783,0.051116,-0.029805,0.000000,0.001852
1788515955.036320,0.051300,-0.030163,0.000000,0.001852
1788515955.097779,0.051224,-0.029979,0.000000,0.001852
1788515955.165238,0.051393,-0.030012,0.000000,0.002372
1788515955.232818,0.051553,-0.030395,0.000000,0.002310
1788515955.296506,0.051223,-0.029935,0.000000,0.001603
1788515955.365061,0.051540,-0.029653,0.000000,0.001603
1788515955.432009,0.051510,-0.029809,0.000000,0.002314
1788515955.499324,0.051513,-0.029891,0.000000,0.001945
1788515955.566780,0.051794,-0.029940,0.000000,0.001945
1788515955.631695,0.052185,-0.029826,0.000000,0.001223
1788515955.699164,0.051648,-0.029895,0.000000,0.001410
1788515955.772145,0.051640,-0.029974,0.000000,0.001410
1788515955.829096,0.051714,-0.029713,0.000000,0.001181
1788515955.898224,0.051889,-0.029263,0.000000,0.001628
1788515955.964604,0.051749,-0.029338,0.000000,0.002244
1788515956.033196,0.051797,-0.029248,0.000000,0.001862
1788515956.100125,0.051730,-0.029383,0.000000,0.001687
1788515956.163102,0.052191,-0.029475,0.000000,0.001466
1788515956.233653,0.052512,-0.029521,0.000000,0.002071
1788515956.299436,0.052192,-0.029352,0.000000,0.002071
1788515956.366164,0.052377,-0.030741,0.000000,0.001971
1788515956.429765,0.052577,-0.030190,0.000000,0.001872
1788515956.499033,0.053236,-0.030138,0.000000,0.001872
1788515956.565517,0.052938,-0.030022,0.000000,0.001610
1788515956.633207,0.052954,-0.029778,0.000000,0.001416
1788515956.696099,0.053123,-0.029869,0.000000,0.001416
1788515956.763856,0.053065,-0.029523,0.000000,0.001770
1788515956.831485,0.052454,-0.030319,0.000000,0.002131
1788515956.899016,0.052801,-0.030198,0.000000,0.002131
1788515956.963952,0.052816,-0.030344,0.000000,0.002164
1788515957.030522,0.053174,-0.029912,0.000000,0.001552
1788515957.097811,0.052710,-0.029606,0.000000,0.001552
1788515957.165588,0.053292,-0.030652,0.000000,0.001372
1788515957.228926,0.052930,-0.029997,0.000000,0.001519
1788515957.296618,0.053208,-0.029701,0.000000,0.001519
1788515957.365866,0.053147,-0.028925,0.000000,0.001543
1788515957.427624,0.052916,-0.029463,0.000000,0.002147
1788515957.495208,0.053071,-0.029112,0.000000,0.002147
1788515957.562929,0.052998,-0.029163,0.000000,0.001536
1788515957.630690,0.053284,-0.028756,0.000000,0.001594
1788515957.694783,0.053171,-0.028650,0.000000,0.001594
1788515957.762484,0.052660,-0.029077,0.000000,0.001580
1788515957.829569,0.053035,-0.028584,0.000000,0.002046
1788515957.898482,0.051984,-0.028981,0.000000,0.002046
1788515957.960684,0.052371,-0.028644,0.000000,0.002285
1788515958.028156,0.052556,-0.028375,0.000000,0.002285
1788515958.095682,0.053021,-0.028586,0.000000,0.002285
1788515958.163500,0.052834,-0.028775,0.000000,0.002285
1788515958.226834,0.052983,-0.029564,0.000000,0.002304
1788515958.294781,0.053019,-0.029050,0.000000,0.002304
1788515958.362463,0.053359,-0.029595,0.000000,0.002189
1788515958.430351,0.052614,-0.029527,0.000000,0.001942
1788515958.493531,0.052843,-0.029532,0.000000,0.001942
1788515958.561928,0.053488,-0.028994,0.000000,0.001970
1788515958.629033,0.053143,-0.029071,0.000000,0.001602
1788515958.696516,0.053046,-0.029487,0.000000,0.001602
1788515958.763943,0.052763,-0.029760,0.000000,0.001602
1788515958.827621,0.053498,-0.029295,0.000000,0.001602
1788515958.895175,0.053951,-0.029624,0.000000,0.001602
1788515958.964267,0.053847,-0.029613,0.000000,0.001602
1788515959.030301,0.054505,-0.029178,0.000000,0.001602
1788515959.093703,0.054414,-0.029432,0.000000,0.001602
1788515959.161911,0.054242,-0.028965,0.000000,0.001602
1788515959.229186,0.054029,-0.029172,0.000000,0.002167
1788515959.296793,0.053935,-0.029266,0.000000,0.002167
1788515959.360366,0.053607,-0.029269,0.000000,0.001812
1788515959.428303,0.053893,-0.029654,0.000000,0.002079
1788515959.496390,0.053826,-0.029294,0.000000,0.002079
1788515959.559016,0.053703,-0.029224,0.000000,0.001448
1788515959.626698,0.053992,-0.028908,0.000000,0.001680
1788515959.694331,0.053811,-0.029311,0.000000,0.002013
1788515959.762008,0.053683,-0.029516,0.000000,0.001993
1788515959.825418,0.054041,-0.028776,0.000000,0.001695
1788515959.893068,0.054009,-0.029228,0.000000,0.001695
1788515959.963263,0.053842,-0.028830,0.000000,0.001901
1788515960.025027,0.053951,-0.028927,0.000000,0.001992
1788515960.092183,0.053917,-0.028996,0.000000,0.001664
1788515960.159708,0.053824,-0.029027,0.000000,0.002061
1788515960.227549,0.053260,-0.028531,0.000000,0.001866
1788515960.290604,0.053780,-0.028565,0.000000,0.001377
1788515960.358139,0.053612,-0.028429,0.000000,0.002150
1788515960.425829,0.053939,-0.028269,0.000000,0.001577
1788515960.493813,0.054225,-0.028314,0.000000,0.002407
1788515960.561242,0.053929,-0.028919,0.000000,0.001944
1788515960.626406,0.054162,-0.028845,0.000000,0.001982
1788515960.692244,0.054290,-0.028710,0.000000,0.001301
1788515960.759937,0.053502,-0.029160,0.000000,0.002539
1788515960.827746,0.053315,-0.028774,0.000000,0.001628
1788515960.891057,0.053207,-0.028923,0.000000,0.002675
1788515960.958665,0.052747,-0.028611,0.000000,0.002019
1788515961.026321,0.053131,-0.029237,0.000000,0.001907
1788515961.094174,0.052950,-0.029382,0.000000,0.001907
1788515961.157773,0.052466,-0.028723,0.000000,0.001907
1788515961.225636,0.052116,-0.028160,0.000000,0.001058
1788515961.293266,0.052347,-0.028817,0.000000,0.002049
1788515961.356324,0.052413,-0.028867,0.000000,0.001662
1788515961.424025,0.052608,-0.029089,0.000000,0.001662
1788515961.491763,0.052168,-0.028968,0.000000,0.001662
1788515961.564882,0.052136,-0.029028,0.000000,0.001628
1788515961.627502,0.052009,-0.028768,0.000000,0.001928
1788515961.696179,0.052068,-0.028758,0.000000,0.001714
1788515961.759858,0.051922,-0.028652,0.000000,0.001838
1788515961.821963,0.052201,-0.028964,0.000000,0.001579
1788515961.889363,0.052091,-0.028951,0.000000,0.001380
1788515961.956686,0.052437,-0.028794,0.000000,0.001345
1788515962.024478,0.052410,-0.029000,0.000000,0.001477
1788515962.092130,0.052094,-0.029935,0.000000,0.002243
1788515962.156124,0.052388,-0.029218,0.000000,0.001567
1788515962.223016,0.052659,-0.029211,0.000000,0.001297
1788515962.291137,0.052471,-0.028909,0.000000,0.001746
1788515962.359091,0.052520,-0.028889,0.000000,0.002297
1788515962.421742,0.052288,-0.028762,0.000000,0.002737
1788515962.489585,0.052388,-0.028626,0.000000,0.002737
1788515962.557240,0.052372,-0.028369,0.000000,0.002737
1788515962.624861,0.052386,-0.029125,0.000000,0.002737
1788515962.688261,0.052005,-0.028605,0.000000,0.002737
1788515962.756171,0.052103,-0.028327,0.000000,0.002737
1788515962.823610,0.052820,-0.028167,0.000000,0.001999
1788515962.886954,0.052510,-0.028724,0.000000,0.002015
1788515962.954824,0.052474,-0.028175,0.000000,0.001855
1788515963.022259,0.052245,-0.029095,0.000000,0.001696
1788515963.090216,0.052550,-0.028953,0.000000,0.002486
1788515963.153755,0.053047,-0.028644,0.000000,0.001379
1788515963.220953,0.053464,-0.028465,0.000000,0.001379
1788515963.288733,0.053156,-0.028148,0.000000,0.001379
1788515963.352651,0.053772,-0.027814,0.000000,0.001379
1788515963.420089,0.054257,-0.027845,0.000000,0.001379
1788515963.487462,0.053820,-0.028578,0.000000,0.002153
1788515963.555231,0.053928,-0.028244,0.000000,0.001579
1788515963.618642,0.053850,-0.028815,0.000000,0.001757
1788515963.686493,0.054098,-0.028760,0.000000,0.002075
1788515963.753960,0.053330,-0.028973,0.000000,0.002044
1788515963.821677,0.053248,-0.028747,0.000000,0.002104
1788515963.884960,0.053670,-0.028953,0.000000,0.002317
1788515963.952596,0.053528,-0.029107,0.000000,0.002286
1788515964.020497,0.054495,-0.028953,0.000000,0.002480
1788515964.088159,0.054420,-0.029012,0.000000,0.001943
1788515964.156109,0.053977,-0.028650,0.000000,0.001557
1788515964.219201,0.054209,-0.028416,0.000000,0.001616
1788515964.293160,0.054527,-0.028347,0.000000,0.001852
1788515964.354506,0.054371,-0.028632,0.000000,0.001810
1788515964.418034,0.054568,-0.027762,0.000000,0.001810
1788515964.485439,0.053969,-0.028179,0.000000,0.001887
1788515964.553109,0.053423,-0.027465,0.000000,0.001531
1788515964.620991,0.054268,-0.027812,0.000000,0.001771
1788515964.684562,0.054356,-0.027903,0.000000,0.001771
1788515964.752150,0.054500,-0.027437,0.000000,0.001771
1788515964.819605,0.054313,-0.027967,0.000000,0.001771
1788515964.887112,0.053895,-0.027715,0.000000,0.001771
1788515964.950633,0.054181,-0.027551,0.000000,0.001771
1788515965.018626,0.054384,-0.027674,0.000000,0.001771
1788515965.085970,0.054386,-0.027265,0.000000,0.001771
1788515965.149514,0.054248,-0.027448,0.000000,0.001771
1788515965.217240,0.054149,-0.027858,0.000000,0.002402
1788515965.284665,0.053941,-0.027914,0.000000,0.001815
1788515965.353677,0.054072,-0.027851,0.000000,0.002070
1788515965.421396,0.053892,-0.026857,0.000000,0.001747
1788515965.483650,0.054514,-0.026968,0.000000,0.001203
1788515965.551121,0.054548,-0.026111,0.000000,0.000523
1788515965.618683,0.054629,-0.025943,0.000000,0.000523
1788515965.686350,0.054344,-0.025597,0.000000,0.000523
1788515965.750237,0.054819,-0.025560,0.000000,0.000523
1788515965.817929,0.054253,-0.026044,0.000000,0.002299
1788515965.885299,0.053908,-0.026175,0.000000,0.002968
1788515965.952985,0.053865,-0.025985,0.000000,0.002761
1788515966.016531,0.054119,-0.025838,0.000000,0.003033
1788515966.084267,0.053690,-0.026276,0.000000,0.003471
1788515966.151581,0.053954,-0.026345,0.000000,0.003126
1788515966.219616,0.054123,-0.026218,0.000000,0.003126
1788515966.283002,0.055812,-0.025019,0.000000,0.001988
1788515966.350581,0.060309,-0.022729,0.000000,-0.000214
1788515966.418189,0.066728,-0.019811,0.000000,-0.002403
1788515966.485794,0.076201,-0.016200,0.000000,-0.004649
1788515966.549556,0.088147,-0.008598,0.000000,-0.009587
1788515966.617249,0.103518,0.000840,0.000000,-0.017696
1788515966.685174,0.122643,0.010315,0.000000,-0.024906
1788515966.752003,0.142503,0.018118,0.000000,-0.031749
1788515966.819876,0.165276,0.025005,0.000000,-0.037128
1788515966.887638,0.185641,0.031625,0.000000,-0.042183
1788515966.952007,0.204886,0.040382,0.000000,-0.048354
1788515967.020357,0.223021,0.044916,0.000000,-0.053633
1788515967.086848,0.239722,0.049583,0.000000,-0.059995
1788515967.153960,0.252188,0.052670,0.000000,-0.059995
1788515967.221586,0.264943,0.055734,0.000000,-0.066001
1788515967.289304,0.273632,0.057135,0.000000,-0.065910
1788515967.356805,0.280161,0.058041,0.000000,-0.065910
1788515967.424755,0.287517,0.058899,0.000000,-0.063135
1788515967.489327,0.290320,0.060002,0.000000,-0.061687
1788515967.556699,0.292412,0.061029,0.000000,-0.061687
1788515967.623545,0.294287,0.062377,0.000000,-0.057390
1788515967.691396,0.296122,0.063770,0.000000,-0.054642
1788515967.758600,0.297166,0.064996,0.000000,-0.054642
1788515967.828947,0.298961,0.067980,0.000000,-0.049115
1788515967.894342,0.300401,0.070943,0.000000,-0.046655
1788515967.957413,0.302615,0.074092,0.000000,-0.046655
1788515968.025005,0.304786,0.078341,0.000000,-0.046154
1788515968.092575,0.308424,0.081338,0.000000,-0.047011
1788515968.160508,0.310551,0.083895,0.000000,-0.047011
1788515968.228008,0.313147,0.087482,0.000000,-0.047577
1788515968.297294,0.315075,0.089392,0.000000,-0.048618
1788515968.364025,0.317298,0.092013,0.000000,-0.048618
1788515968.427499,0.319240,0.094721,0.000000,-0.052747
1788515968.494387,0.320266,0.096690,0.000000,-0.053695
1788515968.561877,0.321632,0.097796,0.000000,-0.053695
1788515968.629696,0.323214,0.099489,0.000000,-0.052195
1788515968.697387,0.324941,0.100948,0.000000,-0.048806
1788515968.760654,0.325693,0.101415,0.000000,-0.048806
1788515968.828439,0.327383,0.102751,0.000000,-0.042225
1788515968.896252,0.328844,0.103466,0.000000,-0.039261
1788515968.963628,0.329439,0.103089,0.000000,-0.039261
1788515969.031367,0.330804,0.103206,0.000000,-0.029305
1788515969.099134,0.331037,0.101477,0.000000,-0.022160
1788515969.162712,0.331711,0.101732,0.000000,-0.022160
1788515969.230039,0.331783,0.101033,0.000000,-0.020806
1788515969.298548,0.331976,0.101591,0.000000,-0.022942
1788515969.365472,0.331571,0.101415,0.000000,-0.022942
1788515969.430014,0.330562,0.103191,0.000000,-0.027047
1788515969.497205,0.329173,0.106373,0.000000,-0.033792
1788515969.565111,0.326408,0.107635,0.000000,-0.033792
1788515969.632155,0.323532,0.106999,0.000000,-0.032304
1788515969.695397,0.318431,0.107186,0.000000,-0.029172
1788515969.764224,0.314959,0.109127,0.000000,-0.029172
1788515969.830487,0.310416,0.113475,0.000000,-0.029578
1788515969.898517,0.306073,0.116344,0.000000,-0.027864
1788515969.962761,0.302079,0.117758,0.000000,-0.027864
1788515970.030731,0.295668,0.118731,0.000000,-0.028914
1788515970.097043,0.292104,0.120412,0.000000,-0.028914
1788515970.164812,0.287502,0.122095,0.000000,-0.032434
1788515970.228622,0.281127,0.122591,0.000000,-0.043062
1788515970.295878,0.276627,0.122853,0.000000,-0.043062
1788515970.363485,0.270025,0.120659,0.000000,-0.049386
1788515970.431327,0.266375,0.120193,0.000000,-0.055381
1788515970.495330,0.263270,0.119964,0.000000,-0.055381
1788515970.562743,0.259986,0.118135,0.000000,-0.059159
1788515970.630301,0.255899,0.117093,0.000000,-0.064040
1788515970.694204,0.254617,0.116456,0.000000,-0.064040
1788515970.761793,0.254169,0.115237,0.000000,-0.065485
1788515970.829005,0.252363,0.115295,0.000000,-0.068740
1788515970.896711,0.252620,0.113421,0.000000,-0.068740
1788515970.959825,0.252785,0.113622,0.000000,-0.072904
1788515971.028023,0.254197,0.112017,0.000000,-0.073013
1788515971.096030,0.255714,0.109659,0.000000,-0.073013
1788515971.162770,0.258620,0.105754,0.000000,-0.070485
1788515971.226316,0.259777,0.100608,0.000000,-0.070727
1788515971.294000,0.262930,0.096596,0.000000,-0.072237
1788515971.361826,0.264266,0.092176,0.000000,-0.072237
1788515971.430666,0.265919,0.089563,0.000000,-0.070914
1788515971.493691,0.269375,0.086467,0.000000,-0.070914
1788515971.560571,0.274071,0.083410,0.000000,-0.067748
1788515971.627771,0.282678,0.083966,0.000000,-0.071161
1788515971.696110,0.287133,0.081967,0.000000,-0.071161
1788515971.759512,0.293658,0.078722,0.000000,-0.066196
1788515971.827145,0.302194,0.076181,0.000000,-0.064817
1788515971.894914,0.307816,0.075989,0.000000,-0.064817
1788515971.961952,0.315187,0.076382,0.000000,-0.066757
1788515972.026257,0.322189,0.075610,0.000000,-0.066757
1788515972.093029,0.328664,0.074976,0.000000,-0.066757
1788515972.161131,0.336052,0.073267,0.000000,-0.066757
1788515972.228584,0.342739,0.071272,0.000000,-0.066757
1788515972.296067,0.349573,0.071181,0.000000,-0.066757
1788515972.360126,0.355182,0.068258,0.000000,-0.066757
1788515972.427143,0.360605,0.067811,0.000000,-0.066757
1788515972.494712,0.366432,0.065760,0.000000,-0.066757
1788515972.562363,0.381582,0.059057,0.000000,-0.056650
1788515972.630443,0.388737,0.060310,0.000000,-0.060327
1788515972.693408,0.393829,0.058461,0.000000,-0.060327
1788515972.763422,0.401240,0.060008,0.000000,-0.062035
1788515972.828926,0.406064,0.058631,0.000000,-0.058478
1788515972.896530,0.410682,0.058161,0.000000,-0.058478
1788515972.960645,0.412864,0.058247,0.000000,-0.058478
1788515973.028546,0.414936,0.058579,0.000000,-0.058478
1788515973.095344,0.415783,0.057479,0.000000,-0.058478
1788515973.162832,0.416429,0.057119,0.000000,-0.058478
1788515973.226316,0.418473,0.055748,0.000000,-0.053497
1788515973.294103,0.417336,0.054500,0.000000,-0.053497
1788515973.361647,0.415396,0.053576,0.000000,-0.053497
1788515973.429384,0.412781,0.051217,0.000000,-0.053497
1788515973.497780,0.409697,0.050148,0.000000,-0.053497
1788515973.561797,0.404562,0.051539,0.000000,-0.036258
1788515973.629618,0.398297,0.039194,0.000000,-0.006406
1788515973.695784,0.394886,0.035457,0.000000,-0.006406
1788515973.759231,0.393437,0.025181,0.000000,0.002418
1788515973.827428,0.386775,0.015103,0.000000,0.002876
1788515973.894545,0.377033,0.005168,0.000000,-0.001795
1788515973.962382,0.372917,0.000810,0.000000,-0.014186
1788515974.025936,0.372452,0.002139,0.000000,-0.036151
1788515974.093505,0.363227,0.007715,0.000000,-0.052210
1788515974.161218,0.355564,0.012872,0.000000,-0.063618
1788515974.224519,0.348255,0.020911,0.000000,-0.067873
1788515974.292167,0.343999,0.030516,0.000000,-0.067904
1788515974.359604,0.341111,0.037717,0.000000,-0.067904
1788515974.423750,0.338908,0.045562,0.000000,-0.067904
1788515974.492136,0.336655,0.052642,0.000000,-0.067904
1788515974.560608,0.334570,0.058427,0.000000,-0.067904
1788515974.626410,0.333785,0.061906,0.000000,-0.067904
1788515974.689376,0.334317,0.064943,0.000000,-0.067904
1788515974.757049,0.334761,0.066087,0.000000,-0.067904
1788515974.824886,0.335674,0.065732,0.000000,-0.067904
1788515974.892566,0.340661,0.065350,0.000000,-0.011238
1788515974.955800,0.341952,0.059291,0.000000,-0.013367
1788515975.023533,0.342117,0.054549,0.000000,-0.019939
1788515975.091312,0.339961,0.046023,0.000000,-0.021109
1788515975.158852,0.339274,0.036087,0.000000,-0.022369
1788515975.222276,0.337993,0.024738,0.000000,-0.024530
1788515975.289922,0.335740,0.014314,0.000000,-0.028661
1788515975.359155,0.333683,0.006093,0.000000,-0.033020
1788515975.425207,0.332292,-0.002434,0.000000,-0.033020
1788515975.492753,0.330887,-0.012147,0.000000,-0.033020
1788515975.556304,0.328251,-0.019529,0.000000,-0.041295
1788515975.624069,0.325597,-0.027805,0.000000,-0.040259
1788515975.691813,0.321224,-0.038877,0.000000,-0.030645
1788515975.754920,0.319678,-0.044996,0.000000,-0.028971
1788515975.824111,0.318595,-0.051732,0.000000,-0.023822
1788515975.890684,0.318459,-0.062926,0.000000,-0.014929
1788515975.958224,0.316708,-0.070921,0.000000,-0.013502
1788515976.021475,0.314617,-0.074686,0.000000,-0.018266
1788515976.089881,0.310871,-0.074980,0.000000,-0.027961
1788515976.157212,0.305646,-0.078194,0.000000,-0.028435
1788515976.224575,0.301626,-0.085191,0.000000,-0.024733
1788515976.287881,0.299229,-0.086916,0.000000,-0.029962
1788515976.355991,0.296181,-0.085097,0.000000,-0.039854
1788515976.423356,0.293988,-0.083857,0.000000,-0.046947
1788515976.491720,0.290763,-0.079734,0.000000,-0.055985
1788515976.554316,0.286828,-0.073864,0.000000,-0.064198
1788515976.622464,0.282075,-0.066052,0.000000,-0.072315
1788515976.689630,0.277627,-0.059265,0.000000,-0.077659
1788515976.757267,0.272423,-0.050267,0.000000,-0.083187
1788515976.822997,0.269193,-0.040913,0.000000,-0.088340
1788515976.888451,0.268401,-0.032865,0.000000,-0.085940
1788515976.956715,0.271524,-0.026750,0.000000,-0.081852
1788515977.023769,0.279286,-0.015047,0.000000,-0.086523
1788515977.088688,0.277942,-0.004993,0.000000,-0.079918
1788515977.154731,0.277735,0.006671,0.000000,-0.073557
1788515977.222493,0.277704,0.018372,0.000000,-0.063781
1788515977.286009,0.277983,0.028870,0.000000,-0.053711
1788515977.353574,0.278328,0.041976,0.000000,-0.049412
1788515977.421313,0.275561,0.049977,0.000000,-0.033837
1788515977.488924,0.265543,0.060331,0.000000,-0.026459
1788515977.552356,0.261983,0.070256,0.000000,-0.019440
1788515977.620419,0.258827,0.078484,0.000000,-0.019440
1788515977.688247,0.255813,0.086400,0.000000,-0.019440
1788515977.755774,0.250589,0.093637,0.000000,-0.019440
1788515977.819071,0.247439,0.098696,0.000000,0.003320
1788515977.886427,0.239559,0.109620,0.000000,-0.001060
1788515977.954218,0.231396,0.123270,0.000000,-0.007637
1788515978.021726,0.227295,0.132122,0.000000,-0.007637
1788515978.089582,0.223963,0.142550,0.000000,-0.007637
1788515978.152897,0.221927,0.155216,0.000000,-0.007637
1788515978.220449,0.221578,0.169326,0.000000,-0.007637
1788515978.288813,0.221221,0.184416,0.000000,-0.007637
1788515978.355878,0.224015,0.199884,0.000000,-0.007637
1788515978.425085,0.226219,0.216597,0.000000,-0.007637
1788515978.487139,0.234827,0.264347,0.000000,-0.020315
1788515978.554579,0.242213,0.284744,0.000000,-0.018468
1788515978.622214,0.252879,0.301718,0.000000,-0.011355
1788515978.686094,0.260637,0.315129,0.000000,-0.002660
1788515978.753342,0.269264,0.329115,0.000000,0.001595
1788515978.821133,0.275543,0.339088,0.000000,0.008881
1788515978.888728,0.278005,0.343527,0.000000,0.020617
1788515978.952250,0.285019,0.346267,0.000000,0.020617
1788515979.020924,0.290748,0.346770,0.000000,0.020617
1788515979.087591,0.296638,0.344971,0.000000,0.020617
1788515979.155799,0.301530,0.341667,0.000000,0.020617
1788515979.219057,0.310323,0.321809,0.000000,0.035246
1788515979.286209,0.313437,0.312694,0.000000,0.035297
1788515979.354583,0.316283,0.299250,0.000000,0.039597
1788515979.417727,0.321422,0.288374,0.000000,0.036994
1788515979.485634,0.327201,0.277876,0.000000,0.032471
1788515979.553426,0.335728,0.268589,0.000000,0.021463
1788515979.620605,0.341309,0.255354,0.000000,0.020608
1788515979.683868,0.345606,0.241711,0.000000,0.020118
1788515979.751339,0.351153,0.229268,0.000000,0.013998
1788515979.819258,0.360650,0.220458,0.000000,0.000486
1788515979.886629,0.370047,0.209754,0.000000,-0.007331
1788515979.954326,0.380098,0.199756,0.000000,-0.019073
1788515980.022267,0.384295,0.190950,0.000000,-0.019073
1788515980.085638,0.388904,0.181008,0.000000,-0.019073
1788515980.153332,0.392406,0.171268,0.000000,-0.019073
1788515980.221042,0.395510,0.156758,0.000000,-0.016347
1788515980.288532,0.399205,0.143735,0.000000,-0.008438
1788515980.353247,0.399667,0.126196,0.000000,0.004608
1788515980.419438,0.395432,0.109732,0.000000,0.019195
1788515980.487227,0.394373,0.096809,0.000000,0.030881
1788515980.554943,0.392165,0.081710,0.000000,0.041128
1788515980.618459,0.389879,0.069526,0.000000,0.045571
1788515980.685995,0.387905,0.059390,0.000000,0.045537
1788515980.754182,0.386303,0.049765,0.000000,0.045537
1788515980.821430,0.385886,0.041848,0.000000,0.038003
1788515980.884805,0.383473,0.033826,0.000000,0.033426
1788515980.952678,0.382140,0.028338,0.000000,0.033426
1788515981.020311,0.377900,0.017118,0.000000,0.024995
1788515981.088645,0.375911,0.015515,0.000000,0.013761
1788515981.151663,0.373226,0.014736,0.000000,0.003114
1788515981.221496,0.372103,0.016888,0.000000,-0.011394
1788515981.288132,0.369704,0.019552,0.000000,-0.020984
1788515981.354367,0.362919,0.021363,0.000000,-0.023715
1788515981.417669,0.358303,0.027121,0.000000,-0.033400
1788515981.486118,0.352833,0.033055,0.000000,-0.035491
1788515981.552971,0.347340,0.038707,0.000000,-0.035491
1788515981.620665,0.341076,0.054023,0.000000,-0.051727
1788515981.684423,0.331908,0.059674,0.000000,-0.049191
1788515981.752381,0.323459,0.066766,0.000000,-0.049191
1788515981.819581,0.308241,0.076622,0.000000,-0.051734
1788515981.887051,0.297500,0.084425,0.000000,-0.051529
1788515981.951780,0.288671,0.089565,0.000000,-0.051529
1788515982.019229,0.279298,0.094108,0.000000,-0.051529
1788515982.085865,0.269102,0.096842,0.000000,-0.051529
1788515982.153381,0.261183,0.098971,0.000000,-0.051529
1788515982.217144,0.245439,0.103818,0.000000,-0.024890
1788515982.285531,0.235615,0.103166,0.000000,-0.015651
1788515982.352304,0.228209,0.102022,0.000000,-0.015651
1788515982.419962,0.219789,0.099583,0.000000,-0.005548
1788515982.484130,0.213096,0.099494,0.000000,-0.005094
1788515982.551597,0.208438,0.095241,0.000000,-0.005094
1788515982.619791,0.201647,0.077843,0.000000,0.005469
1788515982.687611,0.196115,0.066553,0.000000,-0.001419
1788515982.750348,0.192769,0.059446,0.000000,-0.001419
1788515982.817788,0.188779,0.052871,0.000000,-0.001419
1788515982.885113,0.185433,0.045372,0.000000,-0.001419
1788515982.949005,0.182581,0.039048,0.000000,-0.001419
1788515983.016350,0.179902,0.032573,0.000000,-0.001419
1788515983.084022,0.178704,0.027661,0.000000,-0.001419
1788515983.151517,0.177435,0.022838,0.000000,-0.001419
1788515983.215207,0.168823,0.017169,0.000000,-0.127527
1788515983.282603,0.168210,0.018911,0.000000,-0.139446
1788515983.350299,0.169211,0.019355,0.000000,-0.139446
1788515983.417810,0.169299,0.025544,0.000000,-0.145035
1788515983.486478,0.174061,0.029726,0.000000,-0.137006
1788515983.549441,0.179046,0.035493,0.000000,-0.137006
1788515983.616852,0.186050,0.045195,0.000000,-0.118812
1788515983.685042,0.196672,0.056519,0.000000,-0.109328
1788515983.747568,0.202596,0.066249,0.000000,-0.109328
1788515983.815225,0.213453,0.081079,0.000000,-0.086453
1788515983.883072,0.223842,0.091390,0.000000,-0.071891
1788515983.950715,0.233514,0.102018,0.000000,-0.071891
1788515984.014911,0.243792,0.112797,0.000000,-0.057568
1788515984.081705,0.254257,0.122443,0.000000,-0.043471
1788515984.149431,0.262888,0.129092,0.000000,-0.030422
1788515984.217309,0.270950,0.134866,0.000000,-0.015505
1788515984.286346,0.277138,0.139647,0.000000,-0.012560
1788515984.349205,0.282648,0.143430,0.000000,-0.012560
1788515984.416899,0.289799,0.144966,0.000000,-0.015551
1788515984.483491,0.294416,0.147277,0.000000,-0.015551
1788515984.551201,0.299325,0.146304,0.000000,-0.019360
1788515984.618917,0.302517,0.144722,0.000000,-0.024933
1788515984.682350,0.307176,0.141970,0.000000,-0.032582
1788515984.749893,0.310572,0.137367,0.000000,-0.040198
1788515984.817665,0.312536,0.130230,0.000000,-0.052634
1788515984.885942,0.314892,0.125871,0.000000,-0.056882
1788515984.948858,0.316621,0.122188,0.000000,-0.056882
1788515985.017939,0.318793,0.116948,0.000000,-0.066436
1788515985.084062,0.319590,0.110630,0.000000,-0.066436
1788515985.151869,0.321343,0.102589,0.000000,-0.068286
1788515985.215309,0.324190,0.092645,0.000000,-0.065550
1788515985.283068,0.326365,0.084382,0.000000,-0.065550
1788515985.350681,0.330327,0.072728,0.000000,-0.062721
1788515985.414112,0.334898,0.059775,0.000000,-0.059055
1788515985.482175,0.339003,0.045268,0.000000,-0.057088
1788515985.550142,0.342840,0.030244,0.000000,-0.054777
1788515985.616812,0.348140,0.014909,0.000000,-0.053950
1788515985.680433,0.353653,0.002680,0.000000,-0.055647
1788515985.747812,0.359522,-0.010687,0.000000,-0.058325
1788515985.815827,0.368807,-0.021651,0.000000,-0.065113
1788515985.879050,0.375495,-0.034587,0.000000,-0.067704
1788515985.946789,0.382643,-0.045024,0.000000,-0.071825
1788515986.017199,0.390115,-0.056079,0.000000,-0.079333
1788515986.082113,0.396081,-0.062374,0.000000,-0.079333
1788515986.150625,0.402835,-0.069699,0.000000,-0.081649
1788515986.213201,0.409500,-0.073807,0.000000,-0.085025
1788515986.281738,0.413918,-0.077047,0.000000,-0.089879
1788515986.350988,0.419622,-0.079185,0.000000,-0.092711
1788515986.416385,0.426168,-0.080011,0.000000,-0.092595
1788515986.485044,0.429337,-0.080473,0.000000,-0.092595
1788515986.548420,0.433028,-0.079712,0.000000,-0.092434
1788515986.616149,0.436652,-0.077918,0.000000,-0.091006
1788515986.682357,0.440321,-0.075899,0.000000,-0.086618
1788515986.750139,0.442595,-0.075640,0.000000,-0.078259
1788515986.814182,0.445456,-0.074031,0.000000,-0.066753
1788515986.881584,0.446151,-0.073220,0.000000,-0.054765
1788515986.948803,0.447580,-0.072623,0.000000,-0.042467
1788515987.016887,0.446355,-0.072191,0.000000,-0.031373
1788515987.080677,0.445329,-0.073311,0.000000,-0.022653
1788515987.148498,0.441761,-0.073204,0.000000,-0.013966
1788515987.215949,0.438407,-0.072953,0.000000,-0.007547
1788515987.279306,0.434108,-0.071730,0.000000,-0.001924
1788515987.346346,0.431883,-0.071421,0.000000,0.003862
1788515987.414917,0.430392,-0.070348,0.000000,0.008241
1788515987.481517,0.430079,-0.066511,0.000000,0.011671
1788515987.546507,0.431532,-0.062093,0.000000,0.013820
1788515987.613847,0.431939,-0.056973,0.000000,0.017597
1788515987.680428,0.434055,-0.049980,0.000000,0.020418
1788515987.743642,0.438463,-0.043747,0.000000,0.021190
1788515987.811330,0.442954,-0.034208,0.000000,0.019918
1788515987.879454,0.448222,-0.024533,0.000000,0.018697
1788515987.946642,0.454030,-0.014223,0.000000,0.012429
1788515988.010256,0.459899,-0.002563,0.000000,0.007991
1788515988.077753,0.465640,0.009961,0.000000,0.001250
1788515988.145664,0.470827,0.021108,0.000000,-0.003411
1788515988.213119,0.475363,0.033835,0.000000,-0.008729
1788515988.280729,0.476670,0.045846,0.000000,-0.012586
1788515988.344133,0.476887,0.057899,0.000000,-0.017402
1788515988.411727,0.474705,0.068434,0.000000,-0.025275
1788515988.479521,0.469056,0.077279,0.000000,-0.029696
1788515988.547295,0.462409,0.085680,0.000000,-0.032156
1788515988.610815,0.455186,0.094181,0.000000,-0.034800
1788515988.678087,0.446594,0.100600,0.000000,-0.036252
1788515988.746325,0.439033,0.106812,0.000000,-0.039591
1788515988.814490,0.431619,0.112608,0.000000,-0.043343
1788515988.877147,0.422670,0.118735,0.000000,-0.045931
1788515988.944695,0.415353,0.123772,0.000000,-0.046214
1788515989.012316,0.408395,0.126958,0.000000,-0.045383
1788515989.080205,0.402973,0.131381,0.000000,-0.043321
1788515989.143396,0.397770,0.136016,0.000000,-0.041120
1788515989.212151,0.394028,0.139172,0.000000,-0.037082
1788515989.278577,0.391929,0.142531,0.000000,-0.030311
1788515989.346342,0.389768,0.144375,0.000000,-0.023011
1788515989.409688,0.388336,0.146482,0.000000,-0.023011
1788515989.477445,0.388510,0.151074,0.000000,-0.008576
1788515989.545030,0.387852,0.152664,0.000000,-0.002939
1788515989.612811,0.385758,0.153098,0.000000,0.001707
1788515989.676140,0.383107,0.153458,0.000000,0.005036
1788515989.743681,0.379406,0.152812,0.000000,0.008966
1788515989.811464,0.375223,0.151681,0.000000,0.011578
1788515989.875003,0.369545,0.149505,0.000000,0.012682
1788515989.942899,0.363266,0.144919,0.000000,0.011782
1788515990.010413,0.357978,0.142042,0.000000,0.008229
1788515990.078011,0.354135,0.138422,0.000000,0.002602
1788515990.141309,0.349876,0.134454,0.000000,-0.002163
1788515990.208987,0.345574,0.130665,0.000000,-0.011036
1788515990.276828,0.343264,0.125298,0.000000,-0.018558
1788515990.344473,0.341365,0.121445,0.000000,-0.026474
1788515990.407780,0.340967,0.118207,0.000000,-0.033112
1788515990.475214,0.341441,0.115883,0.000000,-0.038145
1788515990.542936,0.342741,0.113216,0.000000,-0.040704
1788515990.611402,0.343829,0.111029,0.000000,-0.040704
1788515990.674234,0.347661,0.109084,0.000000,-0.047768
1788515990.741690,0.350076,0.107765,0.000000,-0.047768
1788515990.810555,0.352225,0.106596,0.000000,-0.047768
1788515990.877111,0.354287,0.105857,0.000000,-0.047768
1788515990.944913,0.356112,0.105322,0.000000,-0.047768
1788515991.008302,0.357532,0.104616,0.000000,-0.047768
1788515991.075874,0.358267,0.103470,0.000000,-0.047768
1788515991.143745,0.359820,0.102867,0.000000,-0.047768
1788515991.211557,0.360395,0.101572,0.000000,-0.047768
1788515991.274512,0.365810,0.097764,0.000000,-0.055361
1788515991.343018,0.366677,0.095198,0.000000,-0.055915
1788515991.410058,0.366972,0.091486,0.000000,-0.055915
1788515991.477664,0.367348,0.085137,0.000000,-0.052260
1788515991.542517,0.366380,0.077646,0.000000,-0.049288
1788515991.609304,0.366114,0.071258,0.000000,-0.049288
1788515991.677845,0.363368,0.061804,0.000000,-0.045760
1788515991.744171,0.362059,0.055236,0.000000,-0.042025
1788515991.807601,0.360931,0.048242,0.000000,-0.042025
1788515991.875214,0.360066,0.039665,0.000000,-0.026458
1788515991.942728,0.359324,0.031345,0.000000,-0.016177
1788515992.010414,0.360067,0.026609,0.000000,-0.016177
1788515992.073737,0.360685,0.019727,0.000000,0.000448
1788515992.141730,0.359500,0.013492,0.000000,0.008933
1788515992.209151,0.359685,0.008862,0.000000,0.008933
1788515992.276696,0.359131,0.002432,0.000000,0.013280
1788515992.340266,0.358060,0.000593,0.000000,0.013280
1788515992.407933,0.358807,-0.002295,0.000000,0.013280
1788515992.475444,0.358367,-0.005363,0.000000,0.013280
1788515992.543186,0.357682,-0.008465,0.000000,0.013280
1788515992.606601,0.357142,-0.010234,0.000000,0.013280
1788515992.674553,0.356266,-0.010815,0.000000,0.013280
1788515992.743822,0.355190,-0.012225,0.000000,0.013280
1788515992.805556,0.355621,-0.014401,0.000000,0.013280
1788515992.873221,0.354320,-0.018728,0.000000,-0.000890
1788515992.940761,0.353407,-0.020938,0.000000,-0.001795
1788515993.009134,0.353275,-0.021073,0.000000,-0.001795
1788515993.076064,0.352795,-0.020312,0.000000,-0.005225
1788515993.140807,0.352229,-0.019795,0.000000,-0.005601
1788515993.207283,0.350670,-0.019223,0.000000,-0.005601
1788515993.275038,0.347824,-0.016989,0.000000,-0.006011
1788515993.338175,0.344172,-0.014175,0.000000,-0.005544
1788515993.405957,0.341620,-0.010847,0.000000,-0.005544
1788515993.473749,0.335096,-0.005014,0.000000,0.000278
1788515993.541350,0.328987,0.001186,0.000000,0.004957
1788515993.610759,0.326237,0.004267,0.000000,0.004957
1788515993.673658,0.321164,0.011057,0.000000,0.014541
1788515993.740089,0.318846,0.014712,0.000000,0.014541
1788515993.807884,0.317130,0.018029,0.000000,0.014541
1788515993.875133,0.315801,0.018801,0.000000,0.014541
1788515993.938783,0.315248,0.021164,0.000000,0.014541
1788515994.006419,0.315135,0.023193,0.000000,0.014541
1788515994.074094,0.315821,0.024580,0.000000,0.014541
1788515994.141690,0.319395,0.027561,0.000000,0.014541
1788515994.206488,0.325151,0.033479,0.000000,0.048605
1788515994.273733,0.331727,0.037671,0.000000,0.043132
1788515994.340565,0.338146,0.042348,0.000000,0.034384
1788515994.403958,0.343691,0.048223,0.000000,0.034384
1788515994.471468,0.350870,0.055735,0.000000,0.013057
1788515994.539129,0.356985,0.062877,0.000000,0.000230
1788515994.606863,0.362289,0.069075,0.000000,0.000230
1788515994.670398,0.366150,0.076572,0.000000,0.000230
1788515994.738341,0.370055,0.084089,0.000000,0.000230
1788515994.805470,0.373486,0.092302,0.000000,0.000230
1788515994.869266,0.376575,0.098510,0.000000,0.000230
1788515994.936695,0.379374,0.105618,0.000000,0.000230
1788515995.004577,0.381583,0.110279,0.000000,0.000230
1788515995.072242,0.384903,0.114998,0.000000,0.000230
1788515995.135346,0.385640,0.117613,0.000000,0.000230
1788515995.203238,0.391924,0.129002,0.000000,-0.046080
1788515995.270633,0.392240,0.129227,0.000000,-0.054524
1788515995.338469,0.392210,0.128243,0.000000,-0.054524
1788515995.407159,0.391425,0.127155,0.000000,-0.060635
1788515995.469718,0.390580,0.122887,0.000000,-0.073602
1788515995.537952,0.388882,0.120566,0.000000,-0.073602
1788515995.605437,0.387756,0.116673,0.000000,-0.080732
1788515995.672922,0.387300,0.113092,0.000000,-0.080732
1788515995.740188,0.386870,0.109644,0.000000,-0.080732
1788515995.803720,0.386583,0.105124,0.000000,-0.080732
1788515995.871441,0.386078,0.098890,0.000000,-0.091684
1788515995.938982,0.385786,0.093735,0.000000,-0.091684
1788515996.002434,0.385790,0.089530,0.000000,-0.091684
1788515996.070696,0.386219,0.083891,0.000000,-0.091684
1788515996.137762,0.385378,0.079789,0.000000,-0.091684
1788515996.201868,0.385635,0.075565,0.000000,-0.091684
1788515996.268784,0.385091,0.071269,0.000000,-0.091684
1788515996.337173,0.384131,0.067058,0.000000,-0.091684
1788515996.404484,0.382937,0.063916,0.000000,-0.091684
1788515996.467719,0.380838,0.061709,0.000000,-0.091684
1788515996.535239,0.378147,0.051179,0.000000,-0.114353
1788515996.602983,0.376390,0.050099,0.000000,-0.116133
1788515996.666827,0.373231,0.048435,0.000000,-0.108783
1788515996.735113,0.371975,0.048086,0.000000,-0.108783
1788515996.802247,0.370223,0.049569,0.000000,-0.102560
1788515996.869618,0.368668,0.050589,0.000000,-0.102560
1788515996.933377,0.368312,0.051630,0.000000,-0.102560
1788515997.001023,0.366778,0.053267,0.000000,-0.102560
1788515997.068604,0.365900,0.053966,0.000000,-0.102560
1788515997.136189,0.364852,0.055197,0.000000,-0.102560
1788515997.203437,0.362105,0.059891,0.000000,-0.076902
1788515997.268073,0.360187,0.058369,0.000000,-0.074843
1788515997.334415,0.359332,0.058647,0.000000,-0.074843
1788515997.402155,0.356774,0.057967,0.000000,-0.075719
1788515997.469752,0.354049,0.057880,0.000000,-0.072658
1788515997.537522,0.351903,0.056138,0.000000,-0.072658
1788515997.601627,0.348707,0.053930,0.000000,-0.066392
1788515997.668616,0.344725,0.050977,0.000000,-0.054974
1788515997.736408,0.341169,0.048584,0.000000,-0.054974
1788515997.804142,0.338090,0.044812,0.000000,-0.046372
1788515997.871820,0.332886,0.039067,0.000000,-0.030596
1788515997.939409,0.330298,0.035501,0.000000,-0.030596
1788515998.002710,0.326858,0.031582,0.000000,-0.024787
1788515998.070388,0.323583,0.027070,0.000000,-0.019615
1788515998.140195,0.321369,0.022504,0.000000,-0.019615
1788515998.207490,0.318410,0.015853,0.000000,-0.008287
1788515998.269312,0.316481,0.011558,0.000000,-0.003573
1788515998.337064,0.315572,0.007796,0.000000,-0.003573
1788515998.404645,0.316582,0.005436,0.000000,-0.003573
1788515998.473384,0.317195,0.003791,0.000000,-0.003573
1788515998.540343,0.318299,0.002209,0.000000,-0.003573
1788515998.603205,0.321401,0.002150,0.000000,-0.003573
1788515998.671055,0.325780,0.001806,0.000000,-0.003573
1788515998.738904,0.331079,0.001824,0.000000,-0.003573
1788515998.802347,0.336104,0.001634,0.000000,-0.003573
1788515998.873763,0.344645,0.001627,0.000000,0.002634
1788515998.937286,0.353630,-0.000051,0.000000,0.002515
1788515999.004880,0.364526,-0.001370,0.000000,-0.001723
1788515999.069696,0.376197,-0.002327,0.000000,-0.001723
1788515999.136741,0.388208,-0.004424,0.000000,-0.001723
1788515999.204931,0.401428,-0.006592,0.000000,-0.001723
1788515999.267907,0.417518,-0.009266,0.000000,-0.001723
1788515999.334850,0.435830,-0.012321,0.000000,-0.001723
1788515999.402678,0.455124,-0.015548,0.000000,-0.001723
1788515999.472718,0.475965,-0.018360,0.000000,-0.001723
1788515999.533664,0.521800,-0.028429,0.000000,-0.013125
1788515999.601397,0.546670,-0.031108,0.000000,-0.022145
1788515999.669826,0.571967,-0.035817,0.000000,-0.030766
1788515999.736702,0.595804,-0.039230,0.000000,-0.040668
1788515999.799901,0.619966,-0.043623,0.000000,-0.049187
1788515999.867649,0.644728,-0.046547,0.000000,-0.058064
1788515999.935229,0.667053,-0.048558,0.000000,-0.067572
1788516000.002720,0.686366,-0.050493,0.000000,-0.067572
1788516000.070329,0.705948,-0.051037,0.000000,-0.067572
1788516000.133845,0.725722,-0.051687,0.000000,-0.067572
1788516000.201574,0.760440,-0.050200,0.000000,-0.082789
1788516000.269286,0.785681,-0.050303,0.000000,-0.076750
1788516000.337384,0.811339,-0.049019,0.000000,-0.068956
1788516000.400618,0.837178,-0.048735,0.000000,-0.060382
1788516000.468171,0.864481,-0.047237,0.000000,-0.051502
1788516000.535517,0.892749,-0.044333,0.000000,-0.043645
1788516000.599170,0.922033,-0.041552,0.000000,-0.036701
1788516000.667095,0.953051,-0.037771,0.000000,-0.030181
1788516000.736334,0.985127,-0.034289,0.000000,-0.025485
1788516000.802079,1.017684,-0.031118,0.000000,-0.022724
1788516000.865407,1.050698,-0.028724,0.000000,-0.019866
1788516000.933156,1.079654,-0.026509,0.000000,-0.019866
1788516001.001203,1.109570,-0.025926,0.000000,-0.019866
1788516001.068608,1.138747,-0.026151,0.000000,-0.019866
1788516001.131827,1.168420,-0.026376,0.000000,-0.019866
1788516001.199464,1.224191,-0.030677,0.000000,-0.030646
1788516001.267340,1.259444,-0.032437,0.000000,-0.034665
1788516001.334668,1.293058,-0.033857,0.000000,-0.039294
1788516001.398211,1.326451,-0.036077,0.000000,-0.041971
1788516001.466039,1.358193,-0.036766,0.000000,-0.043567
1788516001.533592,1.390272,-0.037942,0.000000,-0.044400
1788516001.602376,1.422468,-0.037227,0.000000,-0.045789
1788516001.668788,1.451919,-0.035368,0.000000,-0.046112
1788516001.732202,1.483830,-0.032104,0.000000,-0.046016
1788516001.799831,1.515628,-0.028202,0.000000,-0.042520
1788516001.868954,1.547932,-0.024020,0.000000,-0.034782
1788516001.935269,1.581403,-0.019327,0.000000,-0.026646
1788516001.998630,1.617219,-0.014309,0.000000,-0.018867
1788516002.066577,1.654453,-0.009730,0.000000,-0.009179
1788516002.134035,1.693742,-0.006655,0.000000,0.003673
1788516002.201822,1.733673,-0.004181,0.000000,0.018787
1788516002.267991,1.775071,-0.000753,0.000000,0.031418
1788516002.332748,1.818321,0.003159,0.000000,0.045927
1788516002.400345,1.861780,0.006515,0.000000,0.056384
1788516002.467926,1.900207,0.008358,0.000000,0.056384
1788516002.532190,1.947519,0.029633,0.000000,0.017797
1788516002.599136,1.990967,0.031767,0.000000,0.021609
1788516002.666734,2.034932,0.031054,0.000000,0.023598
1788516002.734381,2.076118,0.032640,0.000000,0.018477
1788516002.797751,2.115949,0.033347,0.000000,0.013999
1788516002.865640,2.154954,0.032138,0.000000,0.011058
1788516002.933328,2.191922,0.030992,0.000000,0.005780
1788516002.996650,2.220672,0.030780,0.000000,0.005780
1788516003.064284,2.247037,0.029287,0.000000,0.005780
1788516003.131948,2.272060,0.028147,0.000000,0.005780
1788516003.199906,2.295420,0.026385,0.000000,0.005780
1788516003.263206,2.335393,0.021658,0.000000,-0.036713
1788516003.330795,2.360892,0.020339,0.000000,-0.055410
1788516003.398435,2.382388,0.020366,0.000000,-0.066432
1788516003.466597,2.398264,0.019887,0.000000,-0.066432
1788516003.529414,2.418285,0.020981,0.000000,-0.056435
1788516003.598196,2.434849,0.023368,0.000000,-0.053154
1788516003.664917,2.448040,0.025758,0.000000,-0.053154
1788516003.732786,2.463839,0.030643,0.000000,-0.044018
1788516003.795915,2.477059,0.036416,0.000000,-0.031887
1788516003.863830,2.487014,0.043397,0.000000,-0.031887
1788516003.931955,2.499787,0.055244,0.000000,-0.012055
1788516003.999061,2.509929,0.069308,0.000000,-0.008013
1788516004.062304,2.517081,0.081563,0.000000,-0.008013
1788516004.129936,2.525686,0.100896,0.000000,0.011118
1788516004.197863,2.531835,0.115369,0.000000,0.012532
1788516004.266874,2.536687,0.132137,0.000000,0.009700
1788516004.333816,2.539874,0.143480,0.000000,0.009700
1788516004.397086,2.541835,0.155689,0.000000,0.009700
1788516004.465505,2.543029,0.166089,0.000000,0.009700
1788516004.532584,2.543725,0.173500,0.000000,0.009700
1788516004.600215,2.544016,0.180581,0.000000,0.009700
1788516004.663630,2.543558,0.184948,0.000000,0.009700
1788516004.731034,2.543157,0.187892,0.000000,0.009700
1788516004.799250,2.543035,0.189472,0.000000,0.009700
1788516004.869842,2.541655,0.190520,0.000000,0.009700
1788516004.930371,2.543211,0.195651,0.000000,-0.073926
1788516004.998435,2.543288,0.196417,0.000000,-0.073926
1788516005.068674,2.545010,0.198288,0.000000,-0.073926
1788516005.128823,2.547640,0.202186,0.000000,-0.073926
1788516005.196116,2.550317,0.208341,0.000000,-0.073926
1788516005.263979,2.554546,0.218427,0.000000,-0.073926
1788516005.333282,2.557111,0.231368,0.000000,-0.073926
1788516005.394847,2.558922,0.249200,0.000000,-0.073926
1788516005.464226,2.560337,0.270825,0.000000,-0.073926
1788516005.530027,2.560111,0.293596,0.000000,-0.073926
1788516005.597832,2.568401,0.340244,0.000000,-0.108980
1788516005.661432,2.564337,0.376935,0.000000,-0.114140
1788516005.728832,2.560396,0.424466,0.000000,-0.114593
1788516005.796607,2.554761,0.460796,0.000000,-0.114593
1788516005.864104,2.546916,0.506689,0.000000,-0.114732
1788516005.931777,2.534480,0.561442,0.000000,-0.107002
1788516005.995222,2.528501,0.604459,0.000000,-0.107002
1788516006.063365,2.519384,0.654466,0.000000,-0.107827
1788516006.130641,2.512377,0.713363,0.000000,-0.121210
1788516006.198192,2.507414,0.755955,0.000000,-0.121210
1788516006.266229,2.504143,0.804357,0.000000,-0.120987
1788516006.329421,2.505577,0.857570,0.000000,-0.118106
1788516006.396717,2.507486,0.900161,0.000000,-0.118106
1788516006.464409,2.512409,0.949862,0.000000,-0.135955
1788516006.528533,2.523893,1.005016,0.000000,-0.168605
1788516006.595441,2.532805,1.041684,0.000000,-0.168605
1788516006.663238,2.545997,1.078675,0.000000,-0.165434
1788516006.731054,2.565762,1.119694,0.000000,-0.194662
1788516006.794208,2.576718,1.138578,0.000000,-0.194662
1788516006.862138,2.593561,1.156160,0.000000,-0.192730
1788516006.929852,2.610192,1.165291,0.000000,-0.183394
1788516006.993236,2.620006,1.158035,0.000000,-0.183394
1788516007.061766,2.630942,1.145175,0.000000,-0.162348
1788516007.128343,2.639697,1.129242,0.000000,-0.110054
1788516007.191960,2.643920,1.115588,0.000000,-0.110054
1788516007.259450,2.646284,1.082018,0.000000,-0.079148
1788516007.327149,2.648219,1.037911,0.000000,-0.049245
1788516007.394666,2.647955,1.003274,0.000000,-0.049245
1788516007.460872,2.649614,0.968756,0.000000,-0.049245
1788516007.525862,2.648638,0.935324,0.000000,-0.049245
1788516007.593666,2.648161,0.904391,0.000000,-0.049245
1788516007.663535,2.646660,0.877183,0.000000,-0.049245
1788516007.728799,2.645613,0.852741,0.000000,-0.049245
1788516007.792362,2.643712,0.830366,0.000000,-0.049245
1788516007.859804,2.643214,0.812248,0.000000,-0.049245
1788516007.927831,2.642767,0.797492,0.000000,-0.049245
1788516007.995240,2.634053,0.744333,0.000000,-0.037792
1788516008.062802,2.633077,0.734047,0.000000,-0.043726
1788516008.130317,2.633098,0.724627,0.000000,-0.054317
1788516008.193853,2.632275,0.719982,0.000000,-0.054317
1788516008.261469,2.631406,0.715272,0.000000,-0.062941
1788516008.329177,2.629675,0.710330,0.000000,-0.063357
1788516008.396785,2.629862,0.706940,0.000000,-0.063357
1788516008.460732,2.630498,0.700166,0.000000,-0.054244
1788516008.528596,2.629518,0.694081,0.000000,-0.054244
1788516008.595503,2.628451,0.686050,0.000000,-0.054244
1788516008.659192,2.629069,0.676896,0.000000,-0.054244
1788516008.726661,2.629613,0.663404,0.000000,-0.046449
1788516008.794442,2.631276,0.649032,0.000000,-0.046449
1788516008.864472,2.633005,0.630757,0.000000,-0.046449
1788516008.925417,2.637040,0.610260,0.000000,-0.046449
1788516008.993315,2.640417,0.588974,0.000000,-0.046449
1788516009.061219,2.644832,0.565784,0.000000,-0.046449
1788516009.128597,2.651816,0.541304,0.000000,-0.046449
1788516009.196220,2.658538,0.514886,0.000000,-0.046449
1788516009.259590,2.666893,0.489741,0.000000,-0.046449
1788516009.327409,2.675291,0.463599,0.000000,-0.046449
1788516009.395030,2.691248,0.390017,0.000000,-0.061981
1788516009.458650,2.700700,0.362217,0.000000,-0.067727
1788516009.529010,2.708988,0.336500,0.000000,-0.077394
1788516009.594977,2.717346,0.311565,0.000000,-0.079832
1788516009.664539,2.723670,0.289809,0.000000,-0.076888
1788516009.725507,2.730943,0.270654,0.000000,-0.077956
1788516009.792510,2.736689,0.260182,0.000000,-0.077956
1788516009.862253,2.742684,0.251927,0.000000,-0.084021
1788516009.928250,2.748816,0.243929,0.000000,-0.084867
1788516009.992184,2.754625,0.239594,0.000000,-0.081138
1788516010.059256,2.760353,0.238709,0.000000,-0.079843
1788516010.127605,2.766093,0.239724,0.000000,-0.077369
1788516010.194150,2.771632,0.240831,0.000000,-0.066411
1788516010.258162,2.777222,0.243723,0.000000,-0.055621
1788516010.325826,2.783802,0.244794,0.000000,-0.045308
1788516010.393016,2.789756,0.246591,0.000000,-0.035576
1788516010.460807,2.795140,0.247584,0.000000,-0.022844
1788516010.524651,2.801201,0.248163,0.000000,-0.014976
1788516010.592288,2.808545,0.249131,0.000000,-0.018715
1788516010.663712,2.813644,0.248291,0.000000,-0.028990
1788516010.728148,2.821639,0.248805,0.000000,-0.041099
1788516010.790917,2.828037,0.247917,0.000000,-0.052673
1788516010.858294,2.834057,0.245982,0.000000,-0.060747
1788516010.925884,2.838562,0.242880,0.000000,-0.062412
1788516010.993437,2.843753,0.239484,0.000000,-0.062412
1788516011.059777,2.849054,0.235771,0.000000,-0.062412
1788516011.124644,2.855223,0.231190,0.000000,-0.062412
1788516011.192383,2.860836,0.224612,0.000000,-0.062412
1788516011.260092,2.865915,0.216617,0.000000,-0.062412
1788516011.323436,2.871542,0.206296,0.000000,-0.062412
1788516011.391150,2.879105,0.195231,0.000000,-0.062412
1788516011.459286,2.885749,0.179566,0.000000,-0.062412
1788516011.526917,2.903156,0.149868,0.000000,-0.040974
1788516011.590123,2.911590,0.127742,0.000000,-0.035901
1788516011.657573,2.920952,0.102963,0.000000,-0.030765
1788516011.725430,2.928087,0.075522,0.000000,-0.028909
1788516011.788935,2.938005,0.046404,0.000000,-0.034779
1788516011.856766,2.944661,0.016494,0.000000,-0.046224
1788516011.924468,2.952211,-0.015129,0.000000,-0.054822
1788516011.987352,2.957799,-0.047483,0.000000,-0.058299
1788516012.055833,2.963100,-0.079111,0.000000,-0.061792
1788516012.123130,2.967329,-0.110078,0.000000,-0.057873
1788516012.191265,2.970355,-0.138998,0.000000,-0.066610
1788516012.253878,2.970147,-0.167389,0.000000,-0.073330
1788516012.322359,2.969472,-0.192917,0.000000,-0.078424
1788516012.389639,2.967134,-0.218292,0.000000,-0.054783
1788516012.457605,2.961363,-0.242134,0.000000,-0.044424
1788516012.520359,2.956328,-0.261109,0.000000,-0.049082
1788516012.587907,2.945433,-0.277740,0.000000,-0.064594
1788516012.655686,2.935500,-0.290130,0.000000,-0.074705
1788516012.723406,2.922642,-0.301464,0.000000,-0.076089
1788516012.790700,2.912020,-0.309681,0.000000,-0.082242
1788516012.854791,2.900323,-0.317390,0.000000,-0.086256
1788516012.922456,2.888413,-0.325606,0.000000,-0.083264
1788516012.989741,2.877375,-0.331922,0.000000,-0.081544
1788516013.055349,2.867750,-0.338344,0.000000,-0.083762
1788516013.121446,2.857977,-0.344156,0.000000,-0.092278
1788516013.188862,2.847336,-0.349662,0.000000,-0.094165
1788516013.258207,2.837048,-0.353096,0.000000,-0.104512
1788516013.324232,2.828450,-0.355249,0.000000,-0.115679
1788516013.390317,2.819097,-0.355504,0.000000,-0.126598
1788516013.454990,2.809525,-0.355630,0.000000,-0.135350
1788516013.522752,2.798895,-0.355049,0.000000,-0.131233
1788516013.592732,2.788396,-0.351895,0.000000,-0.132879
1788516013.653708,2.779833,-0.349584,0.000000,-0.128401
1788516013.721279,2.770605,-0.348862,0.000000,-0.117322
1788516013.791910,2.763195,-0.347507,0.000000,-0.117322
1788516013.852685,2.756781,-0.346278,0.000000,-0.117322
1788516013.920846,2.748703,-0.345687,0.000000,-0.071991
1788516013.988585,2.742300,-0.344312,0.000000,-0.077175
1788516014.053198,2.737842,-0.344866,0.000000,-0.077175
1788516014.118853,2.733753,-0.345371,0.000000,-0.077175
1788516014.186561,2.729352,-0.347287,0.000000,-0.077175
1788516014.254234,2.726671,-0.351103,0.000000,-0.077175
1788516014.317525,2.724911,-0.352347,0.000000,-0.077175
1788516014.385414,2.723809,-0.354228,0.000000,-0.077175
1788516014.452978,2.724483,-0.355124,0.000000,-0.077175
1788516014.520626,2.724345,-0.355365,0.000000,-0.077175
1788516014.584575,2.720490,-0.356355,0.000000,-0.100111
1788516014.651563,2.723005,-0.352870,0.000000,-0.119008
1788516014.719434,2.726481,-0.351595,0.000000,-0.116026
1788516014.786963,2.732225,-0.349744,0.000000,-0.105123
1788516014.850670,2.738405,-0.346336,0.000000,-0.100531
1788516014.918121,2.743389,-0.341180,0.000000,-0.115125
1788516014.985811,2.748972,-0.334921,0.000000,-0.130784
1788516015.053316,2.752860,-0.330006,0.000000,-0.146331
1788516015.116973,2.758132,-0.323542,0.000000,-0.164665
1788516015.184455,2.763901,-0.316423,0.000000,-0.184185
1788516015.252184,2.770080,-0.311565,0.000000,-0.193970
1788516015.320274,2.775871,-0.306891,0.000000,-0.203041
1788516015.383327,2.782401,-0.305142,0.000000,-0.193094
1788516015.450992,2.788354,-0.304191,0.000000,-0.193094
1788516015.518682,2.796993,-0.303460,0.000000,-0.196157
1788516015.582353,2.805521,-0.304983,0.000000,-0.192949
1788516015.650457,2.813769,-0.308544,0.000000,-0.190392
1788516015.717668,2.822103,-0.314759,0.000000,-0.188745
1788516015.785195,2.831732,-0.321957,0.000000,-0.188506
1788516015.853135,2.843268,-0.328033,0.000000,-0.203956
1788516015.916663,2.855069,-0.341065,0.000000,-0.193525
1788516015.984259,2.865756,-0.354991,0.000000,-0.193767
1788516016.047661,2.878150,-0.370983,0.000000,-0.191409
1788516016.115004,2.889986,-0.387476,0.000000,-0.195248
1788516016.186358,2.902671,-0.407666,0.000000,-0.190378
1788516016.250210,2.913778,-0.428567,0.000000,-0.188398
1788516016.317930,2.922010,-0.448402,0.000000,-0.188398
1788516016.381436,2.929316,-0.477846,0.000000,-0.175082
1788516016.451566,2.931279,-0.504443,0.000000,-0.169107
1788516016.517097,2.928932,-0.528890,0.000000,-0.169107
1788516016.584611,2.920804,-0.555378,0.000000,-0.169107
1788516016.647690,2.912107,-0.582661,0.000000,-0.169107
1788516016.715493,2.900340,-0.610688,0.000000,-0.169107
1788516016.783458,2.883381,-0.639704,0.000000,-0.169107
1788516016.852249,2.860241,-0.667968,0.000000,-0.169107
1788516016.914244,2.813240,-0.723292,0.000000,-0.122851
1788516016.982859,2.774870,-0.750454,0.000000,-0.147497
1788516017.049431,2.744452,-0.775825,0.000000,-0.147497
1788516017.117401,2.699194,-0.804854,0.000000,-0.102840
1788516017.185489,2.658431,-0.826801,0.000000,-0.096677
1788516017.249255,2.622808,-0.843452,0.000000,-0.096677
1788516017.316072,2.572582,-0.861852,0.000000,-0.079033
1788516017.383619,2.527409,-0.875563,0.000000,-0.075314
1788516017.451246,2.489643,-0.886760,0.000000,-0.075314
1788516017.514611,2.436560,-0.896267,0.000000,-0.078265
1788516017.582892,2.391137,-0.905397,0.000000,-0.080514
1788516017.649858,2.353029,-0.912369,0.000000,-0.080514
1788516017.713268,2.307120,-0.918223,0.000000,-0.083379
1788516017.781361,2.252799,-0.919100,0.000000,-0.103032
1788516017.848543,2.212315,-0.919841,0.000000,-0.103032
1788516017.916290,2.165982,-0.914574,0.000000,-0.111770
1788516017.980139,2.115990,-0.899862,0.000000,-0.123121
1788516018.047320,2.076399,-0.894470,0.000000,-0.123121
1788516018.114923,2.026746,-0.884837,0.000000,-0.100270
1788516018.182439,1.986234,-0.886727,0.000000,-0.076727
1788516018.246184,1.951445,-0.877478,0.000000,-0.076727
1788516018.313682,1.907627,-0.869975,0.000000,-0.088165
1788516018.381193,1.860701,-0.859325,0.000000,-0.143349
1788516018.448835,1.825469,-0.851410,0.000000,-0.143349
1788516018.516749,1.789430,-0.837386,0.000000,-0.167710
1788516018.580108,1.757878,-0.821511,0.000000,-0.165273
1788516018.647504,1.731706,-0.810394,0.000000,-0.165273
1788516018.715281,1.707665,-0.795436,0.000000,-0.150927
1788516018.778583,1.688311,-0.783482,0.000000,-0.150927
1788516018.846415,1.674312,-0.768865,0.000000,-0.150927
1788516018.914758,1.662336,-0.754513,0.000000,-0.150927
1788516018.982388,1.654368,-0.740195,0.000000,-0.150927
1788516019.049173,1.647939,-0.727347,0.000000,-0.150927
1788516019.112796,1.643709,-0.713920,0.000000,-0.150927
1788516019.180110,1.632904,-0.681147,0.000000,-0.038993
1788516019.248519,1.632072,-0.670903,0.000000,-0.038993
1788516019.315594,1.631853,-0.661088,0.000000,-0.038993
1788516019.383046,1.631564,-0.653667,0.000000,-0.038993
1788516019.451081,1.631539,-0.649329,0.000000,-0.038993
1788516019.514096,1.630730,-0.644945,0.000000,-0.038993
1788516019.581753,1.629821,-0.642901,0.000000,-0.038993
1788516019.649329,1.628242,-0.640953,0.000000,-0.038993
1788516019.716883,1.626259,-0.639844,0.000000,-0.038993
1788516019.782880,1.622857,-0.638763,0.000000,-0.038993
1788516019.848055,1.617995,-0.636973,0.000000,-0.042065
1788516019.915609,1.609982,-0.632898,0.000000,-0.018582
1788516019.983240,1.603480,-0.625766,0.000000,-0.008866
1788516020.046635,1.596483,-0.620581,0.000000,-0.008866
1788516020.114258,1.591896,-0.609489,0.000000,-0.000350
1788516020.181947,1.585731,-0.595952,0.000000,0.011444
1788516020.249959,1.579948,-0.584986,0.000000,0.011444
1788516020.317445,1.574242,-0.571804,0.000000,0.011444
1788516020.380898,1.569409,-0.558411,0.000000,0.011444
1788516020.448514,1.564161,-0.543089,0.000000,0.011444
1788516020.516880,1.557648,-0.510957,0.000000,0.066186
1788516020.584286,1.552204,-0.498137,0.000000,0.066186
1788516020.647169,1.545187,-0.479079,0.000000,0.068489
1788516020.714941,1.541160,-0.469310,0.000000,0.068489
1788516020.782831,1.537532,-0.460535,0.000000,0.068489
1788516020.850930,1.533217,-0.452822,0.000000,0.068489
1788516020.913800,1.530760,-0.447169,0.000000,0.068489
1788516020.981316,1.527551,-0.442886,0.000000,0.068489
1788516021.049013,1.525250,-0.440769,0.000000,0.068489
1788516021.112283,1.523666,-0.441687,0.000000,0.068489
1788516021.179768,1.516968,-0.439387,0.000000,0.091291
1788516021.248014,1.515769,-0.443422,0.000000,0.081497
1788516021.310824,1.515644,-0.447606,0.000000,0.065667
1788516021.378542,1.514273,-0.450751,0.000000,0.046385
1788516021.443794,1.514069,-0.453719,0.000000,0.046385
1788516021.509676,1.513371,-0.454684,0.000000,0.046385
1788516021.577658,1.513213,-0.458804,0.000000,0.018937
1788516021.640640,1.514035,-0.459236,0.000000,0.012747
1788516021.708538,1.513761,-0.457369,0.000000,0.002574
1788516021.775974,1.513277,-0.453238,0.000000,-0.006898
1788516021.839271,1.510234,-0.448860,0.000000,-0.011945
1788516021.907225,1.505113,-0.444730,0.000000,-0.011945
1788516021.974911,1.499437,-0.439989,0.000000,-0.011945
1788516022.042214,1.491699,-0.435101,0.000000,-0.011945
1788516022.106653,1.481116,-0.431657,0.000000,-0.011945
1788516022.173725,1.468203,-0.427926,0.000000,-0.011945
1788516022.241184,1.445721,-0.417640,0.000000,-0.024615
1788516022.304409,1.424928,-0.412587,0.000000,-0.032622
1788516022.372860,1.402317,-0.409880,0.000000,-0.037433
1788516022.439735,1.376462,-0.407182,0.000000,-0.041671
1788516022.503293,1.351674,-0.404137,0.000000,-0.046139
1788516022.570806,1.329345,-0.402154,0.000000,-0.046139
1788516022.638586,1.305957,-0.401188,0.000000,-0.046139
1788516022.706009,1.283704,-0.398822,0.000000,-0.046139
1788516022.769592,1.260855,-0.396754,0.000000,-0.046139
1788516022.838507,1.240297,-0.392729,0.000000,-0.046139
1788516022.905432,1.198580,-0.382214,0.000000,-0.068260
1788516022.972318,1.177650,-0.376746,0.000000,-0.070624
1788516023.035822,1.160246,-0.371206,0.000000,-0.072945
1788516023.103642,1.144490,-0.366867,0.000000,-0.075097
1788516023.171246,1.130317,-0.362368,0.000000,-0.077296
1788516023.238805,1.118535,-0.358489,0.000000,-0.078988
1788516023.302509,1.109513,-0.353858,0.000000,-0.079353
1788516023.369826,1.102190,-0.349954,0.000000,-0.078452
1788516023.437418,1.098132,-0.346960,0.000000,-0.074883
1788516023.506285,1.094874,-0.344372,0.000000,-0.070525
1788516023.572948,1.092725,-0.341651,0.000000,-0.065078
1788516023.636318,1.091643,-0.341588,0.000000,-0.059667
1788516023.704079,1.091453,-0.340824,0.000000,-0.054808
1788516023.771510,1.091017,-0.340979,0.000000,-0.051293
1788516023.839443,1.091628,-0.341520,0.000000,-0.048386
1788516023.902846,1.092081,-0.342747,0.000000,-0.045790
1788516023.971402,1.091888,-0.344799,0.000000,-0.043633
1788516024.038426,1.091347,-0.348514,0.000000,-0.044257
1788516024.105656,1.092160,-0.351454,0.000000,-0.044573
1788516024.169495,1.091980,-0.356538,0.000000,-0.044573
1788516024.236680,1.091937,-0.362660,0.000000,-0.047179
1788516024.304889,1.091580,-0.370276,0.000000,-0.050305
1788516024.372134,1.091414,-0.376194,0.000000,-0.050305
1788516024.435522,1.092154,-0.384109,0.000000,-0.050305
1788516024.502841,1.092804,-0.391105,0.000000,-0.050305
1788516024.571060,1.092034,-0.403755,0.000000,-0.060126
1788516024.638357,1.092706,-0.413397,0.000000,-0.058400
1788516024.701648,1.093183,-0.422507,0.000000,-0.055861
1788516024.769381,1.093680,-0.432900,0.000000,-0.054919
1788516024.836907,1.094101,-0.443493,0.000000,-0.053080
1788516024.904593,1.092984,-0.453409,0.000000,-0.055112
1788516024.968359,1.092168,-0.465739,0.000000,-0.052666
1788516025.035429,1.092903,-0.475664,0.000000,-0.052666
1788516025.103291,1.092551,-0.485959,0.000000,-0.052666
1788516025.170911,1.091823,-0.500641,0.000000,-0.044305
1788516025.234313,1.091631,-0.513043,0.000000,-0.038865
1788516025.301790,1.093018,-0.525800,0.000000,-0.032428
1788516025.369590,1.094104,-0.537807,0.000000,-0.025192
1788516025.433254,1.097201,-0.549532,0.000000,-0.017943
1788516025.500490,1.101047,-0.560573,0.000000,-0.017943
1788516025.568213,1.103515,-0.574622,0.000000,-0.005961
1788516025.635768,1.103448,-0.586820,0.000000,-0.001710
1788516025.699352,1.104587,-0.600092,0.000000,-0.000020
1788516025.766893,1.102655,-0.614189,0.000000,0.000731
1788516025.835073,1.096641,-0.629304,0.000000,0.002034
1788516025.902480,1.087814,-0.642330,0.000000,-0.003123
1788516025.965547,1.074728,-0.655974,0.000000,-0.007148
1788516026.033338,1.060230,-0.669200,0.000000,-0.009175
1788516026.100976,1.044749,-0.682728,0.000000,-0.009883
1788516026.168642,1.031783,-0.696115,0.000000,-0.009883
1788516026.232228,1.010121,-0.711812,0.000000,-0.009405
1788516026.299568,0.994342,-0.723161,0.000000,-0.009405
1788516026.367635,0.970541,-0.736398,0.000000,-0.011286
1788516026.434915,0.950089,-0.747082,0.000000,-0.013859
1788516026.502374,0.933170,-0.757236,0.000000,-0.013859
1788516026.565753,0.911360,-0.767898,0.000000,-0.009948
1788516026.634862,0.893913,-0.778434,0.000000,-0.000572
1788516026.700963,0.878382,-0.787170,0.000000,-0.000572
1788516026.768575,0.862260,-0.796730,0.000000,0.007499
1788516026.831963,0.841974,-0.808011,0.000000,0.023186
1788516026.900063,0.826310,-0.817872,0.000000,0.023186
1788516026.967322,0.803765,-0.831017,0.000000,0.040687
1788516027.034935,0.776148,-0.843295,0.000000,0.044396
1788516027.098509,0.752221,-0.854950,0.000000,0.044396
1788516027.166262,0.713636,-0.866035,0.000000,0.039285
1788516027.233997,0.671198,-0.875727,0.000000,0.022658
1788516027.301588,0.633939,-0.889162,0.000000,0.022658
1788516027.364604,0.575028,-0.898974,0.000000,-0.004303
1788516027.432440,0.521710,-0.911480,0.000000,-0.017821
1788516027.499946,0.473701,-0.925223,0.000000,-0.017821
1788516027.567584,0.413817,-0.950849,0.000000,-0.019739
1788516027.632155,0.359690,-0.973403,0.000000,-0.003780
1788516027.698713,0.302909,-0.975625,0.000000,-0.003780
1788516027.766304,0.234434,-0.973658,0.000000,-0.005489
1788516027.829669,0.139272,-0.949493,0.000000,-0.036254
1788516027.897364,0.075845,-0.937811,0.000000,-0.036254
1788516027.965297,-0.001282,-0.913840,0.000000,-0.051499
1788516028.028510,-0.088987,-0.879624,0.000000,-0.060885
1788516028.096004,-0.155331,-0.856614,0.000000,-0.060885
1788516028.163735,-0.233568,-0.817825,0.000000,-0.063240
1788516028.227235,-0.301644,-0.770467,0.000000,-0.043628
1788516028.294803,-0.332486,-0.737332,0.000000,-0.043628
1788516028.363093,-0.363007,-0.697051,0.000000,-0.023794
1788516028.426833,-0.382686,-0.654578,0.000000,-0.001989
1788516028.493889,-0.389417,-0.623669,0.000000,-0.001989
1788516028.561306,-0.391376,-0.596695,0.000000,-0.001989
1788516028.624624,-0.376943,-0.570831,0.000000,-0.001989
1788516028.692640,-0.343885,-0.547307,0.000000,-0.001989
1788516028.760811,-0.299548,-0.525331,0.000000,-0.001989
1788516028.827772,-0.245573,-0.503945,0.000000,-0.001989
1788516028.891376,-0.181985,-0.481408,0.000000,-0.001989
1788516028.958836,-0.034599,-0.436254,0.000000,0.020421
1788516029.026483,0.077319,-0.409743,0.000000,0.046414
1788516029.089977,0.157063,-0.389744,0.000000,0.046414
1788516029.157694,0.247551,-0.370389,0.000000,0.052654
1788516029.225536,0.339711,-0.349031,0.000000,0.017678
1788516029.293106,0.391289,-0.334858,0.000000,0.017678
1788516029.357133,0.444181,-0.325249,0.000000,0.000494
1788516029.424021,0.509349,-0.322335,0.000000,-0.020669
1788516029.492253,0.546384,-0.318627,0.000000,-0.020669
1788516029.559876,0.588087,-0.320033,0.000000,-0.021113
1788516029.627327,0.621849,-0.322363,0.000000,-0.019259
1788516029.690382,0.652059,-0.327750,0.000000,-0.008318
1788516029.760110,0.678493,-0.337667,0.000000,0.005010
1788516029.825792,0.702316,-0.347333,0.000000,0.031114
1788516029.893437,0.719438,-0.356859,0.000000,0.031114
1788516029.956694,0.736701,-0.368472,0.000000,0.046782
1788516030.026928,0.749772,-0.381765,0.000000,0.064579
1788516030.092309,0.759900,-0.398002,0.000000,0.083867
1788516030.159581,0.765540,-0.412992,0.000000,0.095188
1788516030.223009,0.767363,-0.425418,0.000000,0.094795
1788516030.290647,0.768218,-0.441199,0.000000,0.096949
1788516030.359141,0.766264,-0.457994,0.000000,0.095362
1788516030.426383,0.758791,-0.471821,0.000000,0.064955
1788516030.489797,0.756443,-0.484236,0.000000,0.064955
1788516030.557860,0.750505,-0.498042,0.000000,0.049366
1788516030.624685,0.748798,-0.510379,0.000000,0.033583
1788516030.692684,0.747271,-0.520528,0.000000,0.033583
1788516030.759660,0.748073,-0.529060,0.000000,0.033583
1788516030.823833,0.750410,-0.536559,0.000000,0.033583
1788516030.892961,0.752473,-0.543608,0.000000,0.033583
1788516030.959045,0.755911,-0.547584,0.000000,0.033583
1788516031.022992,0.763151,-0.549883,0.000000,0.033583
1788516031.091542,0.771421,-0.550758,0.000000,0.033583
1788516031.157636,0.779945,-0.550174,0.000000,0.033583
1788516031.221703,0.797394,-0.549758,0.000000,0.002520
1788516031.288777,0.811141,-0.543642,0.000000,0.014553
1788516031.359822,0.828779,-0.537006,0.000000,0.029839
1788516031.424426,0.848914,-0.530826,0.000000,0.052513
1788516031.487570,0.869500,-0.523015,0.000000,0.072299
1788516031.555386,0.892150,-0.514579,0.000000,0.089750
1788516031.622939,0.913032,-0.505910,0.000000,0.104230
1788516031.690861,0.934190,-0.499139,0.000000,0.117572
1788516031.758219,0.952684,-0.493090,0.000000,0.127155
1788516031.822322,0.970518,-0.488950,0.000000,0.136141
1788516031.890259,0.986830,-0.486591,0.000000,0.142905
1788516031.957079,0.999331,-0.489403,0.000000,0.149008
1788516032.024651,1.009716,-0.493735,0.000000,0.150986
1788516032.092188,1.015417,-0.500474,0.000000,0.147141
1788516032.155639,1.018141,-0.509866,0.000000,0.142560
1788516032.223361,1.020582,-0.519932,0.000000,0.135053
1788516032.291141,1.018395,-0.530433,0.000000,0.126573
1788516032.366736,1.016970,-0.539557,0.000000,0.115909
1788516032.426580,1.014458,-0.550430,0.000000,0.109515
1788516032.490041,1.011804,-0.560725,0.000000,0.104287
1788516032.557640,1.007318,-0.571857,0.000000,0.098313
1788516032.625155,1.005869,-0.579687,0.000000,0.098313
1788516032.692779,1.004087,-0.587142,0.000000,0.098313
1788516032.760498,1.002186,-0.593428,0.000000,0.098313
1788516032.824923,1.000699,-0.598225,0.000000,0.098313
1788516032.892772,1.000330,-0.602885,0.000000,0.098313
1788516032.960142,0.998932,-0.606394,0.000000,0.098313
1788516033.026656,0.997166,-0.609482,0.000000,0.098313
1788516033.090374,0.996155,-0.612358,0.000000,0.098313
1788516033.157979,0.994513,-0.613656,0.000000,0.098313
1788516033.225493,0.988114,-0.613218,0.000000,0.066692
1788516033.293430,0.985930,-0.613160,0.000000,0.067751
1788516033.356560,0.981633,-0.613559,0.000000,0.071062
1788516033.424425,0.978501,-0.612273,0.000000,0.073194
1788516033.492209,0.974933,-0.609476,0.000000,0.077324
1788516033.559475,0.971817,-0.604000,0.000000,0.081261
1788516033.627158,0.966655,-0.595474,0.000000,0.085342
1788516033.690518,0.963193,-0.587339,0.000000,0.093975
1788516033.758050,0.959036,-0.580813,0.000000,0.104069
1788516033.825680,0.957108,-0.572323,0.000000,0.113565
1788516033.893716,0.956312,-0.566822,0.000000,0.118250
1788516033.958451,0.953121,-0.560520,0.000000,0.115730
1788516034.024644,0.953612,-0.553952,0.000000,0.106633
1788516034.092022,0.951751,-0.546554,0.000000,0.093129
1788516034.159634,0.955367,-0.539948,0.000000,0.080409
1788516034.223170,0.958123,-0.533594,0.000000,0.066311
1788516034.290693,0.959515,-0.527849,0.000000,0.066311
1788516034.358429,0.961472,-0.521445,0.000000,0.066311
1788516034.421796,0.963373,-0.515376,0.000000,0.066311
1788516034.489379,0.964705,-0.509122,0.000000,0.066311
1788516034.557194,0.965785,-0.505319,0.000000,0.066311
1788516034.624699,0.965446,-0.502522,0.000000,0.066311
1788516034.688138,0.963152,-0.498042,0.000000,0.066311
1788516034.756189,0.960353,-0.494991,0.000000,0.066311
1788516034.823475,0.964989,-0.478972,0.000000,0.045142
1788516034.886710,0.960725,-0.476714,0.000000,0.045142
1788516034.954545,0.957575,-0.474363,0.000000,0.045142
1788516035.022782,0.952833,-0.473180,0.000000,0.045142
1788516035.089760,0.947823,-0.472919,0.000000,0.045142
1788516035.156600,0.943920,-0.472723,0.000000,0.045142
1788516035.220723,0.937297,-0.473655,0.000000,0.045142
1788516035.288498,0.933246,-0.473260,0.000000,0.045142
1788516035.356099,0.928359,-0.473657,0.000000,0.045142
1788516035.424030,0.922531,-0.477559,0.000000,0.045142
1788516035.487302,0.917593,-0.484360,0.000000,0.044883
1788516035.555239,0.910578,-0.485521,0.000000,0.017504
1788516035.622977,0.905326,-0.489505,0.000000,-0.003698
1788516035.690201,0.898885,-0.492243,0.000000,-0.023667
1788516035.753544,0.893990,-0.495509,0.000000,-0.039906
1788516035.822285,0.890025,-0.501553,0.000000,-0.046338
1788516035.889406,0.887222,-0.504798,0.000000,-0.053645
1788516035.956823,0.887346,-0.505764,0.000000,-0.058586
1788516036.020610,0.889440,-0.505720,0.000000,-0.058724
1788516036.087690,0.893805,-0.505529,0.000000,-0.054715
1788516036.155398,0.900993,-0.503085,0.000000,-0.047772
1788516036.219014,0.909268,-0.498937,0.000000,-0.037935
1788516036.286251,0.920060,-0.493203,0.000000,-0.026364
1788516036.353906,0.931649,-0.485271,0.000000,-0.012205
1788516036.417562,0.945044,-0.477030,0.000000,0.005378
1788516036.485037,0.959597,-0.468358,0.000000,0.025672
1788516036.552686,0.976065,-0.457631,0.000000,0.049090
1788516036.620368,0.991928,-0.450588,0.000000,0.073176
1788516036.683674,1.008657,-0.442945,0.000000,0.097630
1788516036.751405,1.020048,-0.437536,0.000000,0.097630
1788516036.818859,1.038491,-0.433149,0.000000,0.149678
1788516036.886485,1.048933,-0.431841,0.000000,0.172453
1788516036.949923,1.057333,-0.430994,0.000000,0.193612
1788516037.018215,1.063190,-0.432253,0.000000,0.210364
1788516037.085642,1.065998,-0.434463,0.000000,0.225402
1788516037.153467,1.066571,-0.436261,0.000000,0.225402
1788516037.221092,1.062669,-0.438873,0.000000,0.240704
1788516037.284538,1.054290,-0.440426,0.000000,0.242038
1788516037.351988,1.045704,-0.442920,0.000000,0.243239
1788516037.419729,1.032864,-0.445352,0.000000,0.241300
1788516037.487006,1.018437,-0.447519,0.000000,0.236362
1788516037.554744,1.005524,-0.449293,0.000000,0.236362
1788516037.618733,0.985199,-0.451826,0.000000,0.219668
1788516037.685527,0.967419,-0.452732,0.000000,0.211076
1788516037.753696,0.952614,-0.452685,0.000000,0.211076
1788516037.821394,0.931694,-0.452857,0.000000,0.198880
1788516037.888419,0.914428,-0.451346,0.000000,0.192709
1788516037.951837,0.900448,-0.449466,0.000000,0.192709
1788516038.019551,0.885095,-0.442310,0.000000,0.184031
1788516038.088145,0.875382,-0.436467,0.000000,0.184843
1788516038.155125,0.869186,-0.430077,0.000000,0.184843
1788516038.222617,0.865776,-0.424003,0.000000,0.184843
1788516038.285907,0.863258,-0.416354,0.000000,0.184843
1788516038.353762,0.862541,-0.408612,0.000000,0.184843
1788516038.432175,0.863358,-0.400005,0.000000,0.184843
1788516038.489083,0.865681,-0.390871,0.000000,0.184843
1788516038.556519,0.868740,-0.380754,0.000000,0.184843
1788516038.619989,0.876763,-0.359764,0.000000,0.213417
1788516038.687647,0.880607,-0.352718,0.000000,0.213417
1788516038.755166,0.882623,-0.347892,0.000000,0.213417
1788516038.822909,0.886877,-0.342228,0.000000,0.213417
1788516038.886585,0.890877,-0.338487,0.000000,0.213417
1788516038.953948,0.893831,-0.335990,0.000000,0.213417
1788516039.021576,0.896901,-0.333495,0.000000,0.213417
1788516039.084962,0.899463,-0.334023,0.000000,0.213417
1788516039.152566,0.902961,-0.333981,0.000000,0.213417
1788516039.220518,0.914496,-0.333143,0.000000,0.208446
1788516039.288013,0.919014,-0.335897,0.000000,0.201888
1788516039.352148,0.924607,-0.335861,0.000000,0.201888
1788516039.419961,0.930336,-0.338261,0.000000,0.184709
1788516039.488075,0.935546,-0.340118,0.000000,0.178664
1788516039.556374,0.940154,-0.341702,0.000000,0.178664
1788516039.618416,0.946485,-0.341792,0.000000,0.170935
1788516039.685474,0.953458,-0.342617,0.000000,0.167572
1788516039.753342,0.957676,-0.342441,0.000000,0.167572
1788516039.821005,0.965355,-0.342221,0.000000,0.173929
1788516039.884286,0.970059,-0.341156,0.000000,0.173929
1788516039.952511,0.975254,-0.341577,0.000000,0.177189
1788516040.019517,0.982858,-0.341602,0.000000,0.180979
1788516040.087467,0.987255,-0.341086,0.000000,0.180979
1788516040.151379,0.992951,-0.341324,0.000000,0.180979
1788516040.218343,1.002838,-0.343893,0.000000,0.189040
1788516040.286132,1.008794,-0.345772,0.000000,0.188738
1788516040.349598,1.013551,-0.347420,0.000000,0.188738
1788516040.416921,1.018014,-0.348950,0.000000,0.177764
1788516040.484926,1.022412,-0.351043,0.000000,0.170908
1788516040.552247,1.025692,-0.354049,0.000000,0.170908
1788516040.615723,1.030144,-0.356722,0.000000,0.161398
1788516040.683473,1.034097,-0.360116,0.000000,0.161398
1788516040.753061,1.038591,-0.366846,0.000000,0.164668
1788516040.819270,1.043217,-0.372430,0.000000,0.164759
1788516040.886783,1.046596,-0.376750,0.000000,0.164759
1788516040.949580,1.051050,-0.382345,0.000000,0.165630
1788516041.018498,1.055992,-0.389552,0.000000,0.161300
1788516041.085125,1.060927,-0.394639,0.000000,0.161300
1788516041.153373,1.064192,-0.400703,0.000000,0.157608
1788516041.220344,1.067144,-0.405323,0.000000,0.145641
1788516041.283646,1.070998,-0.411402,0.000000,0.145641
1788516041.351361,1.076058,-0.416839,0.000000,0.145641
1788516041.419173,1.080618,-0.423291,0.000000,0.145641
1788516041.486854,1.085482,-0.428376,0.000000,0.145641
1788516041.550255,1.092269,-0.438495,0.000000,0.160143
1788516041.617721,1.099207,-0.444619,0.000000,0.171295
1788516041.685421,1.103358,-0.448718,0.000000,0.171295
1788516041.752859,1.107441,-0.454392,0.000000,0.171295
1788516041.817260,1.113642,-0.459164,0.000000,0.171295
1788516041.884373,1.119560,-0.463095,0.000000,0.171295
1788516041.951841,1.124676,-0.467416,0.000000,0.171295
1788516042.019316,1.129974,-0.471931,0.000000,0.171295
1788516042.084118,1.135883,-0.476288,0.000000,0.171295
1788516042.151686,1.141781,-0.479001,0.000000,0.171295
1788516042.218731,1.149320,-0.485985,0.000000,0.180493
1788516042.286063,1.158918,-0.496795,0.000000,0.177279
1788516042.350178,1.163914,-0.500173,0.000000,0.173456
1788516042.417775,1.170531,-0.504060,0.000000,0.172738
1788516042.486775,1.175855,-0.508043,0.000000,0.172738
1788516042.551862,1.180397,-0.512342,0.000000,0.175058
1788516042.615302,1.185356,-0.517795,0.000000,0.179063
1788516042.683000,1.190107,-0.521833,0.000000,0.179063
1788516042.751592,1.193386,-0.526556,0.000000,0.179063
1788516042.819208,1.195628,-0.532685,0.000000,0.179063
1788516042.885822,1.197479,-0.539380,0.000000,0.179063
1788516042.949625,1.197947,-0.546820,0.000000,0.179063
1788516043.016981,1.196936,-0.556968,0.000000,0.179063
1788516043.084599,1.196942,-0.566062,0.000000,0.179063
1788516043.148083,1.195118,-0.575127,0.000000,0.179063
1788516043.215627,1.186969,-0.596590,0.000000,0.199119
1788516043.283984,1.184234,-0.605994,0.000000,0.199119
1788516043.351540,1.180934,-0.614894,0.000000,0.197062
1788516043.414299,1.178267,-0.621899,0.000000,0.195529
1788516043.481920,1.178371,-0.627551,0.000000,0.195529
1788516043.549700,1.176721,-0.631733,0.000000,0.195529
1788516043.617856,1.174882,-0.635296,0.000000,0.195529
1788516043.681289,1.174279,-0.637663,0.000000,0.195529
1788516043.750410,1.173827,-0.639911,0.000000,0.195529
1788516043.815794,1.173030,-0.642329,0.000000,0.195529
1788516043.884231,1.167635,-0.646718,0.000000,0.194247
1788516043.947731,1.168017,-0.647896,0.000000,0.195523
1788516044.014625,1.166483,-0.649568,0.000000,0.197669
1788516044.082971,1.166251,-0.649852,0.000000,0.197669
1788516044.149980,1.165764,-0.650589,0.000000,0.199772
1788516044.217311,1.163735,-0.650555,0.000000,0.201664
1788516044.280879,1.164307,-0.650175,0.000000,0.201664
1788516044.350165,1.163619,-0.650337,0.000000,0.201664
1788516044.418952,1.163034,-0.649929,0.000000,0.201664
1788516044.485769,1.162811,-0.648949,0.000000,0.201664
1788516044.547817,1.161015,-0.648006,0.000000,0.208566
1788516044.614547,1.160429,-0.647280,0.000000,0.208056
1788516044.682456,1.161155,-0.647299,0.000000,0.207907
1788516044.749875,1.159189,-0.646904,0.000000,0.204584
1788516044.813267,1.160099,-0.644492,0.000000,0.202157
1788516044.881183,1.162808,-0.642184,0.000000,0.202351
1788516044.948747,1.166534,-0.640310,0.000000,0.204375
1788516045.016155,1.171437,-0.638352,0.000000,0.206490
1788516045.079995,1.177626,-0.634705,0.000000,0.207372
1788516045.147216,1.183695,-0.629663,0.000000,0.207150
1788516045.214743,1.188907,-0.624207,0.000000,0.208794
1788516045.282434,1.195130,-0.617901,0.000000,0.210526
1788516045.346194,1.202351,-0.611156,0.000000,0.211261
1788516045.413884,1.208913,-0.601466,0.000000,0.210575
1788516045.481558,1.213705,-0.592484,0.000000,0.211398
1788516045.553384,1.220864,-0.583748,0.000000,0.211398
1788516045.618972,1.226860,-0.574146,0.000000,0.211398
1788516045.680233,1.231721,-0.565639,0.000000,0.211398
1788516045.747605,1.236463,-0.555183,0.000000,0.211398
1788516045.815285,1.240458,-0.545591,0.000000,0.211398
1788516045.882673,1.244564,-0.535548,0.000000,0.211398
1788516045.946386,1.249538,-0.523892,0.000000,0.211398
1788516046.013924,1.254837,-0.515180,0.000000,0.211398
1788516046.081851,1.258184,-0.505594,0.000000,0.211398
1788516046.149779,1.270868,-0.481238,0.000000,0.252731
1788516046.212866,1.274061,-0.471872,0.000000,0.250414
1788516046.281391,1.276878,-0.461111,0.000000,0.245520
1788516046.348933,1.280182,-0.450622,0.000000,0.239347
1788516046.416082,1.281398,-0.441751,0.000000,0.231695
1788516046.483298,1.282017,-0.431414,0.000000,0.219160
1788516046.548292,1.282383,-0.422141,0.000000,0.219160
1788516046.615098,1.280684,-0.414763,0.000000,0.219160
1788516046.681662,1.281023,-0.406019,0.000000,0.219160
1788516046.749389,1.280380,-0.398383,0.000000,0.219160
1788516046.812952,1.279717,-0.389261,0.000000,0.219160
1788516046.880532,1.280092,-0.369805,0.000000,0.171798
1788516046.948446,1.282848,-0.359286,0.000000,0.173484
1788516047.011414,1.285779,-0.345243,0.000000,0.177181
1788516047.079199,1.290664,-0.327732,0.000000,0.185326
1788516047.146896,1.295589,-0.308614,0.000000,0.185326
1788516047.214497,1.297826,-0.289160,0.000000,0.185326
1788516047.278164,1.301890,-0.266643,0.000000,0.185326
1788516047.346111,1.306940,-0.241438,0.000000,0.185326
1788516047.413195,1.309695,-0.216855,0.000000,0.185326
1788516047.476647,1.321299,-0.159496,0.000000,0.173400
1788516047.544570,1.323338,-0.129224,0.000000,0.175749
1788516047.611930,1.324684,-0.100182,0.000000,0.181472
1788516047.679602,1.323066,-0.068215,0.000000,0.177520
1788516047.743005,1.320212,-0.044811,0.000000,0.188552
1788516047.811272,1.318689,-0.027077,0.000000,0.188552
1788516047.878513,1.316557,-0.003747,0.000000,0.204169
1788516047.941785,1.315758,0.014910,0.000000,0.208619
1788516048.009495,1.313646,0.025136,0.000000,0.208619
1788516048.077266,1.316297,0.032867,0.000000,0.234277
1788516048.144797,1.312885,0.039568,0.000000,0.244109
1788516048.208128,1.310725,0.043204,0.000000,0.244109
1788516048.275794,1.307595,0.044955,0.000000,0.258454
1788516048.343495,1.308066,0.047782,0.000000,0.254570
1788516048.411194,1.307881,0.049620,0.000000,0.254570
1788516048.478673,1.309338,0.052404,0.000000,0.254570
1788516048.542345,1.311874,0.058766,0.000000,0.250750
1788516048.609729,1.317208,0.064367,0.000000,0.250750
1788516048.677809,1.324542,0.069553,0.000000,0.249413
1788516048.745111,1.334268,0.077051,0.000000,0.249413
1788516048.808538,1.346335,0.085535,0.000000,0.249413
1788516048.876940,1.360113,0.092352,0.000000,0.249413
1788516048.944064,1.377749,0.104276,0.000000,0.249413
1788516049.011407,1.398734,0.115744,0.000000,0.249413
1788516049.075055,1.423000,0.128523,0.000000,0.249413
1788516049.142704,1.448613,0.142848,0.000000,0.249413
1788516049.213202,1.476686,0.157422,0.000000,0.249413
1788516049.273771,1.551706,0.178732,0.000000,0.197764
1788516049.341431,1.585824,0.196600,0.000000,0.197764
1788516049.410483,1.618106,0.216290,0.000000,0.197764
1788516049.476607,1.652824,0.236978,0.000000,0.197764
1788516049.540303,1.687569,0.258363,0.000000,0.197764
1788516049.607789,1.719998,0.281144,0.000000,0.197764
1788516049.675320,1.751331,0.304812,0.000000,0.197764
1788516049.739992,1.782174,0.328878,0.000000,0.197764
1788516049.806479,1.807894,0.354691,0.000000,0.197764
1788516049.874468,1.897142,0.404513,0.000000,0.232286
1788516049.942136,1.924068,0.431088,0.000000,0.234345
1788516050.010103,1.942551,0.456804,0.000000,0.234345
1788516050.073132,1.964620,0.488801,0.000000,0.229443
1788516050.140990,1.978512,0.518681,0.000000,0.224239
1788516050.208661,1.986427,0.544889,0.000000,0.224239
1788516050.277119,1.994861,0.580160,0.000000,0.210026
1788516050.343885,1.998705,0.609961,0.000000,0.207379
1788516050.407397,1.998168,0.635974,0.000000,0.207379
1788516050.474488,1.996808,0.670903,0.000000,0.202743
1788516050.542980,1.992778,0.699947,0.000000,0.204604
1788516050.611468,1.986893,0.723507,0.000000,0.204604
1788516050.677573,1.981940,0.745481,0.000000,0.204604
1788516050.745998,1.976098,0.766196,0.000000,0.204604
1788516050.808616,1.971866,0.784315,0.000000,0.204604
1788516050.877434,1.966411,0.799289,0.000000,0.204604
1788516050.943985,1.961711,0.812847,0.000000,0.204604
1788516051.007493,1.959870,0.823026,0.000000,0.204604
1788516051.075071,1.958328,0.831415,0.000000,0.204604
1788516051.142602,1.958042,0.836362,0.000000,0.204604
1788516051.211336,1.957804,0.838815,0.000000,0.204604
1788516051.273711,1.961315,0.859787,0.000000,0.210231
1788516051.341640,1.963275,0.857801,0.000000,0.210231
1788516051.409265,1.964628,0.855151,0.000000,0.202052
1788516051.477603,1.968635,0.853110,0.000000,0.183352
1788516051.540642,1.972433,0.852040,0.000000,0.167522
1788516051.607638,1.973366,0.848746,0.000000,0.167522
1788516051.675276,1.975566,0.842498,0.000000,0.167333
1788516051.743146,1.977685,0.835507,0.000000,0.180527
1788516051.806405,1.979110,0.830363,0.000000,0.180527
1788516051.874086,1.979240,0.819157,0.000000,0.202595
1788516051.941707,1.979717,0.812120,0.000000,0.202595
1788516052.009401,1.981126,0.801838,0.000000,0.211664
1788516052.072999,1.982197,0.788707,0.000000,0.238064
1788516052.140550,1.982276,0.779732,0.000000,0.238064
1788516052.208229,1.980765,0.770344,0.000000,0.243055
1788516052.271869,1.978737,0.764539,0.000000,0.246306
1788516052.339731,1.975051,0.758390,0.000000,0.246306
1788516052.406976,1.971425,0.753788,0.000000,0.255455
1788516052.474491,1.965513,0.750628,0.000000,0.267287
1788516052.538342,1.960357,0.749881,0.000000,0.267287
1788516052.605707,1.951300,0.751927,0.000000,0.260219
1788516052.674243,1.943823,0.751447,0.000000,0.260219
1788516052.742760,1.934868,0.753298,0.000000,0.260219
1788516052.805478,1.927687,0.754273,0.000000,0.260219
1788516052.872735,1.909989,0.755125,0.000000,0.274628
1788516052.940223,1.902262,0.757127,0.000000,0.274628
1788516053.008085,1.893952,0.756994,0.000000,0.270790
1788516053.071141,1.882976,0.759015,0.000000,0.258870
1788516053.138569,1.876129,0.759609,0.000000,0.258870
1788516053.206212,1.869214,0.760140,0.000000,0.253624
1788516053.270246,1.865351,0.762940,0.000000,0.221033
1788516053.337874,1.862508,0.764127,0.000000,0.221033
1788516053.404704,1.857935,0.765621,0.000000,0.208862
1788516053.472491,1.854896,0.765575,0.000000,0.207902
1788516053.536122,1.854582,0.767411,0.000000,0.207902
1788516053.603683,1.854301,0.769797,0.000000,0.200617
1788516053.671284,1.855860,0.772997,0.000000,0.187855
1788516053.739398,1.855908,0.774666,0.000000,0.187855
1788516053.802349,1.857202,0.776781,0.000000,0.185050
1788516053.870255,1.854938,0.778885,0.000000,0.185153
1788516053.937590,1.857455,0.781852,0.000000,0.185153
1788516054.001142,1.860692,0.784626,0.000000,0.186545
1788516054.070039,1.869161,0.790253,0.000000,0.179455
1788516054.136307,1.873564,0.793262,0.000000,0.179455
1788516054.204153,1.879535,0.796749,0.000000,0.177799
1788516054.272466,1.888716,0.799206,0.000000,0.175733
1788516054.335239,1.895635,0.802737,0.000000,0.175733
1788516054.402729,1.903172,0.805402,0.000000,0.170617
1788516054.470442,1.914446,0.808079,0.000000,0.165970
1788516054.538429,1.925161,0.811381,0.000000,0.158611
1788516054.601530,1.935185,0.813894,0.000000,0.158611
1788516054.669224,1.945597,0.815898,0.000000,0.158611
1788516054.736956,1.957239,0.816305,0.000000,0.158611
1788516054.804370,1.968737,0.817004,0.000000,0.158611
1788516054.868987,1.981025,0.815043,0.000000,0.158611
1788516054.935650,1.993741,0.811598,0.000000,0.158611
1788516055.003158,2.004876,0.806705,0.000000,0.158611
1788516055.071370,2.015453,0.798293,0.000000,0.158611
1788516055.134281,2.024449,0.787582,0.000000,0.158611
1788516055.202099,2.052556,0.764398,0.000000,0.149669
1788516055.269803,2.061959,0.746258,0.000000,0.154158
1788516055.337878,2.069010,0.724996,0.000000,0.155651
1788516055.401024,2.076700,0.703823,0.000000,0.157401
1788516055.468415,2.085293,0.680982,0.000000,0.162860
1788516055.536513,2.092047,0.655949,0.000000,0.171755
1788516055.603593,2.096692,0.630350,0.000000,0.178656
1788516055.667903,2.106690,0.605960,0.000000,0.184654
1788516055.734707,2.115121,0.581769,0.000000,0.193489
1788516055.802262,2.125684,0.555140,0.000000,0.208086
1788516055.870040,2.136878,0.528529,0.000000,0.209236
1788516055.933470,2.146162,0.509571,0.000000,0.209236
1788516056.000940,2.155054,0.491227,0.000000,0.209236
1788516056.068870,2.163059,0.474344,0.000000,0.209236
1788516056.136323,2.172003,0.457016,0.000000,0.209236
1788516056.199718,2.177432,0.440660,0.000000,0.209236
1788516056.267375,2.183966,0.423459,0.000000,0.209236
1788516056.335315,2.187554,0.404662,0.000000,0.209236
1788516056.402951,2.190527,0.383497,0.000000,0.209236
1788516056.466766,2.191492,0.361179,0.000000,0.209236
1788516056.534022,2.191536,0.310060,0.000000,0.178428
1788516056.601513,2.186887,0.279638,0.000000,0.177004
1788516056.669709,2.179930,0.249363,0.000000,0.171401
1788516056.732494,2.173101,0.218697,0.000000,0.162529
1788516056.800270,2.165639,0.184399,0.000000,0.161976
1788516056.868120,2.161021,0.150859,0.000000,0.164295
1788516056.935502,2.154793,0.117854,0.000000,0.168777
1788516057.000692,2.148767,0.085500,0.000000,0.184407
1788516057.067929,2.141975,0.059534,0.000000,0.192664
1788516057.134585,2.136755,0.038979,0.000000,0.201112
1788516057.202546,2.129563,0.023455,0.000000,0.205143
1788516057.265915,2.126473,0.012613,0.000000,0.209948
1788516057.333809,2.125185,0.003065,0.000000,0.226155
1788516057.401095,2.129259,-0.002744,0.000000,0.249934
1788516057.468336,2.129405,-0.006206,0.000000,0.259943
1788516057.531848,2.129462,-0.006366,0.000000,0.269413
1788516057.599548,2.128208,-0.006133,0.000000,0.270695
1788516057.667103,2.127179,-0.005636,0.000000,0.266598
1788516057.734715,2.125782,-0.005341,0.000000,0.261892
1788516057.798473,2.121671,-0.006304,0.000000,0.256268
1788516057.865886,2.118070,-0.007045,0.000000,0.256268
1788516057.933712,2.113320,-0.008237,0.000000,0.256268
1788516058.001439,2.107751,-0.011160,0.000000,0.256268
1788516058.064770,2.100414,-0.014379,0.000000,0.256268
1788516058.132505,2.093535,-0.016177,0.000000,0.256268
1788516058.199796,2.073937,-0.015432,0.000000,0.215989
1788516058.267749,2.066849,-0.015612,0.000000,0.215989
1788516058.330908,2.058688,-0.013019,0.000000,0.215989
1788516058.398622,2.051647,-0.010205,0.000000,0.215989
1788516058.466452,2.044938,-0.005476,0.000000,0.215989
1788516058.533980,2.039394,-0.000117,0.000000,0.215989
1788516058.597569,2.035700,0.006871,0.000000,0.215989
1788516058.665285,2.032555,0.014344,0.000000,0.215989
1788516058.732910,2.027926,0.023168,0.000000,0.215989
1788516058.800461,2.023438,0.030767,0.000000,0.215989
1788516058.863677,2.020226,0.040314,0.000000,0.215989
1788516058.931537,2.011460,0.057242,0.000000,-0.116213
1788516058.999196,2.005502,0.067250,0.000000,-0.167270
1788516059.066840,2.001024,0.074395,0.000000,-0.167270
1788516059.130685,1.996463,0.084094,0.000000,-0.221706
1788516059.197872,1.993429,0.091892,0.000000,-0.232830
1788516059.265484,1.991772,0.101072,0.000000,-0.232830
1788516059.328847,1.998697,0.117281,0.000000,-0.253978
1788516059.396703,2.003324,0.129335,0.000000,-0.250313
1788516059.460237,2.005735,0.139856,0.000000,-0.250313
1788516059.527844,2.014058,0.153909,0.000000,-0.230836
1788516059.595535,2.022308,0.166644,0.000000,-0.222263
1788516059.659086,2.027649,0.176668,0.000000,-0.222263
1788516059.726594,2.038436,0.187841,0.000000,-0.208725
1788516059.793980,2.046842,0.196583,0.000000,-0.203740
1788516059.861746,2.053262,0.200509,0.000000,-0.203740
1788516059.925392,2.061562,0.205054,0.000000,-0.199169
1788516059.992945,2.066906,0.206159,0.000000,-0.199169
1788516060.060606,2.071395,0.206671,0.000000,-0.199169
1788516060.128469,2.075072,0.204599,0.000000,-0.199169
1788516060.195809,2.075535,0.202436,0.000000,-0.199169
1788516060.259393,2.079205,0.197890,0.000000,-0.150800
1788516060.326987,2.077018,0.194918,0.000000,-0.124391
1788516060.394586,2.072624,0.192794,0.000000,-0.111047
1788516060.462889,2.065604,0.191432,0.000000,-0.111047
1788516060.525819,2.054206,0.190909,0.000000,-0.089481
1788516060.593636,2.040101,0.191148,0.000000,-0.081671
1788516060.662448,2.027166,0.190611,0.000000,-0.081671
1788516060.728714,2.006456,0.191841,0.000000,-0.075437
1788516060.792167,1.985246,0.194733,0.000000,-0.079512
1788516060.859763,1.964852,0.196559,0.000000,-0.079512
1788516060.928980,1.937269,0.200682,0.000000,-0.087204
1788516060.995348,1.913416,0.203297,0.000000,-0.089620
1788516061.058875,1.892122,0.205986,0.000000,-0.089620
1788516061.128473,1.863660,0.210782,0.000000,-0.096254
1788516061.194195,1.838789,0.212748,0.000000,-0.100939
1788516061.261833,1.817365,0.214889,0.000000,-0.100939
1788516061.325489,1.789807,0.219895,0.000000,-0.118796
1788516061.392656,1.771445,0.221889,0.000000,-0.118796
1788516061.461164,1.750041,0.226867,0.000000,-0.126916
1788516061.528472,1.730007,0.229865,0.000000,-0.129767
1788516061.591413,1.716032,0.235985,0.000000,-0.129767
1788516061.663481,1.703717,0.242531,0.000000,-0.129767
1788516061.727091,1.694825,0.250664,0.000000,-0.129767
1788516061.794485,1.687371,0.260066,0.000000,-0.129767
1788516061.858084,1.681049,0.269671,0.000000,-0.129767
1788516061.925632,1.673636,0.291641,0.000000,-0.095504
1788516061.993138,1.669977,0.305745,0.000000,-0.095504
1788516062.060792,1.668176,0.324992,0.000000,-0.102021
1788516062.128511,1.666379,0.348208,0.000000,-0.122078
1788516062.191998,1.665411,0.366795,0.000000,-0.122078
1788516062.259623,1.663643,0.390953,0.000000,-0.136372
1788516062.327279,1.663674,0.419728,0.000000,-0.170594
1788516062.390618,1.662447,0.441756,0.000000,-0.170594
1788516062.459018,1.660113,0.469129,0.000000,-0.185229
1788516062.525774,1.656909,0.502167,0.000000,-0.210671
1788516062.593448,1.655032,0.525645,0.000000,-0.210671
1788516062.656911,1.651108,0.555830,0.000000,-0.221466
1788516062.725213,1.649034,0.591552,0.000000,-0.234620
1788516062.793804,1.645939,0.617541,0.000000,-0.234620
1788516062.855740,1.646522,0.651210,0.000000,-0.244934
1788516062.923662,1.650521,0.685902,0.000000,-0.247810
1788516062.991829,1.650747,0.710961,0.000000,-0.247810
1788516063.054364,1.652969,0.739880,0.000000,-0.251863
1788516063.122502,1.657175,0.766789,0.000000,-0.261731
1788516063.190403,1.660989,0.777709,0.000000,-0.261731
1788516063.253127,1.665099,0.787219,0.000000,-0.259664
1788516063.322667,1.670037,0.786101,0.000000,-0.223043
1788516063.384474,1.674384,0.784825,0.000000,-0.223043
1788516063.451925,1.677638,0.774326,0.000000,-0.199129
1788516063.524284,1.687354,0.755998,0.000000,-0.184081
1788516063.592541,1.693067,0.738137,0.000000,-0.184081
1788516063.650948,1.699140,0.713870,0.000000,-0.186030
1788516063.718686,1.703036,0.682256,0.000000,-0.199875
1788516063.785953,1.705373,0.657597,0.000000,-0.199875
1788516063.853654,1.704559,0.625008,0.000000,-0.196557
1788516063.917278,1.701350,0.590740,0.000000,-0.205180
1788516063.984823,1.701006,0.567716,0.000000,-0.205180
1788516064.052856,1.697747,0.543365,0.000000,-0.208343
1788516064.120368,1.693089,0.521253,0.000000,-0.208107
1788516064.183539,1.688604,0.504841,0.000000,-0.208107
1788516064.251221,1.682178,0.487279,0.000000,-0.200951
1788516064.319152,1.677429,0.474618,0.000000,-0.196792
1788516064.387088,1.674443,0.467247,0.000000,-0.196792
1788516064.451876,1.670430,0.460283,0.000000,-0.191636
1788516064.517972,1.665937,0.457266,0.000000,-0.188827
1788516064.585810,1.664107,0.458078,0.000000,-0.188827
1788516064.653100,1.662110,0.461897,0.000000,-0.191687
1788516064.716348,1.661231,0.467870,0.000000,-0.190418
1788516064.783963,1.660136,0.476427,0.000000,-0.190152
1788516064.853940,1.660835,0.486522,0.000000,-0.193049
1788516064.919324,1.662027,0.501637,0.000000,-0.200357
1788516064.982920,1.662500,0.512499,0.000000,-0.200357
1788516065.051581,1.664160,0.525565,0.000000,-0.203027
1788516065.118018,1.666511,0.537886,0.000000,-0.203965
1788516065.186084,1.668201,0.546847,0.000000,-0.203965
1788516065.249323,1.671459,0.555955,0.000000,-0.203965
1788516065.317194,1.676166,0.563257,0.000000,-0.203965
1788516065.385235,1.681660,0.567882,0.000000,-0.203965
1788516065.452619,1.686544,0.570034,0.000000,-0.203965
1788516065.515726,1.692391,0.568950,0.000000,-0.203965
1788516065.583341,1.708247,0.569741,0.000000,-0.183550
1788516065.650954,1.715296,0.561102,0.000000,-0.185214
1788516065.714437,1.721139,0.549883,0.000000,-0.183009
1788516065.782234,1.726346,0.533099,0.000000,-0.178499
1788516065.849842,1.728513,0.513093,0.000000,-0.177509
1788516065.913579,1.729084,0.489956,0.000000,-0.170407
1788516065.981009,1.725793,0.462185,0.000000,-0.163196
1788516066.048587,1.719149,0.430467,0.000000,-0.155732
1788516066.116097,1.709764,0.394271,0.000000,-0.140897
1788516066.179754,1.697569,0.360161,0.000000,-0.138623
1788516066.247155,1.684632,0.319304,0.000000,-0.129778
1788516066.315289,1.667897,0.280269,0.000000,-0.131267
1788516066.383210,1.651691,0.239176,0.000000,-0.130520
1788516066.450185,1.636055,0.197450,0.000000,-0.126673
1788516066.513728,1.619531,0.156516,0.000000,-0.123716
1788516066.581997,1.608360,0.125869,0.000000,-0.123716
1788516066.649291,1.598357,0.097883,0.000000,-0.123716
1788516066.716578,1.591496,0.072892,0.000000,-0.123716
1788516066.780230,1.585757,0.050588,0.000000,-0.123716
1788516066.847697,1.582560,0.032568,0.000000,-0.123716
1788516066.915658,1.579651,0.016417,0.000000,-0.123716
1788516066.983021,1.581458,0.006006,0.000000,-0.123716
1788516067.046640,1.583327,-0.000669,0.000000,-0.123716
1788516067.114305,1.585740,-0.004390,0.000000,-0.123716
1788516067.182127,1.580403,-0.030831,0.000000,-0.057515
1788516067.249299,1.583812,-0.030450,0.000000,-0.057515
1788516067.312727,1.586067,-0.026884,0.000000,-0.057515
1788516067.380899,1.588663,-0.023081,0.000000,-0.057515
1788516067.448220,1.589516,-0.016023,0.000000,-0.057515
1788516067.515626,1.590046,-0.008036,0.000000,-0.057515
1788516067.579114,1.588681,0.001956,0.000000,-0.057515
1788516067.646755,1.585052,0.010655,0.000000,-0.057515
1788516067.714610,1.581007,0.020508,0.000000,-0.057515
1788516067.782219,1.574624,0.031267,0.000000,-0.057515
1788516067.845514,1.565346,0.053899,0.000000,-0.096191
1788516067.913271,1.554688,0.066103,0.000000,-0.114829
1788516067.980993,1.542161,0.078101,0.000000,-0.132391
1788516068.048981,1.526161,0.087745,0.000000,-0.146308
1788516068.111848,1.508819,0.096528,0.000000,-0.157318
1788516068.181200,1.491137,0.105414,0.000000,-0.168284
1788516068.247302,1.472988,0.111882,0.000000,-0.175942
1788516068.314687,1.452589,0.117761,0.000000,-0.180665
1788516068.378137,1.433895,0.123812,0.000000,-0.183560
1788516068.446701,1.416431,0.132063,0.000000,-0.187084
1788516068.513835,1.400528,0.137147,0.000000,-0.187084
1788516068.581193,1.383130,0.149189,0.000000,-0.179115
1788516068.644854,1.368762,0.156169,0.000000,-0.179115
1788516068.712438,1.354906,0.169937,0.000000,-0.146701
1788516068.775956,1.339773,0.181473,0.000000,-0.127052
1788516068.843569,1.325577,0.197069,0.000000,-0.111212
1788516068.910991,1.312754,0.207567,0.000000,-0.111212
1788516068.974483,1.295250,0.228874,0.000000,-0.093618
1788516069.042239,1.277879,0.245427,0.000000,-0.092748
1788516069.111748,1.258782,0.259089,0.000000,-0.088073
1788516069.177684,1.238385,0.271409,0.000000,-0.087057
1788516069.241133,1.216261,0.285007,0.000000,-0.094553
1788516069.308809,1.196408,0.294825,0.000000,-0.094553
1788516069.376441,1.168948,0.307063,0.000000,-0.103038
1788516069.439903,1.142796,0.318283,0.000000,-0.111730
1788516069.507232,1.120319,0.327624,0.000000,-0.111730
1788516069.576119,1.090047,0.343068,0.000000,-0.126264
1788516069.642592,1.061930,0.356377,0.000000,-0.129605
1788516069.706008,1.037516,0.366363,0.000000,-0.129605
1788516069.774323,1.006919,0.385972,0.000000,-0.127401
1788516069.842270,0.974761,0.402887,0.000000,-0.120830
1788516069.909158,0.948689,0.416755,0.000000,-0.120830
1788516069.972874,0.912409,0.440709,0.000000,-0.100689
1788516070.040950,0.882286,0.459702,0.000000,-0.089411
1788516070.107766,0.856868,0.474071,0.000000,-0.089411
1788516070.176140,0.825966,0.493744,0.000000,-0.073611
1788516070.243110,0.797347,0.510403,0.000000,-0.068220
1788516070.306950,0.777225,0.524819,0.000000,-0.068220
1788516070.374230,0.752161,0.542668,0.000000,-0.076584
1788516070.441642,0.733950,0.557510,0.000000,-0.083120
1788516070.509257,0.720346,0.568641,0.000000,-0.083120
1788516070.574324,0.704795,0.582762,0.000000,-0.095386
1788516070.640795,0.696354,0.593628,0.000000,-0.101730
1788516070.708003,0.691826,0.601159,0.000000,-0.101730
1788516070.775577,0.690366,0.607054,0.000000,-0.101730
1788516070.839149,0.690245,0.611850,0.000000,-0.101730
1788516070.906764,0.691663,0.617854,0.000000,-0.115361
1788516070.974325,0.697194,0.618903,0.000000,-0.117849
1788516071.042245,0.702413,0.618902,0.000000,-0.117849
1788516071.105566,0.708778,0.617470,0.000000,-0.117849
1788516071.173254,0.717637,0.614121,0.000000,-0.117849
1788516071.240924,0.725867,0.606198,0.000000,-0.117849
1788516071.309247,0.735930,0.594988,0.000000,-0.117849
1788516071.372063,0.743370,0.582607,0.000000,-0.117849
1788516071.439655,0.752353,0.567675,0.000000,-0.117849
1788516071.508481,0.760193,0.550264,0.000000,-0.117849
1788516071.574940,0.773544,0.509924,0.000000,-0.087945
1788516071.638338,0.781866,0.484173,0.000000,-0.083563
1788516071.706671,0.788906,0.462173,0.000000,-0.083563
1788516071.773637,0.797932,0.434855,0.000000,-0.079160
1788516071.836986,0.803518,0.413978,0.000000,-0.079160
1788516071.904611,0.807048,0.394261,0.000000,-0.079160
1788516071.972344,0.811141,0.376360,0.000000,-0.079160
1788516072.035843,0.813661,0.360463,0.000000,-0.079160
1788516072.103504,0.815386,0.346385,0.000000,-0.079160
1788516072.170923,0.815428,0.335316,0.000000,-0.079160
1788516072.234438,0.814079,0.326322,0.000000,-0.079160
1788516072.302232,0.809873,0.306182,0.000000,-0.070822
1788516072.369947,0.803753,0.304074,0.000000,-0.075973
1788516072.437871,0.800500,0.302007,0.000000,-0.075973
1788516072.503428,0.797835,0.304898,0.000000,-0.084957
1788516072.568942,0.794699,0.307929,0.000000,-0.092534
1788516072.636454,0.791714,0.308892,0.000000,-0.092534
1788516072.700680,0.788661,0.310666,0.000000,-0.092534
1788516072.767339,0.784606,0.311686,0.000000,-0.092534
1788516072.835078,0.783046,0.311500,0.000000,-0.092534
1788516072.902535,0.781925,0.309700,0.000000,-0.092534
1788516072.966020,0.781219,0.304615,0.000000,-0.092534
1788516073.033831,0.781753,0.298296,0.000000,-0.092534
1788516073.101390,0.783388,0.289295,0.000000,-0.092534
1788516073.169118,0.786716,0.268934,0.000000,-0.141084
1788516073.236992,0.789474,0.253805,0.000000,-0.141084
1788516073.300219,0.795392,0.234738,0.000000,-0.129556
1788516073.367767,0.801458,0.208702,0.000000,-0.098467
1788516073.435972,0.806866,0.189195,0.000000,-0.098467
1788516073.503077,0.810041,0.166172,0.000000,-0.084496
1788516073.571224,0.811450,0.139491,0.000000,-0.072685
1788516073.634640,0.813939,0.119478,0.000000,-0.072685
1788516073.702440,0.815339,0.093164,0.000000,-0.065655
1788516073.771744,0.814045,0.065881,0.000000,-0.064519
1788516073.838238,0.813735,0.048373,0.000000,-0.064519
1788516073.905249,0.811865,0.029296,0.000000,-0.068638
1788516073.969007,0.810086,0.013860,0.000000,-0.077999
1788516074.035784,0.806891,0.000636,0.000000,-0.077999
1788516074.103384,0.802922,-0.012786,0.000000,-0.075734
1788516074.171177,0.793969,-0.022911,0.000000,-0.063799
1788516074.234551,0.789669,-0.029583,0.000000,-0.063799
1788516074.302132,0.783807,-0.034507,0.000000,-0.062222
1788516074.371034,0.775663,-0.042670,0.000000,-0.045442
1788516074.437401,0.770936,-0.045849,0.000000,-0.045442
1788516074.500865,0.764767,-0.050166,0.000000,-0.040220
1788516074.568754,0.760433,-0.054226,0.000000,-0.040220
1788516074.636133,0.753641,-0.062178,0.000000,-0.039652
1788516074.699842,0.749093,-0.065058,0.000000,-0.051915
1788516074.767336,0.744190,-0.067941,0.000000,-0.066488
1788516074.834870,0.739932,-0.071752,0.000000,-0.085238
1788516074.902709,0.736938,-0.073610,0.000000,-0.108018
1788516074.966242,0.734094,-0.073498,0.000000,-0.132089
1788516075.033853,0.735506,-0.068789,0.000000,-0.163056
1788516075.101569,0.734104,-0.061944,0.000000,-0.188091
1788516075.168937,0.732742,-0.051675,0.000000,-0.212156
1788516075.235940,0.734417,-0.037376,0.000000,-0.230820
1788516075.300132,0.737320,-0.022547,0.000000,-0.240901
1788516075.368026,0.740701,-0.004536,0.000000,-0.246696
1788516075.431413,0.744861,0.014491,0.000000,-0.247012
1788516075.501032,0.750803,0.033113,0.000000,-0.243425
1788516075.566754,0.756125,0.051290,0.000000,-0.227263
1788516075.634126,0.760886,0.068006,0.000000,-0.227263
1788516075.697631,0.766957,0.087870,0.000000,-0.225971
1788516075.765337,0.773763,0.107157,0.000000,-0.217816
1788516075.833840,0.777280,0.121351,0.000000,-0.217816
1788516075.900760,0.782118,0.134956,0.000000,-0.209217
1788516075.965012,0.786686,0.150771,0.000000,-0.204772
1788516076.031704,0.789829,0.164644,0.000000,-0.197205
1788516076.099607,0.794421,0.178741,0.000000,-0.186782
1788516076.167266,0.799726,0.192481,0.000000,-0.176322
1788516076.230321,0.803736,0.203048,0.000000,-0.163469
1788516076.301705,0.807170,0.213959,0.000000,-0.149280
1788516076.370428,0.810816,0.222358,0.000000,-0.133661
1788516076.435708,0.813132,0.230194,0.000000,-0.119053
1788516076.501172,0.815768,0.236190,0.000000,-0.106262
1788516076.564365,0.816118,0.239753,0.000000,-0.100314
1788516076.632177,0.814369,0.243957,0.000000,-0.095832
1788516076.699858,0.810577,0.244707,0.000000,-0.091286
1788516076.767793,0.809471,0.247774,0.000000,-0.100589
1788516076.835711,0.806548,0.249695,0.000000,-0.105763
1788516076.899621,0.804744,0.250204,0.000000,-0.114846
1788516076.966009,0.801975,0.251191,0.000000,-0.124800
1788516077.033736,0.799559,0.249577,0.000000,-0.126917
1788516077.101937,0.797854,0.247131,0.000000,-0.127465
1788516077.172143,0.797098,0.244423,0.000000,-0.128196
1788516077.232698,0.798072,0.242523,0.000000,-0.129611
1788516077.300578,0.799242,0.239493,0.000000,-0.131922
1788516077.368008,0.801728,0.232016,0.000000,-0.123670
1788516077.435689,0.804548,0.223225,0.000000,-0.115621
1788516077.498931,0.809353,0.214276,0.000000,-0.110650
1788516077.566609,0.815468,0.203439,0.000000,-0.106395
1788516077.634717,0.822354,0.192216,0.000000,-0.103923
1788516077.701879,0.826917,0.178100,0.000000,-0.097537
1788516077.765444,0.831111,0.161765,0.000000,-0.086172
1788516077.833669,0.833423,0.147000,0.000000,-0.083204
1788516077.900698,0.836681,0.130690,0.000000,-0.083182
1788516077.968368,0.842140,0.116355,0.000000,-0.091689
1788516078.032151,0.847976,0.101033,0.000000,-0.110443
1788516078.099169,0.850379,0.078036,0.000000,-0.110815
1788516078.166931,0.851701,0.052128,0.000000,-0.113598
1788516078.234584,0.851886,0.024433,0.000000,-0.116709
1788516078.298133,0.852984,-0.003248,0.000000,-0.124015
1788516078.365923,0.852852,-0.033935,0.000000,-0.132765
1788516078.433364,0.850627,-0.068061,0.000000,-0.139902
1788516078.501481,0.849451,-0.102334,0.000000,-0.147636
1788516078.564662,0.848107,-0.137199,0.000000,-0.157554
1788516078.632818,0.845873,-0.171667,0.000000,-0.166068
1788516078.699825,0.843684,-0.206672,0.000000,-0.171751
1788516078.763320,0.840735,-0.242149,0.000000,-0.175461
1788516078.830785,0.838981,-0.276930,0.000000,-0.178237
1788516078.898619,0.837602,-0.310118,0.000000,-0.178953
1788516078.962044,0.835809,-0.339923,0.000000,-0.177680
1788516079.030380,0.834143,-0.368418,0.000000,-0.174418
1788516079.099463,0.831911,-0.394306,0.000000,-0.171509
1788516079.165069,0.829683,-0.417366,0.000000,-0.170795
1788516079.228213,0.826226,-0.437847,0.000000,-0.173543
1788516079.299167,0.820919,-0.454609,0.000000,-0.177570
1788516079.364315,0.815171,-0.464460,0.000000,-0.186360
1788516079.431125,0.806273,-0.468237,0.000000,-0.196320
1788516079.495168,0.795484,-0.465237,0.000000,-0.201516
1788516079.562365,0.785288,-0.464798,0.000000,-0.201516
1788516079.630198,0.769642,-0.452756,0.000000,-0.197676
1788516079.697690,0.754817,-0.443738,0.000000,-0.187873
1788516079.761700,0.740048,-0.433346,0.000000,-0.175796
1788516079.828739,0.725546,-0.421386,0.000000,-0.163536
1788516079.896458,0.710374,-0.409183,0.000000,-0.154163
1788516079.963917,0.697067,-0.397699,0.000000,-0.154163
1788516080.027406,0.680722,-0.381861,0.000000,-0.149359
1788516080.099088,0.669044,-0.368642,0.000000,-0.151144
1788516080.162580,0.658003,-0.359359,0.000000,-0.151144
1788516080.230275,0.647537,-0.347205,0.000000,-0.158518
1788516080.293626,0.639098,-0.338528,0.000000,-0.164768
1788516080.361386,0.633847,-0.332015,0.000000,-0.164768
1788516080.429501,0.628191,-0.325902,0.000000,-0.173459
1788516080.496601,0.625434,-0.321780,0.000000,-0.172856
1788516080.564900,0.623972,-0.319801,0.000000,-0.172856
1788516080.628824,0.624054,-0.318363,0.000000,-0.169877
1788516080.695589,0.624356,-0.319860,0.000000,-0.163120
1788516080.762962,0.626131,-0.321267,0.000000,-0.163120
1788516080.831545,0.630813,-0.323394,0.000000,-0.154494
1788516080.894199,0.635198,-0.328271,0.000000,-0.144068
1788516080.961698,0.641026,-0.330111,0.000000,-0.144068
1788516081.029653,0.648929,-0.333006,0.000000,-0.137323
1788516081.092816,0.654368,-0.334516,0.000000,-0.134305
1788516081.160472,0.657786,-0.332976,0.000000,-0.134305
1788516081.228112,0.661765,-0.325892,0.000000,-0.144308
1788516081.295747,0.665149,-0.316128,0.000000,-0.152063
1788516081.359145,0.665488,-0.308166,0.000000,-0.152063
1788516081.426805,0.664232,-0.295801,0.000000,-0.153571
1788516081.494553,0.660902,-0.282832,0.000000,-0.153571
1788516081.562464,0.658248,-0.260971,0.000000,-0.156625
1788516081.625716,0.652493,-0.236808,0.000000,-0.159943
1788516081.693733,0.644640,-0.216898,0.000000,-0.159973
1788516081.760858,0.637760,-0.198839,0.000000,-0.159973
1788516081.828874,0.627293,-0.173091,0.000000,-0.165392
1788516081.894206,0.617965,-0.151568,0.000000,-0.169441
1788516081.960698,0.610296,-0.134121,0.000000,-0.169441
1788516082.027518,0.600281,-0.112603,0.000000,-0.172256
1788516082.095704,0.593422,-0.094551,0.000000,-0.176133
1788516082.162729,0.588949,-0.080911,0.000000,-0.176133
1788516082.226071,0.585148,-0.064348,0.000000,-0.181416
1788516082.293580,0.582951,-0.052491,0.000000,-0.182774
1788516082.362928,0.581337,-0.043523,0.000000,-0.182774
1788516082.429304,0.581806,-0.035148,0.000000,-0.182774
1788516082.492558,0.582841,-0.028911,0.000000,-0.182774
1788516082.560173,0.585147,-0.023615,0.000000,-0.182774
1788516082.628865,0.587668,-0.019474,0.000000,-0.182774
1788516082.696334,0.590048,-0.015954,0.000000,-0.182774
1788516082.760523,0.591747,-0.013171,0.000000,-0.182774
1788516082.826771,0.593532,-0.009732,0.000000,-0.182774
1788516082.894284,0.593765,-0.005974,0.000000,-0.182774
1788516082.957955,0.599627,0.002886,0.000000,-0.154855
1788516083.025557,0.597704,0.008124,0.000000,-0.147705
1788516083.093057,0.592189,0.014465,0.000000,-0.144215
1788516083.156739,0.587654,0.019105,0.000000,-0.144215
1788516083.224122,0.578829,0.026012,0.000000,-0.126647
1788516083.291733,0.570925,0.030682,0.000000,-0.126647
1788516083.359735,0.562595,0.036433,0.000000,-0.119241
1788516083.422769,0.551105,0.042619,0.000000,-0.104708
1788516083.490377,0.541084,0.049127,0.000000,-0.099491
1788516083.558040,0.533883,0.054147,0.000000,-0.099491
1788516083.625517,0.526544,0.060504,0.000000,-0.098240
1788516083.693288,0.521934,0.064565,0.000000,-0.098240
1788516083.757395,0.517672,0.071003,0.000000,-0.099636
1788516083.825000,0.516899,0.076050,0.000000,-0.096078
1788516083.892070,0.515213,0.078619,0.000000,-0.096078
1788516083.959645,0.516625,0.079991,0.000000,-0.090093
1788516084.023128,0.517888,0.080218,0.000000,-0.087777
1788516084.090713,0.518426,0.080578,0.000000,-0.087777
1788516084.158514,0.522083,0.080014,0.000000,-0.092583
1788516084.226877,0.524381,0.074824,0.000000,-0.104593
1788516084.289494,0.527846,0.074022,0.000000,-0.104593
1788516084.357233,0.530333,0.071766,0.000000,-0.120072
1788516084.425858,0.533041,0.069152,0.000000,-0.158485
1788516084.493737,0.537112,0.069257,0.000000,-0.158485
1788516084.557715,0.540484,0.068749,0.000000,-0.179506
1788516084.625742,0.543311,0.070844,0.000000,-0.215073
1788516084.692354,0.546119,0.072933,0.000000,-0.215073
1788516084.754586,0.551428,0.076512,0.000000,-0.226508
1788516084.822538,0.560260,0.082606,0.000000,-0.233558
1788516084.890379,0.565191,0.086292,0.000000,-0.233558
1788516084.953507,0.569422,0.090784,0.000000,-0.233558
1788516085.021188,0.574197,0.094881,0.000000,-0.233558
1788516085.088996,0.578900,0.097994,0.000000,-0.233558
1788516085.152373,0.582185,0.100773,0.000000,-0.233558
1788516085.221182,0.593508,0.104530,0.000000,-0.215401
1788516085.287653,0.594892,0.105559,0.000000,-0.215401
1788516085.350930,0.594884,0.105506,0.000000,-0.215401
1788516085.418732,0.594570,0.104701,0.000000,-0.215401
1788516085.486381,0.593505,0.102318,0.000000,-0.215401
1788516085.556101,0.590791,0.097920,0.000000,-0.215401
1788516085.617385,0.587683,0.094160,0.000000,-0.215401
1788516085.684964,0.584850,0.090254,0.000000,-0.215401
1788516085.752923,0.581203,0.086162,0.000000,-0.215401
1788516085.821677,0.577360,0.081752,0.000000,-0.215401
1788516085.885136,0.571436,0.075261,0.000000,-0.090190
1788516085.951533,0.567034,0.069838,0.000000,-0.072219
1788516086.019379,0.561134,0.062880,0.000000,-0.038935
1788516086.086631,0.556427,0.059126,0.000000,-0.038935
1788516086.154268,0.550118,0.055000,0.000000,-0.027619
1788516086.218001,0.543744,0.052012,0.000000,-0.018074
1788516086.285379,0.536772,0.048985,0.000000,-0.012895
1788516086.352964,0.531023,0.047660,0.000000,-0.015462
1788516086.420780,0.523070,0.045967,0.000000,-0.034233
1788516086.484371,0.515743,0.045354,0.000000,-0.034233
1788516086.551862,0.505539,0.047678,0.000000,-0.048295
1788516086.619395,0.496073,0.049526,0.000000,-0.064807
1788516086.687740,0.485551,0.054258,0.000000,-0.079659
1788516086.750875,0.476029,0.059245,0.000000,-0.090591
1788516086.818600,0.463905,0.066136,0.000000,-0.105236
1788516086.886767,0.454760,0.070404,0.000000,-0.105236
1788516086.954141,0.445233,0.078312,0.000000,-0.108468
1788516087.017236,0.436158,0.085765,0.000000,-0.110626
1788516087.089243,0.426774,0.094048,0.000000,-0.111141
1788516087.152462,0.418481,0.102871,0.000000,-0.110813
1788516087.219812,0.412041,0.112375,0.000000,-0.109798
1788516087.283296,0.406972,0.121268,0.000000,-0.106041
1788516087.351932,0.403071,0.130132,0.000000,-0.101753
1788516087.420847,0.400607,0.138279,0.000000,-0.096878
1788516087.491272,0.399058,0.142273,0.000000,-0.096878
1788516087.549953,0.399357,0.147381,0.000000,-0.087700
1788516087.617316,0.401915,0.150546,0.000000,-0.084547
1788516087.685117,0.403956,0.152272,0.000000,-0.083944
1788516087.752936,0.407393,0.152440,0.000000,-0.084646
1788516087.816250,0.411667,0.152218,0.000000,-0.085778
1788516087.883929,0.415150,0.151265,0.000000,-0.088582
1788516087.951454,0.418299,0.149545,0.000000,-0.091371
1788516088.019261,0.421460,0.149309,0.000000,-0.094213
1788516088.083036,0.422842,0.147860,0.000000,-0.096028
1788516088.150103,0.425151,0.147356,0.000000,-0.099518
1788516088.217720,0.426184,0.146689,0.000000,-0.100894
1788516088.285370,0.427445,0.146960,0.000000,-0.103037
1788516088.348906,0.427918,0.148618,0.000000,-0.104320
1788516088.416384,0.428748,0.150028,0.000000,-0.104450
1788516088.484044,0.428743,0.151141,0.000000,-0.102857
1788516088.547515,0.428142,0.152358,0.000000,-0.099161
1788516088.615214,0.427878,0.154176,0.000000,-0.095100
1788516088.682848,0.427584,0.154880,0.000000,-0.092600
1788516088.746260,0.425398,0.154511,0.000000,-0.089488
1788516088.814067,0.421667,0.154211,0.000000,-0.082939
1788516088.881710,0.415289,0.152721,0.000000,-0.077388
1788516088.949500,0.409449,0.151462,0.000000,-0.074673
1788516089.012738,0.399147,0.147425,0.000000,-0.065349
1788516089.080301,0.384118,0.146355,0.000000,-0.060784
1788516089.148027,0.371988,0.145151,0.000000,-0.061321
1788516089.215835,0.356322,0.142674,0.000000,-0.063420
1788516089.279358,0.339641,0.142494,0.000000,-0.066585
1788516089.347375,0.322693,0.141917,0.000000,-0.073477
1788516089.414498,0.305059,0.142785,0.000000,-0.082943
1788516089.482289,0.288780,0.142608,0.000000,-0.082943
1788516089.546062,0.267468,0.143849,0.000000,-0.094855
1788516089.613337,0.250504,0.143559,0.000000,-0.098241
1788516089.680994,0.235520,0.144372,0.000000,-0.099345
1788516089.749583,0.221955,0.145399,0.000000,-0.101582
1788516089.816400,0.214998,0.145267,0.000000,-0.101582
1788516089.879827,0.208123,0.147822,0.000000,-0.103356
1788516089.947463,0.203574,0.149354,0.000000,-0.102861
1788516090.016284,0.199496,0.149730,0.000000,-0.102861
1788516090.083193,0.198621,0.150605,0.000000,-0.098372
1788516090.146652,0.199232,0.151430,0.000000,-0.099558
1788516090.214067,0.199802,0.151739,0.000000,-0.101509
1788516090.281348,0.200125,0.151984,0.000000,-0.105056
1788516090.349116,0.200461,0.151752,0.000000,-0.109287
1788516090.412400,0.201210,0.151948,0.000000,-0.112620
1788516090.480192,0.200726,0.153494,0.000000,-0.116747
1788516090.548570,0.200799,0.154083,0.000000,-0.121348
1788516090.611254,0.199441,0.155987,0.000000,-0.126433
1788516090.679001,0.197669,0.158457,0.000000,-0.134356
1788516090.746536,0.196642,0.160746,0.000000,-0.134356
1788516090.814193,0.194187,0.162833,0.000000,-0.134356
1788516090.877627,0.193061,0.164933,0.000000,-0.134356
1788516090.945303,0.191798,0.166125,0.000000,-0.134356
1788516091.013130,0.190710,0.166747,0.000000,-0.134356
1788516091.076795,0.191537,0.167462,0.000000,-0.134356
1788516091.144381,0.192843,0.166979,0.000000,-0.134356
1788516091.211871,0.195517,0.168740,0.000000,-0.136964
1788516091.279312,0.199580,0.163201,0.000000,-0.127754
1788516091.342841,0.204553,0.158920,0.000000,-0.125951
1788516091.410358,0.208695,0.153895,0.000000,-0.125951
1788516091.478333,0.215144,0.146943,0.000000,-0.118724
1788516091.545930,0.219644,0.140301,0.000000,-0.114737
1788516091.613431,0.222155,0.135726,0.000000,-0.114737
1788516091.677006,0.224957,0.126111,0.000000,-0.109414
1788516091.744480,0.228134,0.118524,0.000000,-0.108566
1788516091.812239,0.230119,0.112752,0.000000,-0.108566
1788516091.879738,0.231012,0.101694,0.000000,-0.100360
1788516091.943314,0.229551,0.089726,0.000000,-0.090526
1788516092.011199,0.228788,0.080555,0.000000,-0.090526
1788516092.079185,0.224391,0.066460,0.000000,-0.074776
1788516092.146323,0.222283,0.055226,0.000000,-0.069134
1788516092.209790,0.221519,0.046439,0.000000,-0.069134
1788516092.277662,0.218125,0.037598,0.000000,-0.061613
1788516092.346066,0.215550,0.033009,0.000000,-0.063194
1788516092.412650,0.211239,0.030972,0.000000,-0.063194
1788516092.476108,0.207399,0.032121,0.000000,-0.068594
1788516092.544977,0.202247,0.033715,0.000000,-0.074053
1788516092.611422,0.194578,0.037170,0.000000,-0.074053
1788516092.680959,0.186065,0.040966,0.000000,-0.074053
1788516092.742469,0.173884,0.047339,0.000000,-0.074053
1788516092.810988,0.161079,0.053099,0.000000,-0.074053
1788516092.878938,0.147372,0.059635,0.000000,-0.074053
1788516092.941789,0.132537,0.065926,0.000000,-0.074053
1788516093.013113,0.119344,0.070884,0.000000,-0.074053
1788516093.076584,0.104822,0.075887,0.000000,-0.074053
1788516093.139995,0.092615,0.079040,0.000000,-0.074053
1788516093.208870,0.082999,0.080038,0.000000,-0.074053
1788516093.275270,0.054288,0.094916,0.000000,-0.131101
1788516093.338653,0.048152,0.094161,0.000000,-0.126641
1788516093.406442,0.047264,0.094647,0.000000,-0.126641
1788516093.474247,0.047435,0.093905,0.000000,-0.122199
1788516093.542918,0.055321,0.092196,0.000000,-0.127624
1788516093.605210,0.058220,0.092857,0.000000,-0.127624
1788516093.673476,0.068908,0.093225,0.000000,-0.147224
1788516093.740921,0.078849,0.095088,0.000000,-0.161805
1788516093.808549,0.085128,0.098753,0.000000,-0.161805
1788516093.872481,0.095106,0.101713,0.000000,-0.168875
1788516093.939551,0.103399,0.103948,0.000000,-0.165204
1788516094.007396,0.109925,0.107192,0.000000,-0.165204
1788516094.070369,0.114966,0.108653,0.000000,-0.155337
1788516094.139194,0.119145,0.110019,0.000000,-0.155337
1788516094.206270,0.125067,0.109994,0.000000,-0.136695
1788516094.269959,0.127244,0.110062,0.000000,-0.126770
1788516094.337058,0.128040,0.110096,0.000000,-0.126770
1788516094.406368,0.127665,0.110077,0.000000,-0.124486
1788516094.468438,0.127463,0.110254,0.000000,-0.124170
1788516094.535546,0.126765,0.110445,0.000000,-0.124170
1788516094.603234,0.127174,0.109515,0.000000,-0.123871
1788516094.666632,0.126695,0.109374,0.000000,-0.124459
1788516094.734313,0.127163,0.109218,0.000000,-0.124459
1788516094.798009,0.126903,0.109270,0.000000,-0.124856
1788516094.867558,0.126756,0.109196,0.000000,-0.124564
1788516094.929604,0.126837,0.109261,0.000000,-0.124987
1788516094.997308,0.126895,0.109489,0.000000,-0.124774
1788516095.060253,0.127431,0.109247,0.000000,-0.124775
1788516095.127530,0.126779,0.108262,0.000000,-0.124733
1788516095.197544,0.127049,0.108271,0.000000,-0.124608
1788516095.258733,0.127265,0.108443,0.000000,-0.124879
1788516095.326409,0.126746,0.108519,0.000000,-0.124716
1788516095.389997,0.127099,0.108558,0.000000,-0.124618
1788516095.457697,0.127354,0.108799,0.000000,-0.124963
1788516095.526132,0.127565,0.108250,0.000000,-0.124377
1788516095.593304,0.127721,0.108352,0.000000,-0.124377
1788516095.651883,0.127035,0.108175,0.000000,-0.124377
1788516095.719605,0.127407,0.108146,0.000000,-0.124377
1788516095.788449,0.126638,0.107809,0.000000,-0.124377
1788516095.852185,0.126904,0.108351,0.000000,-0.124377
1788516095.918706,0.126573,0.107876,0.000000,-0.124377
1788516095.981928,0.126830,0.108112,0.000000,-0.124377
1788516096.049373,0.126434,0.108017,0.000000,-0.124377
1788516096.113317,0.126455,0.108223,0.000000,-0.124377
1788516096.180562,0.126747,0.107606,0.000000,-0.124377
1788516096.244104,0.126199,0.107642,0.000000,-0.125645
1788516096.311862,0.126234,0.107666,0.000000,-0.125716
1788516096.375443,0.126032,0.108119,0.000000,-0.125544
1788516096.443724,0.126005,0.108081,0.000000,-0.125193
1788516096.513241,0.125598,0.107797,0.000000,-0.125665
1788516096.574506,0.125381,0.107847,0.000000,-0.125665
1788516096.641562,0.125273,0.107747,0.000000,-0.125665
1788516096.705516,0.125210,0.107801,0.000000,-0.125665
1788516096.772604,0.125373,0.107659,0.000000,-0.125665
1788516096.840263,0.125666,0.107790,0.000000,-0.125665
1788516096.903621,0.125729,0.107607,0.000000,-0.125665
1788516096.971836,0.125419,0.106976,0.000000,-0.125665
1788516097.035199,0.125079,0.107025,0.000000,-0.125665
1788516097.102688,0.125144,0.107167,0.000000,-0.125665
1788516097.170116,0.125229,0.107452,0.000000,-0.125766
1788516097.233495,0.126087,0.107585,0.000000,-0.125559
1788516097.302284,0.125308,0.107454,0.000000,-0.125559
1788516097.369349,0.125418,0.107350,0.000000,-0.125703
1788516097.432569,0.125534,0.107230,0.000000,-0.125811
1788516097.500417,0.125649,0.107108,0.000000,-0.125811
1788516097.564241,0.125615,0.107516,0.000000,-0.125976
1788516097.631227,0.125511,0.107467,0.000000,-0.125632
1788516097.698967,0.126043,0.107461,0.000000,-0.126065
1788516097.762358,0.126103,0.107102,0.000000,-0.126065
1788516097.829882,0.125208,0.106715,0.000000,-0.126281
1788516097.893337,0.125598,0.106745,0.000000,-0.126281
1788516097.960979,0.125059,0.107275,0.000000,-0.125744
1788516098.029097,0.124831,0.106678,0.000000,-0.125970
1788516098.091987,0.124778,0.107474,0.000000,-0.125970
1788516098.160012,0.125678,0.107353,0.000000,-0.125678
1788516098.227375,0.126009,0.107438,0.000000,-0.125761
1788516098.292069,0.125602,0.107810,0.000000,-0.125761
1788516098.358942,0.125408,0.107703,0.000000,-0.125998
1788516098.422017,0.125726,0.107675,0.000000,-0.125998
1788516098.489472,0.126004,0.108074,0.000000,-0.125998
1788516098.557999,0.125764,0.107677,0.000000,-0.125852
1788516098.620744,0.125934,0.108272,0.000000,-0.125716
1788516098.690026,0.126219,0.108226,0.000000,-0.125716
1788516098.752462,0.126569,0.108891,0.000000,-0.125407
1788516098.819309,0.126326,0.109202,0.000000,-0.125912
1788516098.887747,0.126439,0.108928,0.000000,-0.125912
1788516098.950767,0.126626,0.109194,0.000000,-0.125694
1788516099.019720,0.126332,0.108983,0.000000,-0.125619
1788516099.083638,0.126827,0.109089,0.000000,-0.125807
1788516099.149158,0.126593,0.109570,0.000000,-0.125888
1788516099.218806,0.126652,0.109629,0.000000,-0.125548
1788516099.280939,0.126185,0.109671,0.000000,-0.125755
1788516099.349121,0.126336,0.108768,0.000000,-0.125560
1788516099.411677,0.126906,0.109108,0.000000,-0.126104
1788516099.479108,0.126789,0.110111,0.000000,-0.126053
1788516099.548171,0.126634,0.109230,0.000000,-0.126261
1788516099.612194,0.126545,0.109398,0.000000,-0.126261
1788516099.678408,0.125952,0.109902,0.000000,-0.126261
1788516099.750519,0.125868,0.109212,0.000000,-0.126261
1788516099.813269,0.126162,0.108998,0.000000,-0.126261
1788516099.876604,0.126031,0.109159,0.000000,-0.126261
1788516099.940007,0.126184,0.109024,0.000000,-0.126261
1788516100.007710,0.125917,0.109667,0.000000,-0.126261
1788516100.075253,0.126084,0.109056,0.000000,-0.126261
1788516100.138874,0.126400,0.109441,0.000000,-0.126261
1788516100.206479,0.126091,0.109910,0.000000,-0.126991
1788516100.269962,0.126656,0.109328,0.000000,-0.126750
1788516100.337526,0.126125,0.109862,0.000000,-0.126967
1788516100.405190,0.127017,0.109411,0.000000,-0.127045
1788516100.468738,0.126984,0.109525,0.000000,-0.126844
1788516100.536387,0.126968,0.110012,0.000000,-0.126844
1788516100.600020,0.127102,0.109764,0.000000,-0.126844
1788516100.667376,0.126789,0.109834,0.000000,-0.126844
1788516100.735154,0.127084,0.109540,0.000000,-0.126844
1788516100.798887,0.126740,0.110472,0.000000,-0.126844
1788516100.866349,0.125950,0.110223,0.000000,-0.126844
1788516100.930537,0.126079,0.110425,0.000000,-0.126710
1788516100.997426,0.126071,0.110493,0.000000,-0.127075
1788516101.065174,0.126522,0.110812,0.000000,-0.126898
1788516101.128774,0.126106,0.110833,0.000000,-0.127060
1788516101.196464,0.125584,0.110545,0.000000,-0.126836
1788516101.259984,0.125734,0.110257,0.000000,-0.127145
1788516101.327418,0.125940,0.110913,0.000000,-0.127020
1788516101.394978,0.126073,0.110955,0.000000,-0.126952
1788516101.458409,0.126226,0.111223,0.000000,-0.126952
1788516101.526048,0.125817,0.111656,0.000000,-0.126477
1788516101.590701,0.125906,0.111527,0.000000,-0.126930
1788516101.657413,0.126613,0.111813,0.000000,-0.126930
1788516101.724875,0.126422,0.111910,0.000000,-0.126922
1788516101.788151,0.126764,0.111744,0.000000,-0.127031
1788516101.855746,0.126331,0.111959,0.000000,-0.127031
1788516101.919051,0.126687,0.111540,0.000000,-0.127090
1788516101.987100,0.126392,0.111569,0.000000,-0.126962
1788516102.054872,0.126134,0.111569,0.000000,-0.126962
1788516102.117994,0.126165,0.111978,0.000000,-0.127035
1788516102.185802,0.126515,0.111992,0.000000,-0.126880
1788516102.249510,0.126495,0.112193,0.000000,-0.126880
1788516102.317231,0.126697,0.112096,0.000000,-0.127180
1788516102.380822,0.126904,0.111813,0.000000,-0.127150
1788516102.447779,0.126636,0.111712,0.000000,-0.127150
1788516102.515451,0.126556,0.112032,0.000000,-0.127511
1788516102.578778,0.127020,0.112287,0.000000,-0.127547
1788516102.646662,0.126857,0.112544,0.000000,-0.127547
1788516102.710082,0.127143,0.112818,0.000000,-0.127354
1788516102.777631,0.126935,0.112719,0.000000,-0.127659
1788516102.845203,0.127494,0.112727,0.000000,-0.127659
1788516102.910787,0.127480,0.112870,0.000000,-0.127659
1788516102.976743,0.127150,0.112189,0.000000,-0.127659
1788516103.040215,0.127681,0.112509,0.000000,-0.127659
1788516103.107584,0.127860,0.112208,0.000000,-0.127659
1788516103.175138,0.128029,0.112140,0.000000,-0.127659
1788516103.238832,0.127609,0.111829,0.000000,-0.127572
1788516103.307333,0.127240,0.111753,0.000000,-0.127483
1788516103.369971,0.127642,0.111746,0.000000,-0.127478
1788516103.437442,0.127580,0.111876,0.000000,-0.127478
1788516103.505282,0.127557,0.111714,0.000000,-0.127478
1788516103.569312,0.127512,0.111118,0.000000,-0.127478
1788516103.636205,0.126728,0.111773,0.000000,-0.127478
1788516103.699697,0.127539,0.111627,0.000000,-0.127478
1788516103.767212,0.127519,0.111741,0.000000,-0.127478
1788516103.834819,0.127058,0.111542,0.000000,-0.127478
1788516103.898177,0.127315,0.111318,0.000000,-0.127453
1788516103.966003,0.127438,0.111236,0.000000,-0.127453
1788516104.030531,0.127695,0.111212,0.000000,-0.127453
1788516104.097279,0.127562,0.110911,0.000000,-0.127453
1788516104.164937,0.127518,0.110761,0.000000,-0.127453
1788516104.228215,0.127415,0.110913,0.000000,-0.127453
1788516104.295769,0.127383,0.111217,0.000000,-0.127453
1788516104.359196,0.127671,0.111290,0.000000,-0.127453
1788516104.427068,0.127725,0.111097,0.000000,-0.127453
1788516104.494619,0.127185,0.110545,0.000000,-0.127453
1788516104.557974,0.127254,0.110974,0.000000,-0.126300
1788516104.625811,0.127131,0.110591,0.000000,-0.126300
1788516104.689570,0.127090,0.110407,0.000000,-0.126300
1788516104.756611,0.127601,0.110772,0.000000,-0.126300
1788516104.825104,0.128224,0.111141,0.000000,-0.126300
1788516104.887847,0.128139,0.111283,0.000000,-0.126300
1788516104.955494,0.127720,0.111201,0.000000,-0.126300
1788516105.018829,0.128216,0.111479,0.000000,-0.126300
1788516105.086624,0.128134,0.111308,0.000000,-0.126300
1788516105.149901,0.128200,0.111300,0.000000,-0.126300
1788516105.217630,0.128998,0.111674,0.000000,-0.127575
1788516105.285738,0.128972,0.111388,0.000000,-0.127831
1788516105.348756,0.129109,0.110746,0.000000,-0.127461
1788516105.416415,0.128603,0.110853,0.000000,-0.127461
1788516105.479749,0.128586,0.111168,0.000000,-0.127786
1788516105.547643,0.128458,0.111147,0.000000,-0.127863
1788516105.615566,0.128571,0.111426,0.000000,-0.127863
1788516105.678744,0.128771,0.111450,0.000000,-0.127687
1788516105.746173,0.128704,0.111350,0.000000,-0.127798
1788516105.809704,0.129784,0.110887,0.000000,-0.127798
1788516105.877307,0.129355,0.110842,0.000000,-0.127704
1788516105.945510,0.129151,0.110622,0.000000,-0.127840
1788516106.009229,0.129622,0.110393,0.000000,-0.127840
1788516106.076360,0.129320,0.110777,0.000000,-0.127457
1788516106.140187,0.128972,0.110612,0.000000,-0.127649
1788516106.207356,0.129129,0.110799,0.000000,-0.127649
1788516106.275688,0.129056,0.110591,0.000000,-0.127673
1788516106.338317,0.128852,0.111393,0.000000,-0.127641
1788516106.406805,0.129566,0.111674,0.000000,-0.127641
1788516106.469682,0.129042,0.111290,0.000000,-0.127364
1788516106.537044,0.128990,0.111303,0.000000,-0.127683
1788516106.604742,0.129012,0.111412,0.000000,-0.127683
1788516106.668190,0.129277,0.111177,0.000000,-0.127821
1788516106.735843,0.129105,0.111526,0.000000,-0.127704
1788516106.799388,0.129117,0.111480,0.000000,-0.127704
1788516106.867120,0.129337,0.111596,0.000000,-0.127723
1788516106.934877,0.129636,0.110789,0.000000,-0.127747
1788516106.998005,0.129559,0.111700,0.000000,-0.127747
1788516107.066307,0.129472,0.111405,0.000000,-0.127205
1788516107.129190,0.129518,0.111597,0.000000,-0.126980
1788516107.197683,0.129502,0.111847,0.000000,-0.126980
1788516107.262802,0.129241,0.111347,0.000000,-0.126732
1788516107.327814,0.129670,0.110773,0.000000,-0.125740
1788516107.395580,0.129060,0.111116,0.000000,-0.125740
1788516107.459749,0.128850,0.111217,0.000000,-0.125836
1788516107.526596,0.128619,0.110984,0.000000,-0.124786
1788516107.590316,0.128379,0.111171,0.000000,-0.124786
1788516107.661881,0.129063,0.111378,0.000000,-0.124786
1788516107.725906,0.128547,0.110845,0.000000,-0.124786
1788516107.788989,0.128889,0.110627,0.000000,-0.124786
1788516107.856768,0.129054,0.110990,0.000000,-0.124786
1788516107.920635,0.128635,0.110848,0.000000,-0.124786
1788516107.987745,0.129114,0.110905,0.000000,-0.124786
1788516108.055312,0.128975,0.110706,0.000000,-0.124786
1788516108.118568,0.129008,0.110716,0.000000,-0.124786
1788516108.186951,0.128793,0.110489,0.000000,-0.125817
1788516108.249700,0.129073,0.110352,0.000000,-0.125920
1788516108.317579,0.129678,0.110706,0.000000,-0.125846
1788516108.385220,0.129484,0.110042,0.000000,-0.125846
1788516108.448472,0.128892,0.110370,0.000000,-0.126826
1788516108.516293,0.128512,0.110176,0.000000,-0.126607
1788516108.579498,0.128597,0.110437,0.000000,-0.126579
1788516108.647326,0.128267,0.110346,0.000000,-0.126465
1788516108.710797,0.128427,0.110061,0.000000,-0.126507
1788516108.778661,0.128763,0.110335,0.000000,-0.126596
1788516108.846117,0.129208,0.109766,0.000000,-0.126516
1788516108.910104,0.129121,0.109970,0.000000,-0.126493
1788516108.977088,0.129345,0.110125,0.000000,-0.126493
1788516109.040528,0.129361,0.110288,0.000000,-0.126493
1788516109.108183,0.129009,0.110664,0.000000,-0.126493
1788516109.176512,0.129496,0.111337,0.000000,-0.126414
1788516109.239940,0.129080,0.111580,0.000000,-0.126591
1788516109.306966,0.128511,0.111323,0.000000,-0.126248
1788516109.370562,0.128626,0.111600,0.000000,-0.126588
1788516109.438037,0.128220,0.111362,0.000000,-0.126257
1788516109.501747,0.128789,0.111570,0.000000,-0.126865
1788516109.569569,0.128544,0.111582,0.000000,-0.126917
1788516109.636812,0.128442,0.111269,0.000000,-0.126809
1788516109.700240,0.128908,0.111204,0.000000,-0.126921
1788516109.768174,0.128392,0.111435,0.000000,-0.126921
