t,x,y,z,yaw
1788515943.117904,-0.000000,-0.000000,0.000000,0.000000
1788515943.185094,0.000022,0.000560,0.000000,0.001337
1788515943.251573,-0.000035,0.000082,0.000000,0.000565
1788515943.316366,0.000403,0.000027,0.000000,0.000077
1788515943.384150,0.000613,-0.000028,0.000000,-0.001119
1788515943.451589,-0.000191,-0.001020,0.000000,-0.001119
1788515943.515524,0.000329,-0.000209,0.000000,-0.002411
1788515943.582924,0.000486,-0.001341,0.000000,-0.001720
1788515943.650553,0.000079,-0.000456,0.000000,-0.002209
1788515943.714266,0.001448,-0.001602,0.000000,-0.002209
1788515943.781857,0.001188,-0.000818,0.000000,-0.003405
1788515943.849224,0.001690,-0.000178,0.000000,-0.003060
1788515943.912773,0.002576,-0.000261,0.000000,-0.004036
1788515943.984255,0.003388,-0.000552,0.000000,-0.004036
1788515944.048890,0.004213,-0.000324,0.000000,-0.005181
1788515944.115687,0.004583,-0.000844,0.000000,-0.004491
1788515944.180191,0.004270,-0.000486,0.000000,-0.005583
1788515944.246791,0.004022,-0.000197,0.000000,-0.004118
1788515944.314773,0.004070,-0.000765,0.000000,-0.004118
1788515944.381947,0.004447,-0.000391,0.000000,-0.005263
1788515944.445525,0.003901,-0.001030,0.000000,-0.005263
1788515944.513441,0.003733,-0.000894,0.000000,-0.005608
1788515944.581110,0.003707,-0.000466,0.000000,-0.005120
1788515944.650288,0.003583,-0.001364,0.000000,-0.004429
1788515944.717361,0.003639,-0.001044,0.000000,-0.005406
1788515944.779581,0.004122,-0.000895,0.000000,-0.005406
1788515944.846990,0.004521,-0.001375,0.000000,-0.006382
1788515944.914564,0.004037,-0.001555,0.000000,-0.006871
1788515944.982294,0.003328,-0.001149,0.000000,-0.006525
1788515945.045846,0.003849,-0.002222,0.000000,-0.006525
1788515945.114634,0.004007,-0.001990,0.000000,-0.005144
1788515945.182074,0.003036,-0.002191,0.000000,-0.006389
1788515945.248966,0.003162,-0.002433,0.000000,-0.007303
1788515945.313349,0.003187,-0.002084,0.000000,-0.007993
1788515945.380072,0.003989,-0.002389,0.000000,-0.008684
1788515945.448128,0.003466,-0.002399,0.000000,-0.008684
1788515945.511832,0.004163,-0.001778,0.000000,-0.009829
1788515945.583463,0.004709,-0.001811,0.000000,-0.010174
1788515945.647273,0.004161,-0.001589,0.000000,-0.010662
1788515945.715456,0.004290,-0.001902,0.000000,-0.009686
1788515945.777664,0.004908,-0.001613,0.000000,-0.009686
1788515945.845039,0.004113,-0.002301,0.000000,-0.008490
1788515945.912624,0.003311,-0.002092,0.000000,-0.009466
1788515945.976706,0.003862,-0.003357,0.000000,-0.009466
1788515946.043772,0.004130,-0.002815,0.000000,-0.010064
1788515946.112395,0.004610,-0.002508,0.000000,-0.009219
1788515946.179665,0.004179,-0.002652,0.000000,-0.009991
1788515946.243131,0.005035,-0.002643,0.000000,-0.011187
1788515946.310478,0.005322,-0.002601,0.000000,-0.010042
1788515946.379658,0.004411,-0.002912,0.000000,-0.010042
1788515946.445659,0.004695,-0.002500,0.000000,-0.011133
1788515946.513190,0.004009,-0.002214,0.000000,-0.012047
1788515946.578260,0.004122,-0.002680,0.000000,-0.011070
1788515946.644787,0.004408,-0.002121,0.000000,-0.011070
1788515946.712779,0.004857,-0.001928,0.000000,-0.011916
1788515946.779617,0.005167,-0.002517,0.000000,-0.010880
1788515946.843182,0.004392,-0.002239,0.000000,-0.010880
1788515946.911543,0.004590,-0.002553,0.000000,-0.011857
1788515946.978484,0.004636,-0.002579,0.000000,-0.012703
1788515947.046082,0.004255,-0.003378,0.000000,-0.011667
1788515947.114127,0.004226,-0.003638,0.000000,-0.012012
1788515947.177249,0.004764,-0.002822,0.000000,-0.012012
1788515947.244612,0.004246,-0.002791,0.000000,-0.012357
1788515947.312276,0.004333,-0.001984,0.000000,-0.013203
1788515947.375651,0.004536,-0.002608,0.000000,-0.012227
1788515947.443422,0.004463,-0.002773,0.000000,-0.012715
1788515947.511198,0.004247,-0.002810,0.000000,-0.011623
1788515947.578672,0.004210,-0.002825,0.000000,-0.012469
1788515947.642550,0.004153,-0.002167,0.000000,-0.012814
1788515947.710053,0.003872,-0.001912,0.000000,-0.012814
1788515947.777592,0.003468,-0.002266,0.000000,-0.012469
1788515947.841001,0.003835,-0.002718,0.000000,-0.011980
1788515947.910439,0.004248,-0.002080,0.000000,-0.011492
1788515947.976446,0.003970,-0.001924,0.000000,-0.012957
1788515948.044290,0.004248,-0.002205,0.000000,-0.012612
1788515948.107427,0.004529,-0.001957,0.000000,-0.011320
1788515948.175843,0.004679,-0.001710,0.000000,-0.012516
1788515948.242837,0.004413,-0.002134,0.000000,-0.013288
1788515948.310422,0.005118,-0.002583,0.000000,-0.013288
1788515948.374243,0.004868,-0.002275,0.000000,-0.012143
1788515948.442278,0.004819,-0.001276,0.000000,-0.012989
1788515948.508964,0.005113,-0.002259,0.000000,-0.012643
1788515948.577018,0.004506,-0.002432,0.000000,-0.011262
1788515948.640469,0.004928,-0.001926,0.000000,-0.012844
1788515948.708082,0.005112,-0.001568,0.000000,-0.011931
1788515948.775463,0.004625,-0.001779,0.000000,-0.010686
1788515948.843133,0.005091,-0.002241,0.000000,-0.010686
1788515948.906628,0.005139,-0.001870,0.000000,-0.011663
1788515948.974188,0.005609,-0.001103,0.000000,-0.010686
1788515949.042272,0.004821,-0.000918,0.000000,-0.010686
1788515949.110173,0.004016,-0.000978,0.000000,-0.011600
1788515949.177352,0.003859,-0.000665,0.000000,-0.011600
1788515949.240646,0.004266,-0.000784,0.000000,-0.010909
1788515949.308323,0.004015,-0.000941,0.000000,-0.009873
1788515949.376441,0.004107,-0.000509,0.000000,-0.011118
1788515949.439338,0.004061,-0.001139,0.000000,-0.010026
1788515949.507171,0.003881,-0.001127,0.000000,-0.010026
1788515949.575422,0.003820,-0.000648,0.000000,-0.011271
1788515949.642467,0.004189,-0.001174,0.000000,-0.011271
1788515949.706167,0.003973,-0.001182,0.000000,-0.011759
1788515949.773696,0.003922,-0.001200,0.000000,-0.011161
1788515949.841915,0.003792,-0.001662,0.000000,-0.011161
1788515949.905165,0.004107,-0.001704,0.000000,-0.010316
1788515949.973332,0.003668,-0.002576,0.000000,-0.011088
1788515950.040744,0.003622,-0.001875,0.000000,-0.010242
1788515950.108762,0.003789,-0.001833,0.000000,-0.010242
1788515950.171064,0.004077,-0.002143,0.000000,-0.009470
1788515950.238868,0.003426,-0.002004,0.000000,-0.008779
1788515950.306307,0.003311,-0.002221,0.000000,-0.008779
1788515950.374147,0.001815,-0.002546,0.000000,-0.008779
1788515950.440030,0.002377,-0.002802,0.000000,-0.009975
1788515950.505230,0.002716,-0.001643,0.000000,-0.009630
1788515950.572878,0.002213,-0.001821,0.000000,-0.008293
1788515950.641502,0.002920,-0.001683,0.000000,-0.008891
1788515950.708917,0.002489,-0.001252,0.000000,-0.009804
1788515950.771559,0.002231,-0.001175,0.000000,-0.009804
1788515950.839180,0.002557,-0.001152,0.000000,-0.008560
1788515950.907074,0.002511,-0.000903,0.000000,-0.008560
1788515950.974749,0.002419,-0.000915,0.000000,-0.009250
1788515951.038043,0.002175,-0.001654,0.000000,-0.010164
1788515951.105599,0.002485,-0.000520,0.000000,-0.010854
1788515951.173699,0.002446,-0.000820,0.000000,-0.009609
1788515951.240945,0.002491,-0.001011,0.000000,-0.011153
1788515951.304528,0.002380,-0.001168,0.000000,-0.009462
1788515951.371874,0.002538,-0.001518,0.000000,-0.010060
1788515951.439576,0.002793,-0.001078,0.000000,-0.011525
1788515951.503060,0.002609,-0.001081,0.000000,-0.011179
1788515951.570812,0.002870,-0.000837,0.000000,-0.010691
1788515951.638500,0.003169,-0.001103,0.000000,-0.011382
1788515951.705982,0.003311,-0.000009,0.000000,-0.012072
1788515951.769592,0.003142,-0.000556,0.000000,-0.010528
1788515951.837070,0.003446,-0.000533,0.000000,-0.011724
1788515951.904788,0.003391,-0.000089,0.000000,-0.011034
1788515951.969280,0.004208,0.000255,0.000000,-0.011522
1788515952.035846,0.003586,-0.000182,0.000000,-0.011177
1788515952.103630,0.003517,-0.001319,0.000000,-0.009839
1788515952.171054,0.003720,-0.000355,0.000000,-0.011131
1788515952.234560,0.003960,-0.000216,0.000000,-0.010286
1788515952.302192,0.004077,-0.000101,0.000000,-0.010774
1788515952.370093,0.003998,-0.000318,0.000000,-0.011970
1788515952.437950,0.003923,-0.000435,0.000000,-0.011124
1788515952.505508,0.003594,-0.001175,0.000000,-0.011124
1788515952.568951,0.003853,-0.000231,0.000000,-0.012369
1788515952.636572,0.003755,-0.001014,0.000000,-0.012714
1788515952.704058,0.003872,-0.000935,0.000000,-0.012024
1788515952.771857,0.003404,-0.001810,0.000000,-0.012024
1788515952.835742,0.003369,-0.001609,0.000000,-0.012714
1788515952.902667,0.003799,-0.001581,0.000000,-0.011469
1788515952.970361,0.003990,-0.001351,0.000000,-0.012807
1788515953.037959,0.003160,-0.001475,0.000000,-0.011662
1788515953.101501,0.003254,-0.001385,0.000000,-0.010748
1788515953.169127,0.003452,-0.001791,0.000000,-0.009325
1788515953.240203,0.003151,-0.001013,0.000000,-0.010706
1788515953.301031,0.003289,-0.001794,0.000000,-0.010706
1788515953.368486,0.003407,-0.001365,0.000000,-0.009860
1788515953.436125,0.003313,-0.001050,0.000000,-0.009860
1788515953.503267,0.003112,-0.001185,0.000000,-0.010773
1788515953.568908,0.003537,-0.000983,0.000000,-0.010428
1788515953.634318,0.003459,-0.000889,0.000000,-0.009136
1788515953.704403,0.003194,-0.000832,0.000000,-0.010172
1788515953.765419,0.003555,-0.001849,0.000000,-0.009827
1788515953.833078,0.003390,-0.001556,0.000000,-0.008850
1788515953.901192,0.003342,-0.002036,0.000000,-0.008362
1788515953.968524,0.003335,-0.001510,0.000000,-0.009275
1788515954.031920,0.003659,-0.001547,0.000000,-0.009275
1788515954.102389,0.003232,-0.001502,0.000000,-0.007984
1788515954.167164,0.002835,-0.002365,0.000000,-0.007638
1788515954.234863,0.003331,-0.001370,0.000000,-0.008834
1788515954.302574,0.003254,-0.001051,0.000000,-0.007921
1788515954.365965,0.003417,-0.000994,0.000000,-0.008266
1788515954.433810,0.003687,-0.000553,0.000000,-0.008266
1788515954.501255,0.004002,-0.000516,0.000000,-0.008611
1788515954.568842,0.003537,-0.001597,0.000000,-0.007319
1788515954.632662,0.004279,-0.001130,0.000000,-0.008411
1788515954.699954,0.003804,-0.001340,0.000000,-0.007435
1788515954.767611,0.003939,-0.000545,0.000000,-0.008979
1788515954.835439,0.004068,-0.001187,0.000000,-0.007887
1788515954.898960,0.004650,-0.000594,0.000000,-0.008375
1788515954.966783,0.004300,-0.000414,0.000000,-0.008375
1788515955.036320,0.004515,-0.000836,0.000000,-0.009289
1788515955.097779,0.004427,-0.000619,0.000000,-0.008800
1788515955.165238,0.004702,-0.000541,0.000000,-0.008455
1788515955.232818,0.004916,-0.000982,0.000000,-0.009836
1788515955.296506,0.004506,-0.000572,0.000000,-0.008991
1788515955.365061,0.004881,-0.000242,0.000000,-0.009336
1788515955.432009,0.004886,-0.000362,0.000000,-0.008359
1788515955.499324,0.004901,-0.000481,0.000000,-0.007871
1788515955.566780,0.005231,-0.000539,0.000000,-0.007871
1788515955.631695,0.005601,-0.000588,0.000000,-0.008216
1788515955.699164,0.004972,-0.000690,0.000000,-0.008216
1788515955.772145,0.004962,-0.000783,0.000000,-0.007071
1788515955.829096,0.005000,-0.000543,0.000000,-0.006583
1788515955.898224,0.005255,-0.000006,0.000000,-0.007071
1788515955.964604,0.005132,0.000103,0.000000,-0.008107
1788515956.033196,0.005229,0.000199,0.000000,-0.006962
1788515956.100125,0.005131,0.000024,0.000000,-0.006617
1788515956.163102,0.005650,-0.000131,0.000000,-0.006617
1788515956.233653,0.006037,-0.000087,0.000000,-0.006617
1788515956.299436,0.005661,0.000113,0.000000,-0.007215
1788515956.366164,0.005867,-0.001515,0.000000,-0.006443
1788515956.429765,0.006111,-0.000892,0.000000,-0.005752
1788515956.499033,0.006886,-0.000835,0.000000,-0.005264
1788515956.565517,0.006490,-0.000759,0.000000,-0.006356
1788515956.633207,0.006511,-0.000537,0.000000,-0.005210
1788515956.696099,0.006710,-0.000645,0.000000,-0.005210
1788515956.763856,0.006660,-0.000116,0.000000,-0.005210
1788515956.831485,0.006001,-0.001028,0.000000,-0.005699
1788515956.899016,0.006410,-0.000888,0.000000,-0.005699
1788515956.963952,0.006421,-0.001018,0.000000,-0.006044
1788515957.030522,0.006793,-0.000607,0.000000,-0.005008
1788515957.097811,0.006249,-0.000245,0.000000,-0.006204
1788515957.165588,0.006920,-0.001565,0.000000,-0.005168
1788515957.228926,0.006483,-0.000739,0.000000,-0.005657
1788515957.296618,0.006812,-0.000392,0.000000,-0.004276
1788515957.365866,0.006740,0.000497,0.000000,-0.004276
1788515957.427624,0.006505,-0.000055,0.000000,-0.005121
1788515957.495208,0.006690,0.000357,0.000000,-0.003698
1788515957.562929,0.006558,0.000255,0.000000,-0.005079
1788515957.630690,0.006998,0.000719,0.000000,-0.005079
1788515957.694783,0.006865,0.000844,0.000000,-0.003834
1788515957.762484,0.006256,0.000329,0.000000,-0.003489
1788515957.829569,0.006700,0.000983,0.000000,-0.004912
1788515957.898482,0.005462,0.000522,0.000000,-0.005603
1788515957.960684,0.005943,0.000960,0.000000,-0.004266
1788515958.028156,0.006162,0.001274,0.000000,-0.005411
1788515958.095682,0.006708,0.001024,0.000000,-0.006387
1788515958.163500,0.006487,0.000803,0.000000,-0.005351
1788515958.226834,0.006606,-0.000078,0.000000,-0.006497
1788515958.294781,0.006652,0.000526,0.000000,-0.005351
1788515958.362463,0.007067,-0.000109,0.000000,-0.006197
1788515958.430351,0.006183,-0.000043,0.000000,-0.007043
1788515958.493531,0.006452,-0.000050,0.000000,-0.007043
1788515958.561928,0.007162,0.000514,0.000000,-0.007815
1788515958.629033,0.006745,0.000382,0.000000,-0.006901
1788515958.696516,0.006630,-0.000107,0.000000,-0.005478
1788515958.763943,0.006295,-0.000427,0.000000,-0.006901
1788515958.827621,0.007162,0.000117,0.000000,-0.006413
1788515958.895175,0.007693,-0.000273,0.000000,-0.006068
1788515958.964267,0.007571,-0.000260,0.000000,-0.005723
1788515959.030301,0.008347,0.000250,0.000000,-0.005234
1788515959.093703,0.008239,-0.000049,0.000000,-0.006572
1788515959.161911,0.008039,0.000501,0.000000,-0.006917
1788515959.229186,0.007885,0.000278,0.000000,-0.006917
1788515959.296793,0.007774,0.000168,0.000000,-0.006145
1788515959.360366,0.007331,0.000170,0.000000,-0.007058
1788515959.428303,0.007659,-0.000248,0.000000,-0.006713
1788515959.496390,0.007582,0.000177,0.000000,-0.007805
1788515959.559016,0.007441,0.000144,0.000000,-0.008293
1788515959.626698,0.007778,0.000510,0.000000,-0.008293
1788515959.694331,0.007588,0.000084,0.000000,-0.008638
1788515959.762008,0.007435,-0.000142,0.000000,-0.008638
1788515959.825418,0.007889,0.000699,0.000000,-0.007662
1788515959.893068,0.007849,0.000168,0.000000,-0.006370
1788515959.963263,0.007640,0.000655,0.000000,-0.007952
1788515960.025027,0.007754,0.000564,0.000000,-0.007354
1788515960.092183,0.007704,0.000460,0.000000,-0.008200
1788515960.159708,0.007651,0.000448,0.000000,-0.006863
1788515960.227549,0.006966,0.001035,0.000000,-0.008155
1788515960.290604,0.007528,0.000891,0.000000,-0.008155
1788515960.358139,0.007370,0.001162,0.000000,-0.007809
1788515960.425829,0.007666,0.001310,0.000000,-0.007809
1788515960.493813,0.008069,0.001423,0.000000,-0.009005
1788515960.561242,0.007750,0.000673,0.000000,-0.009005
1788515960.626406,0.007988,0.000755,0.000000,-0.008407
1788515960.692244,0.008131,0.000805,0.000000,-0.008407
1788515960.759937,0.007199,0.000441,0.000000,-0.008753
1788515960.827746,0.007005,0.000749,0.000000,-0.008155
1788515960.891057,0.006908,0.000787,0.000000,-0.007309
1788515960.958665,0.006310,0.001139,0.000000,-0.007654
1788515961.026321,0.006765,0.000357,0.000000,-0.007654
1788515961.094174,0.006551,0.000187,0.000000,-0.007999
1788515961.157773,0.005985,0.000965,0.000000,-0.008771
1788515961.225636,0.005469,0.001288,0.000000,-0.008771
1788515961.293266,0.005746,0.000582,0.000000,-0.009543
1788515961.356324,0.005830,0.000508,0.000000,-0.009543
1788515961.424025,0.006059,0.000246,0.000000,-0.009543
1788515961.491763,0.005542,0.000391,0.000000,-0.010315
1788515961.564882,0.005495,0.000299,0.000000,-0.009970
1788515961.627502,0.005351,0.000634,0.000000,-0.009970
1788515961.696179,0.005419,0.000642,0.000000,-0.009482
1788515961.759858,0.005367,0.000762,0.000000,-0.010254
1788515961.821963,0.005653,0.000384,0.000000,-0.008962
1788515961.889363,0.005524,0.000331,0.000000,-0.008962
1788515961.956686,0.005928,0.000500,0.000000,-0.009653
1788515962.024478,0.005908,0.000248,0.000000,-0.008315
1788515962.092130,0.005575,-0.000691,0.000000,-0.007717
1788515962.156124,0.005905,0.000108,0.000000,-0.009009
1788515962.223016,0.006153,0.000064,0.000000,-0.007318
1788515962.291137,0.005924,0.000432,0.000000,-0.007916
1788515962.359091,0.006142,0.000594,0.000000,-0.008261
1788515962.421742,0.005883,0.000915,0.000000,-0.008261
1788515962.489585,0.006001,0.001074,0.000000,-0.008261
1788515962.557240,0.005984,0.001377,0.000000,-0.009553
1788515962.624861,0.005997,0.000487,0.000000,-0.010890
1788515962.688261,0.005551,0.001101,0.000000,-0.011982
1788515962.756171,0.005668,0.001428,0.000000,-0.010837
1788515962.823610,0.006391,0.001394,0.000000,-0.011982
1788515962.886954,0.006052,0.000747,0.000000,-0.010645
1788515962.954824,0.005969,0.001403,0.000000,-0.010157
1788515963.022259,0.005692,0.000310,0.000000,-0.010645
1788515963.090216,0.006115,0.000618,0.000000,-0.009954
1788515963.153755,0.006714,0.000756,0.000000,-0.010443
1788515963.220953,0.007205,0.000964,0.000000,-0.010443
1788515963.288733,0.006844,0.001339,0.000000,-0.011907
1788515963.352651,0.007570,0.001728,0.000000,-0.011907
1788515963.420089,0.008141,0.001689,0.000000,-0.011419
1788515963.487462,0.007558,0.000922,0.000000,-0.010573
1788515963.555231,0.007659,0.001271,0.000000,-0.011609
1788515963.618642,0.007543,0.000606,0.000000,-0.010633
1788515963.686493,0.007900,0.000709,0.000000,-0.010633
1788515963.753960,0.006993,0.000484,0.000000,-0.009787
1788515963.821677,0.006914,0.000762,0.000000,-0.010823
1788515963.884960,0.007471,0.000566,0.000000,-0.011421
1788515963.952596,0.007290,0.000420,0.000000,-0.010084
1788515964.020497,0.008425,0.000707,0.000000,-0.010084
1788515964.088159,0.008351,0.000533,0.000000,-0.009311
1788515964.156109,0.007774,0.000836,0.000000,-0.009657
1788515964.219201,0.007996,0.001086,0.000000,-0.010902
1788515964.293160,0.008359,0.001159,0.000000,-0.010304
1788515964.354506,0.008170,0.000822,0.000000,-0.008839
1788515964.418034,0.008406,0.001845,0.000000,-0.009184
1788515964.485439,0.007737,0.001403,0.000000,-0.009529
1788515964.553109,0.007108,0.002146,0.000000,-0.009529
1788515964.620991,0.008121,0.001740,0.000000,-0.009875
1788515964.684562,0.008223,0.001632,0.000000,-0.009875
1788515964.752150,0.008395,0.002180,0.000000,-0.008961
1788515964.819605,0.008173,0.001557,0.000000,-0.009306
1788515964.887112,0.007682,0.001856,0.000000,-0.010598
1788515964.950633,0.008020,0.002047,0.000000,-0.009133
1788515965.018626,0.008257,0.001902,0.000000,-0.007669
1788515965.085970,0.008262,0.002383,0.000000,-0.009006
1788515965.149514,0.008098,0.002169,0.000000,-0.010343
1788515965.217240,0.008052,0.001968,0.000000,-0.009098
1788515965.284665,0.007793,0.001834,0.000000,-0.010390
1788515965.353677,0.007939,0.001915,0.000000,-0.010390
1788515965.421396,0.007704,0.003027,0.000000,-0.011586
1788515965.483650,0.008430,0.002626,0.000000,-0.011586
1788515965.551121,0.008411,0.003365,0.000000,-0.010205
1788515965.618683,0.008508,0.003563,0.000000,-0.011670
1788515965.686350,0.008175,0.003972,0.000000,-0.012815
1788515965.750237,0.008734,0.004012,0.000000,-0.011271
1788515965.817929,0.007982,0.003757,0.000000,-0.010235
1788515965.885299,0.007589,0.003785,0.000000,-0.010235
1788515965.952985,0.007636,0.004072,0.000000,-0.011572
1788515966.016531,0.007896,0.004146,0.000000,-0.010480
1788515966.084267,0.007403,0.004013,0.000000,-0.010826
1788515966.151581,0.007766,0.004075,0.000000,-0.012290
1788515966.219616,0.007965,0.004223,0.000000,-0.011692
1788515966.283002,0.010119,0.005691,0.000000,-0.010920
1788515966.350581,0.015289,0.007979,0.000000,-0.012116
1788515966.418189,0.022109,0.011120,0.000000,-0.014354
1788515966.485794,0.031362,0.014745,0.000000,-0.017807
1788515966.549556,0.042762,0.022192,0.000000,-0.023088
1788515966.617249,0.057553,0.030753,0.000000,-0.029398
1788515966.685174,0.075706,0.039594,0.000000,-0.036146
1788515966.752003,0.093928,0.047679,0.000000,-0.043121
1788515966.819876,0.116363,0.055101,0.000000,-0.051269
1788515966.887638,0.136331,0.062552,0.000000,-0.056539
1788515966.952007,0.155024,0.072207,0.000000,-0.062213
1788515967.020357,0.173172,0.077243,0.000000,-0.068513
1788515967.086848,0.189950,0.081879,0.000000,-0.074443
1788515967.153960,0.204630,0.085450,0.000000,-0.079024
1788515967.221586,0.215824,0.087714,0.000000,-0.081096
1788515967.289304,0.225088,0.089133,0.000000,-0.081096
1788515967.356805,0.232774,0.090167,0.000000,-0.080607
1788515967.424755,0.237505,0.090975,0.000000,-0.079571
1788515967.489327,0.240548,0.091972,0.000000,-0.077307
1788515967.556699,0.243014,0.093170,0.000000,-0.075043
1788515967.623545,0.244914,0.094241,0.000000,-0.073030
1788515967.691396,0.246958,0.095523,0.000000,-0.069885
1788515967.758600,0.248192,0.096961,0.000000,-0.067278
1788515967.828947,0.250123,0.099061,0.000000,-0.064603
1788515967.894342,0.251484,0.102098,0.000000,-0.062138
1788515967.957413,0.254105,0.105792,0.000000,-0.060893
1788515968.025005,0.255616,0.109404,0.000000,-0.060047
1788515968.092575,0.258911,0.112213,0.000000,-0.060645
1788515968.160508,0.261427,0.115211,0.000000,-0.062110
1788515968.228008,0.263184,0.119079,0.000000,-0.062956
1788515968.297294,0.265044,0.121024,0.000000,-0.065516
1788515968.364025,0.267672,0.124097,0.000000,-0.067243
1788515968.427499,0.269339,0.125659,0.000000,-0.068862
1788515968.494387,0.270369,0.127390,0.000000,-0.070199
1788515968.561877,0.271981,0.128684,0.000000,-0.071235
1788515968.629696,0.272779,0.129057,0.000000,-0.068367
1788515968.697387,0.273840,0.130519,0.000000,-0.064446
1788515968.760654,0.274728,0.131065,0.000000,-0.060555
1788515968.828439,0.275398,0.131960,0.000000,-0.057243
1788515968.896252,0.276924,0.132005,0.000000,-0.054569
1788515968.963628,0.277622,0.131558,0.000000,-0.050298
1788515969.031367,0.278149,0.131413,0.000000,-0.047077
1788515969.099134,0.279126,0.131657,0.000000,-0.043857
1788515969.162712,0.279920,0.131955,0.000000,-0.042661
1788515969.230039,0.279416,0.131745,0.000000,-0.041156
1788515969.298548,0.279636,0.131797,0.000000,-0.042448
1788515969.365472,0.279159,0.131592,0.000000,-0.043644
1788515969.430014,0.278426,0.133261,0.000000,-0.045744
1788515969.497205,0.277397,0.133720,0.000000,-0.047816
1788515969.565111,0.274151,0.135219,0.000000,-0.049999
1788515969.632155,0.271778,0.136312,0.000000,-0.051691
1788515969.695397,0.268030,0.138167,0.000000,-0.053847
1788515969.764224,0.263956,0.140467,0.000000,-0.052651
1788515969.830487,0.259494,0.143131,0.000000,-0.050824
1788515969.898517,0.254892,0.145711,0.000000,-0.049132
1788515969.962761,0.250200,0.147394,0.000000,-0.048219
1788515970.030731,0.245616,0.149069,0.000000,-0.050347
1788515970.097043,0.241431,0.151064,0.000000,-0.053851
1788515970.164812,0.237092,0.152947,0.000000,-0.058636
1788515970.228622,0.231379,0.153217,0.000000,-0.065002
1788515970.295878,0.226086,0.153547,0.000000,-0.070633
1788515970.363485,0.221503,0.154918,0.000000,-0.076157
1788515970.431327,0.217675,0.153726,0.000000,-0.080579
1788515970.495330,0.214021,0.153472,0.000000,-0.083926
1788515970.562743,0.210742,0.151122,0.000000,-0.086510
1788515970.630301,0.206727,0.149986,0.000000,-0.088748
1788515970.694204,0.205217,0.149243,0.000000,-0.090790
1788515970.761793,0.204640,0.148033,0.000000,-0.092214
1788515970.829005,0.203540,0.147841,0.000000,-0.093638
1788515970.896711,0.203833,0.145635,0.000000,-0.094882
1788515970.959825,0.203799,0.144466,0.000000,-0.096174
1788515971.028023,0.203971,0.142561,0.000000,-0.095082
1788515971.096030,0.205744,0.139780,0.000000,-0.093255
1788515971.162770,0.207488,0.137041,0.000000,-0.094347
1788515971.226316,0.209328,0.134601,0.000000,-0.097022
1788515971.294000,0.212598,0.130628,0.000000,-0.098913
1788515971.361826,0.214148,0.125422,0.000000,-0.099401
1788515971.430666,0.217286,0.122417,0.000000,-0.098020
1788515971.493691,0.221338,0.118758,0.000000,-0.095152
1788515971.560571,0.226666,0.115461,0.000000,-0.091185
1788515971.627771,0.231384,0.112913,0.000000,-0.090149
1788515971.696110,0.236615,0.110539,0.000000,-0.089058
1788515971.759512,0.242992,0.109168,0.000000,-0.088367
1788515971.827145,0.250618,0.107724,0.000000,-0.088367
1788515971.894914,0.257230,0.107470,0.000000,-0.087769
1788515971.961952,0.263907,0.107104,0.000000,-0.088746
1788515972.026257,0.272141,0.106162,0.000000,-0.087900
1788515972.093029,0.279756,0.105385,0.000000,-0.087302
1788515972.161131,0.288439,0.103338,0.000000,-0.086957
1788515972.228584,0.296296,0.100958,0.000000,-0.085130
1788515972.296067,0.304336,0.100817,0.000000,-0.086421
1788515972.360126,0.310920,0.097352,0.000000,-0.085177
1788515972.427143,0.317298,0.096799,0.000000,-0.085177
1788515972.494712,0.324143,0.094357,0.000000,-0.085775
1788515972.562363,0.330880,0.093660,0.000000,-0.086120
1788515972.630443,0.335875,0.091113,0.000000,-0.084293
1788515972.693408,0.341857,0.088913,0.000000,-0.080371
1788515972.763422,0.346596,0.087873,0.000000,-0.076767
1788515972.828926,0.351032,0.086200,0.000000,-0.074529
1788515972.896530,0.356463,0.085624,0.000000,-0.073931
1788515972.960645,0.359030,0.085714,0.000000,-0.076003
1788515973.028546,0.361469,0.086094,0.000000,-0.079167
1788515973.095344,0.362461,0.084797,0.000000,-0.077623
1788515973.162832,0.363219,0.084370,0.000000,-0.076331
1788515973.226316,0.363076,0.084075,0.000000,-0.072549
1788515973.294103,0.361733,0.082613,0.000000,-0.068391
1788515973.361647,0.359446,0.081535,0.000000,-0.063620
1788515973.429384,0.356357,0.078772,0.000000,-0.058949
1788515973.497780,0.352724,0.077531,0.000000,-0.050641
1788515973.561797,0.349357,0.074507,0.000000,-0.041805
1788515973.629618,0.345382,0.070694,0.000000,-0.033722
1788515973.695784,0.341351,0.066314,0.000000,-0.029260
1788515973.759231,0.336488,0.060866,0.000000,-0.031774
1788515973.827428,0.331107,0.054656,0.000000,-0.040644
1788515973.894545,0.326018,0.048729,0.000000,-0.054105
1788515973.962382,0.321606,0.045801,0.000000,-0.067370
1788515974.025936,0.316505,0.043312,0.000000,-0.077577
1788515974.093505,0.309194,0.044247,0.000000,-0.085382
1788515974.161218,0.303282,0.045466,0.000000,-0.087824
1788515974.224519,0.297570,0.050782,0.000000,-0.086627
1788515974.292167,0.293365,0.057602,0.000000,-0.080280
1788515974.359604,0.290004,0.066087,0.000000,-0.070484
1788515974.423750,0.287450,0.075328,0.000000,-0.062401
1788515974.492136,0.284835,0.083669,0.000000,-0.052734
1788515974.560608,0.282410,0.090484,0.000000,-0.044800
1788515974.626410,0.281503,0.094582,0.000000,-0.036350
1788515974.689376,0.282144,0.098151,0.000000,-0.032192
1788515974.757049,0.282671,0.099494,0.000000,-0.030365
1788515974.824886,0.283744,0.099073,0.000000,-0.033170
1788515974.892566,0.285072,0.096953,0.000000,-0.037592
1788515974.955800,0.285950,0.092162,0.000000,-0.042054
1788515975.023533,0.284675,0.086384,0.000000,-0.043780
1788515975.091312,0.284027,0.077628,0.000000,-0.046270
1788515975.158852,0.283916,0.068812,0.000000,-0.048253
1788515975.222276,0.282140,0.058507,0.000000,-0.053050
1788515975.289922,0.280534,0.048256,0.000000,-0.056214
1788515975.359155,0.278512,0.039065,0.000000,-0.057758
1788515975.425207,0.276833,0.029041,0.000000,-0.058672
1788515975.492753,0.275133,0.017620,0.000000,-0.058672
1788515975.556304,0.271945,0.008912,0.000000,-0.057380
1788515975.624069,0.269516,-0.000783,0.000000,-0.053353
1788515975.691813,0.266634,-0.008436,0.000000,-0.050465
1788515975.754920,0.265174,-0.014951,0.000000,-0.046667
1788515975.824111,0.263733,-0.020377,0.000000,-0.043757
1788515975.890684,0.263013,-0.027897,0.000000,-0.042912
1788515975.958224,0.260205,-0.035034,0.000000,-0.042912
1788515976.021475,0.258794,-0.039883,0.000000,-0.043757
1788515976.089881,0.255811,-0.043586,0.000000,-0.046687
1788515976.157212,0.254097,-0.045653,0.000000,-0.051358
1788515976.224575,0.253011,-0.047252,0.000000,-0.058159
1788515976.287881,0.250175,-0.047532,0.000000,-0.065668
1788515976.355991,0.246950,-0.045839,0.000000,-0.074251
1788515976.423356,0.244463,-0.044392,0.000000,-0.082986
1788515976.491720,0.241635,-0.040677,0.000000,-0.089220
1788515976.554316,0.237794,-0.035835,0.000000,-0.094976
1788515976.622464,0.233994,-0.029999,0.000000,-0.098852
1788515976.689630,0.231223,-0.023729,0.000000,-0.103536
1788515976.757267,0.226562,-0.015421,0.000000,-0.106988
1788515976.822997,0.224146,-0.007575,0.000000,-0.108941
1788515976.888451,0.223300,0.001886,0.000000,-0.109787
1788515976.956715,0.221538,0.009961,0.000000,-0.107960
1788515977.023769,0.221043,0.019778,0.000000,-0.106455
1788515977.088688,0.219462,0.029272,0.000000,-0.099610
1788515977.154731,0.219330,0.039034,0.000000,-0.091041
1788515977.222493,0.218893,0.049857,0.000000,-0.080752
1788515977.286009,0.219416,0.059753,0.000000,-0.070223
1788515977.353574,0.219804,0.069373,0.000000,-0.060661
1788515977.421313,0.217455,0.079786,0.000000,-0.050530
1788515977.488924,0.214457,0.090106,0.000000,-0.042604
1788515977.552356,0.212021,0.100723,0.000000,-0.036888
1788515977.620419,0.208349,0.110419,0.000000,-0.031981
1788515977.688247,0.204841,0.119746,0.000000,-0.028952
1788515977.755774,0.198731,0.128285,0.000000,-0.027158
1788515977.819071,0.193046,0.137770,0.000000,-0.029286
1788515977.886427,0.185813,0.147824,0.000000,-0.030868
1788515977.954218,0.181813,0.157945,0.000000,-0.032629
1788515978.021726,0.177032,0.168379,0.000000,-0.035070
1788515978.089582,0.173164,0.180664,0.000000,-0.035761
1788515978.152897,0.170830,0.195575,0.000000,-0.037416
1788515978.220449,0.170489,0.212177,0.000000,-0.036503
1788515978.288813,0.170142,0.229930,0.000000,-0.035122
1788515978.355878,0.173505,0.248115,0.000000,-0.031704
1788515978.425085,0.176180,0.267766,0.000000,-0.028857
1788515978.487139,0.181221,0.287864,0.000000,-0.025043
1788515978.554579,0.187046,0.306324,0.000000,-0.019617
1788515978.622214,0.195832,0.324298,0.000000,-0.013538
1788515978.686094,0.203999,0.339456,0.000000,-0.007928
1788515978.753342,0.211642,0.352619,0.000000,-0.002557
1788515978.821133,0.219280,0.363137,0.000000,0.003158
1788515978.888728,0.226362,0.370541,0.000000,0.006988
1788515978.952250,0.234627,0.373729,0.000000,0.007476
1788515979.020924,0.241370,0.374293,0.000000,0.008166
1788515979.087591,0.248289,0.372148,0.000000,0.006547
1788515979.155799,0.254029,0.368237,0.000000,0.004504
1788515979.219057,0.258524,0.361061,0.000000,0.002521
1788515979.286209,0.261973,0.352732,0.000000,0.000727
1788515979.354583,0.265861,0.341775,0.000000,-0.001195
1788515979.417727,0.271690,0.329840,0.000000,-0.002341
1788515979.485634,0.277515,0.317365,0.000000,-0.002341
1788515979.553426,0.281382,0.304617,0.000000,-0.004354
1788515979.620605,0.285814,0.292726,0.000000,-0.007518
1788515979.683868,0.292043,0.281115,0.000000,-0.012073
1788515979.751339,0.298660,0.268232,0.000000,-0.017332
1788515979.819258,0.305287,0.256774,0.000000,-0.023846
1788515979.886629,0.312695,0.245279,0.000000,-0.030913
1788515979.954326,0.319472,0.233298,0.000000,-0.036491
1788515980.022267,0.324366,0.222918,0.000000,-0.040080
1788515980.085638,0.329740,0.211199,0.000000,-0.041417
1788515980.153332,0.333813,0.199723,0.000000,-0.038720
1788515980.221042,0.337416,0.186880,0.000000,-0.032583
1788515980.288532,0.340835,0.173227,0.000000,-0.023572
1788515980.353247,0.342259,0.157731,0.000000,-0.015992
1788515980.419438,0.342484,0.144115,0.000000,-0.006039
1788515980.487227,0.341904,0.132507,0.000000,0.003560
1788515980.554943,0.340138,0.118364,0.000000,0.012178
1788515980.618459,0.337980,0.105417,0.000000,0.017626
1788515980.685995,0.335808,0.093755,0.000000,0.021096
1788515980.754182,0.333877,0.082439,0.000000,0.021442
1788515980.821430,0.331487,0.073987,0.000000,0.020018
1788515980.884805,0.328788,0.065955,0.000000,0.017504
1788515980.952678,0.327192,0.059504,0.000000,0.010505
1788515981.020311,0.323716,0.054005,0.000000,0.003221
1788515981.088645,0.321490,0.052138,0.000000,-0.006963
1788515981.151663,0.319076,0.050771,0.000000,-0.016039
1788515981.221496,0.316821,0.050338,0.000000,-0.024691
1788515981.288132,0.312512,0.052688,0.000000,-0.033930
1788515981.354367,0.308844,0.055692,0.000000,-0.040921
1788515981.417669,0.303945,0.059669,0.000000,-0.046573
1788515981.486118,0.298367,0.066252,0.000000,-0.051008
1788515981.552971,0.291933,0.072928,0.000000,-0.053545
1788515981.620665,0.284451,0.081214,0.000000,-0.056595
1788515981.684423,0.275707,0.087858,0.000000,-0.056250
1788515981.752381,0.265802,0.096243,0.000000,-0.056250
1788515981.819581,0.255834,0.104321,0.000000,-0.057673
1788515981.887051,0.245048,0.111977,0.000000,-0.058271
1788515981.951780,0.234686,0.118067,0.000000,-0.056615
1788515982.019229,0.223681,0.123458,0.000000,-0.052574
1788515982.085865,0.211700,0.126724,0.000000,-0.047968
1788515982.153381,0.202394,0.129268,0.000000,-0.040750
1788515982.217144,0.191868,0.130490,0.000000,-0.033708
1788515982.285531,0.181629,0.129967,0.000000,-0.026263
1788515982.352304,0.172910,0.128657,0.000000,-0.019505
1788515982.419962,0.165581,0.127731,0.000000,-0.014145
1788515982.484130,0.159250,0.123935,0.000000,-0.010134
1788515982.551597,0.153750,0.118954,0.000000,-0.008710
1788515982.619791,0.147405,0.113234,0.000000,-0.012810
1788515982.687611,0.142237,0.104700,0.000000,-0.023134
1788515982.750348,0.138266,0.096355,0.000000,-0.036089
1788515982.817788,0.133539,0.088640,0.000000,-0.049896
1788515982.885113,0.129566,0.079834,0.000000,-0.065789
1788515982.949005,0.126180,0.072408,0.000000,-0.082384
1788515983.016350,0.122996,0.064803,0.000000,-0.098534
1788515983.084022,0.121563,0.059030,0.000000,-0.115064
1788515983.151517,0.120047,0.053363,0.000000,-0.128057
1788515983.215207,0.120311,0.051408,0.000000,-0.138374
1788515983.282603,0.120310,0.051046,0.000000,-0.147437
1788515983.350299,0.121490,0.051564,0.000000,-0.152171
1788515983.417810,0.123387,0.053239,0.000000,-0.153085
1788515983.486478,0.128001,0.057444,0.000000,-0.148165
1788515983.549441,0.133895,0.064205,0.000000,-0.139228
1788515983.616852,0.140414,0.071108,0.000000,-0.128553
1788515983.685042,0.149061,0.080759,0.000000,-0.117190
1788515983.747568,0.156077,0.092177,0.000000,-0.105703
1788515983.815225,0.165348,0.102407,0.000000,-0.091729
1788515983.883072,0.176456,0.112865,0.000000,-0.078940
1788515983.950715,0.187887,0.125321,0.000000,-0.065198
1788515984.014911,0.198757,0.136253,0.000000,-0.052740
1788515984.081705,0.210089,0.146759,0.000000,-0.040378
1788515984.149431,0.218600,0.154357,0.000000,-0.030735
1788515984.217309,0.226894,0.161306,0.000000,-0.026220
1788515984.286346,0.233895,0.166956,0.000000,-0.023250
1788515984.349205,0.240396,0.171379,0.000000,-0.023250
1788515984.416899,0.245676,0.172848,0.000000,-0.024495
1788515984.483491,0.251119,0.175544,0.000000,-0.027752
1788515984.551201,0.256782,0.174600,0.000000,-0.034071
1788515984.618917,0.260635,0.173133,0.000000,-0.039027
1788515984.682350,0.264250,0.170625,0.000000,-0.048201
1788515984.749893,0.268098,0.166332,0.000000,-0.056021
1788515984.817665,0.270083,0.160858,0.000000,-0.062926
1788515984.885942,0.272303,0.156428,0.000000,-0.067055
1788515984.948858,0.274318,0.152087,0.000000,-0.070220
1788515985.017939,0.276140,0.146725,0.000000,-0.074049
1788515985.084062,0.277046,0.139288,0.000000,-0.076032
1788515985.151869,0.278978,0.130654,0.000000,-0.076630
1788515985.215309,0.282235,0.122425,0.000000,-0.075338
1788515985.283068,0.284754,0.112695,0.000000,-0.073874
1788515985.350681,0.289170,0.101103,0.000000,-0.071532
1788515985.414112,0.293250,0.088620,0.000000,-0.068971
1788515985.482175,0.297117,0.074492,0.000000,-0.067775
1788515985.550142,0.301515,0.060345,0.000000,-0.067775
1788515985.616812,0.306855,0.045503,0.000000,-0.068373
1788515985.680433,0.312920,0.033612,0.000000,-0.070663
1788515985.747812,0.319570,0.020102,0.000000,-0.074906
1788515985.815827,0.326736,0.008877,0.000000,-0.078576
1788515985.879050,0.333583,-0.003604,0.000000,-0.082148
1788515985.946789,0.340885,-0.013994,0.000000,-0.085460
1788515986.017199,0.346964,-0.023881,0.000000,-0.089396
1788515986.082113,0.353953,-0.031315,0.000000,-0.092048
1788515986.150625,0.361013,-0.038129,0.000000,-0.095501
1788515986.213201,0.367178,-0.042449,0.000000,-0.097657
1788515986.281738,0.372065,-0.046330,0.000000,-0.100546
1788515986.350988,0.377506,-0.048947,0.000000,-0.101742
1788515986.416385,0.383713,-0.049648,0.000000,-0.101397
1788515986.485044,0.387439,-0.050207,0.000000,-0.101885
1788515986.548420,0.391182,-0.049449,0.000000,-0.100640
1788515986.616149,0.394637,-0.048221,0.000000,-0.097119
1788515986.682357,0.398281,-0.047097,0.000000,-0.091894
1788515986.750139,0.400869,-0.046940,0.000000,-0.082655
1788515986.814182,0.402800,-0.045301,0.000000,-0.072326
1788515986.881584,0.402613,-0.044724,0.000000,-0.061202
1788515986.948803,0.404277,-0.044056,0.000000,-0.050041
1788515987.016887,0.403238,-0.043427,0.000000,-0.040604
1788515987.080677,0.402372,-0.044575,0.000000,-0.032716
1788515987.148498,0.399106,-0.043964,0.000000,-0.026453
1788515987.215949,0.395902,-0.043801,0.000000,-0.018656
1788515987.279306,0.391446,-0.043064,0.000000,-0.011422
1788515987.346346,0.389835,-0.042756,0.000000,-0.007577
1788515987.414917,0.388986,-0.041601,0.000000,-0.003748
1788515987.481517,0.389232,-0.037655,0.000000,-0.001051
1788515987.546507,0.390961,-0.033578,0.000000,0.002056
1788515987.613847,0.390821,-0.028653,0.000000,0.006170
1788515987.680428,0.391428,-0.022257,0.000000,0.008684
1788515987.743642,0.395806,-0.016207,0.000000,0.008684
1788515987.811330,0.399864,-0.006592,0.000000,0.008196
1788515987.879454,0.405228,0.003643,0.000000,0.005730
1788515987.946642,0.410071,0.013351,0.000000,0.000370
1788515988.010256,0.416246,0.025498,0.000000,-0.004923
1788515988.077753,0.421343,0.037365,0.000000,-0.009276
1788515988.145664,0.426124,0.048165,0.000000,-0.013561
1788515988.213119,0.430402,0.060636,0.000000,-0.017832
1788515988.280729,0.431644,0.072842,0.000000,-0.021453
1788515988.344133,0.431413,0.085153,0.000000,-0.025994
1788515988.411727,0.428875,0.095220,0.000000,-0.032064
1788515988.479521,0.424207,0.104632,0.000000,-0.037974
1788515988.547295,0.418422,0.113368,0.000000,-0.040648
1788515988.610815,0.411832,0.121649,0.000000,-0.042776
1788515988.678087,0.403805,0.128389,0.000000,-0.045014
1788515988.746325,0.396264,0.134673,0.000000,-0.048397
1788515988.814490,0.388903,0.140373,0.000000,-0.051901
1788515988.877147,0.379823,0.146493,0.000000,-0.054293
1788515988.944695,0.372435,0.151325,0.000000,-0.053521
1788515989.012316,0.365484,0.154140,0.000000,-0.052097
1788515989.080205,0.360053,0.158695,0.000000,-0.051006
1788515989.143396,0.354521,0.163234,0.000000,-0.048076
1788515989.212151,0.350932,0.166066,0.000000,-0.044216
1788515989.278577,0.348798,0.169478,0.000000,-0.037565
1788515989.346342,0.346664,0.171244,0.000000,-0.029158
1788515989.409688,0.344991,0.173731,0.000000,-0.020943
1788515989.477445,0.344105,0.177359,0.000000,-0.015707
1788515989.545030,0.343104,0.178545,0.000000,-0.007292
1788515989.612811,0.340603,0.178895,0.000000,-0.004302
1788515989.676140,0.338049,0.179280,0.000000,-0.000489
1788515989.743681,0.334836,0.178641,0.000000,0.001434
1788515989.811464,0.330980,0.177608,0.000000,0.003801
1788515989.875003,0.325739,0.175934,0.000000,0.003313
1788515989.942899,0.320453,0.171749,0.000000,0.000871
1788515990.010413,0.315651,0.169365,0.000000,-0.002616
1788515990.078011,0.311573,0.165709,0.000000,-0.006956
1788515990.141309,0.307147,0.162158,0.000000,-0.013054
1788515990.208987,0.302545,0.158370,0.000000,-0.020852
1788515990.276828,0.300602,0.153123,0.000000,-0.028487
1788515990.344473,0.298953,0.149455,0.000000,-0.037035
1788515990.407780,0.298589,0.146257,0.000000,-0.042133
1788515990.475214,0.298934,0.143888,0.000000,-0.046930
1788515990.542936,0.300178,0.141388,0.000000,-0.049246
1788515990.611402,0.301448,0.138810,0.000000,-0.051199
1788515990.674234,0.303979,0.137322,0.000000,-0.054510
1788515990.741690,0.306813,0.135759,0.000000,-0.057579
1788515990.810555,0.309336,0.134373,0.000000,-0.059470
1788515990.877111,0.311759,0.133494,0.000000,-0.060616
1788515990.944913,0.313903,0.132856,0.000000,-0.061860
1788515991.008302,0.315571,0.132018,0.000000,-0.063198
1788515991.075874,0.316429,0.130666,0.000000,-0.062002
1788515991.143745,0.318254,0.129949,0.000000,-0.063147
1788515991.211557,0.318924,0.128423,0.000000,-0.063147
1788515991.274512,0.321542,0.125743,0.000000,-0.063745
1788515991.343018,0.321801,0.122882,0.000000,-0.062653
1788515991.410058,0.322130,0.118513,0.000000,-0.061033
1788515991.477664,0.323160,0.113644,0.000000,-0.059528
1788515991.542517,0.322011,0.106662,0.000000,-0.058284
1788515991.609304,0.321667,0.099149,0.000000,-0.057438
1788515991.677845,0.319234,0.091439,0.000000,-0.056524
1788515991.744171,0.317926,0.084790,0.000000,-0.052838
1788515991.807601,0.316565,0.076568,0.000000,-0.047260
1788515991.875214,0.316092,0.068273,0.000000,-0.038034
1788515991.942728,0.315613,0.060040,0.000000,-0.028087
1788515992.010414,0.316463,0.054465,0.000000,-0.018855
1788515992.073737,0.316138,0.046853,0.000000,-0.008589
1788515992.141730,0.314578,0.041231,0.000000,-0.001736
1788515992.209151,0.314772,0.035782,0.000000,0.002216
1788515992.276696,0.314578,0.031272,0.000000,0.001525
1788515992.340266,0.313309,0.029114,0.000000,-0.000428
1788515992.407933,0.314173,0.025712,0.000000,-0.002965
1788515992.475444,0.313641,0.022105,0.000000,-0.006034
1788515992.543186,0.312820,0.018459,0.000000,-0.008162
1788515992.606601,0.312176,0.016381,0.000000,-0.009706
1788515992.674553,0.311142,0.015702,0.000000,-0.011533
1788515992.743822,0.309869,0.014047,0.000000,-0.013038
1788515992.805556,0.310367,0.011486,0.000000,-0.013810
1788515992.873221,0.309660,0.010390,0.000000,-0.012565
1788515992.940761,0.309165,0.008715,0.000000,-0.013989
1788515993.009134,0.309009,0.008558,0.000000,-0.015281
1788515993.076064,0.308339,0.009391,0.000000,-0.016526
1788515993.140807,0.307537,0.009580,0.000000,-0.017817
1788515993.207283,0.305705,0.010261,0.000000,-0.016480
1788515993.275038,0.303053,0.011816,0.000000,-0.016480
1788515993.338175,0.299459,0.014146,0.000000,-0.015708
1788515993.405957,0.296473,0.018073,0.000000,-0.013148
1788515993.473749,0.291214,0.022677,0.000000,-0.010300
1788515993.541350,0.285127,0.028823,0.000000,-0.006647
1788515993.610759,0.281906,0.032462,0.000000,-0.003676
1788515993.673658,0.278258,0.038329,0.000000,0.002403
1788515993.740089,0.275548,0.042640,0.000000,0.008323
1788515993.807884,0.273545,0.046551,0.000000,0.013825
1788515993.875133,0.271986,0.047466,0.000000,0.017747
1788515993.938783,0.271347,0.050248,0.000000,0.021990
1788515994.006419,0.271224,0.052636,0.000000,0.027705
1788515994.074094,0.272037,0.054264,0.000000,0.031565
1788515994.141690,0.276257,0.057754,0.000000,0.033855
1788515994.206488,0.281734,0.061088,0.000000,0.034546
1788515994.273733,0.287318,0.065568,0.000000,0.030686
1788515994.340565,0.292835,0.070329,0.000000,0.023973
1788515994.403958,0.299388,0.077214,0.000000,0.013736
1788515994.471468,0.305317,0.083725,0.000000,0.004112
1788515994.539129,0.310751,0.090169,0.000000,-0.006795
1788515994.606863,0.317022,0.097435,0.000000,-0.017725
1788515994.670398,0.321601,0.106236,0.000000,-0.027098
1788515994.738341,0.326231,0.115060,0.000000,-0.033313
1788515994.805470,0.330308,0.124707,0.000000,-0.037748
1788515994.869266,0.333972,0.131994,0.000000,-0.041336
1788515994.936695,0.337301,0.140343,0.000000,-0.044519
1788515995.004577,0.339921,0.145815,0.000000,-0.047238
1788515995.072242,0.343850,0.151351,0.000000,-0.051279
1788515995.135346,0.344730,0.154424,0.000000,-0.055030
1788515995.203238,0.345377,0.157386,0.000000,-0.059100
1788515995.270633,0.345821,0.158648,0.000000,-0.064221
1788515995.338469,0.345781,0.157491,0.000000,-0.068905
1788515995.407159,0.344954,0.156790,0.000000,-0.077068
1788515995.469718,0.344388,0.153160,0.000000,-0.083350
1788515995.537952,0.342380,0.150438,0.000000,-0.089290
1788515995.605437,0.341566,0.146136,0.000000,-0.096020
1788515995.672922,0.341012,0.141925,0.000000,-0.101245
1788515995.740188,0.340489,0.137871,0.000000,-0.103509
1788515995.803720,0.340130,0.132555,0.000000,-0.103854
1788515995.871441,0.339596,0.127978,0.000000,-0.102199
1788515995.938982,0.339227,0.121915,0.000000,-0.102971
1788515996.002434,0.339211,0.116967,0.000000,-0.104116
1788515996.070696,0.339689,0.110332,0.000000,-0.107850
1788515996.137762,0.338679,0.105510,0.000000,-0.112709
1788515996.201868,0.338960,0.100539,0.000000,-0.116475
1788515996.268784,0.338299,0.095488,0.000000,-0.117812
1788515996.337173,0.337150,0.090539,0.000000,-0.119969
1788515996.404484,0.335729,0.086847,0.000000,-0.122482
1788515996.467719,0.333250,0.084261,0.000000,-0.124174
1788515996.535239,0.331639,0.082456,0.000000,-0.125265
1788515996.602983,0.329966,0.080821,0.000000,-0.124777
1788515996.666827,0.326602,0.078277,0.000000,-0.120780
1788515996.735113,0.325123,0.077873,0.000000,-0.114891
1788515996.802247,0.322911,0.079288,0.000000,-0.107485
1788515996.869618,0.321087,0.080496,0.000000,-0.100880
1788515996.933377,0.320673,0.081722,0.000000,-0.093897
1788515997.001023,0.318877,0.083655,0.000000,-0.086388
1788515997.068604,0.317846,0.084483,0.000000,-0.082686
1788515997.136189,0.316620,0.085936,0.000000,-0.080370
1788515997.203437,0.313859,0.086249,0.000000,-0.079524
1788515997.268073,0.312538,0.086001,0.000000,-0.078187
1788515997.334415,0.311533,0.086332,0.000000,-0.079432
1788515997.402155,0.308945,0.085533,0.000000,-0.078518
1788515997.469752,0.306350,0.084564,0.000000,-0.077226
1788515997.537522,0.303817,0.082526,0.000000,-0.072859
1788515997.601627,0.300424,0.080444,0.000000,-0.067976
1788515997.668616,0.297064,0.077219,0.000000,-0.062168
1788515997.736408,0.292869,0.074421,0.000000,-0.055245
1788515997.804142,0.290225,0.070727,0.000000,-0.048366
1788515997.871820,0.286159,0.065900,0.000000,-0.039859
1788515997.939409,0.283097,0.061718,0.000000,-0.033770
1788515998.002710,0.279563,0.057509,0.000000,-0.028087
1788515998.070388,0.276621,0.052504,0.000000,-0.023059
1788515998.140195,0.273993,0.047143,0.000000,-0.018584
1788515998.207490,0.272305,0.041865,0.000000,-0.013888
1788515998.269312,0.269986,0.038204,0.000000,-0.009534
1788515998.337064,0.268898,0.033783,0.000000,-0.005292
1788515998.404645,0.270074,0.031001,0.000000,-0.001280
1788515998.473384,0.270788,0.029063,0.000000,0.001995
1788515998.540343,0.272079,0.027196,0.000000,0.004509
1788515998.603205,0.275727,0.027112,0.000000,0.005601
1788515998.671055,0.280878,0.026686,0.000000,0.005601
1788515998.738904,0.287112,0.026681,0.000000,0.004755
1788515998.802347,0.293023,0.026433,0.000000,0.002241
1788515998.873763,0.299418,0.026111,0.000000,-0.000997
1788515998.937286,0.308763,0.026567,0.000000,-0.005769
1788515999.004880,0.320287,0.025320,0.000000,-0.009488
1788515999.069696,0.334012,0.024137,0.000000,-0.014094
1788515999.136741,0.348133,0.021611,0.000000,-0.017564
1788515999.204931,0.363675,0.018996,0.000000,-0.020148
1788515999.267907,0.382591,0.015771,0.000000,-0.020746
1788515999.334850,0.404119,0.012087,0.000000,-0.018793
1788515999.402678,0.426802,0.008197,0.000000,-0.017066
1788515999.472718,0.451308,0.004787,0.000000,-0.018758
1788515999.533664,0.475304,0.000943,0.000000,-0.023653
1788515999.601397,0.499951,-0.001834,0.000000,-0.032257
1788515999.669826,0.524801,-0.005911,0.000000,-0.040937
1788515999.736702,0.549053,-0.008934,0.000000,-0.051545
1788515999.799901,0.573497,-0.012045,0.000000,-0.062496
1788515999.867649,0.598911,-0.014195,0.000000,-0.071460
1788515999.935229,0.621273,-0.016207,0.000000,-0.081479
1788516000.002720,0.643985,-0.018579,0.000000,-0.088418
1788516000.070329,0.667019,-0.019315,0.000000,-0.091602
1788516000.133845,0.690280,-0.020176,0.000000,-0.092090
1788516000.201574,0.714385,-0.020614,0.000000,-0.087709
1788516000.269286,0.739148,-0.020952,0.000000,-0.081533
1788516000.337384,0.764547,-0.019618,0.000000,-0.075166
1788516000.400618,0.790678,-0.019419,0.000000,-0.065979
1788516000.468171,0.818442,-0.017892,0.000000,-0.058266
1788516000.535517,0.846748,-0.015143,0.000000,-0.049642
1788516000.599170,0.876008,-0.012772,0.000000,-0.043045
1788516000.667095,0.906574,-0.009253,0.000000,-0.036201
1788516000.736334,0.938535,-0.006395,0.000000,-0.030034
1788516000.802079,0.970487,-0.003533,0.000000,-0.026513
1788516000.865407,1.003512,-0.000732,0.000000,-0.025048
1788516000.933156,1.037588,0.001732,0.000000,-0.025048
1788516001.001203,1.072787,0.002272,0.000000,-0.026809
1788516001.068608,1.107111,0.001865,0.000000,-0.029549
1788516001.131827,1.142019,0.001454,0.000000,-0.033605
1788516001.199464,1.175413,0.000052,0.000000,-0.038224
1788516001.267340,1.211125,-0.001031,0.000000,-0.043919
1788516001.334668,1.243886,-0.002547,0.000000,-0.047989
1788516001.398211,1.277531,-0.004913,0.000000,-0.049327
1788516001.466039,1.309335,-0.005343,0.000000,-0.051768
1788516001.533592,1.342115,-0.006393,0.000000,-0.052614
1788516001.602376,1.374790,-0.005731,0.000000,-0.053459
1788516001.668788,1.404636,-0.004366,0.000000,-0.052614
1788516001.732202,1.436986,-0.002147,0.000000,-0.051070
1788516001.799831,1.468755,0.001165,0.000000,-0.046236
1788516001.868954,1.501054,0.005435,0.000000,-0.038711
1788516001.935269,1.534551,0.010183,0.000000,-0.031469
1788516001.998630,1.570366,0.015043,0.000000,-0.023936
1788516002.066577,1.607042,0.019956,0.000000,-0.016116
1788516002.134035,1.645466,0.023454,0.000000,-0.007165
1788516002.201822,1.684359,0.026923,0.000000,0.003770
1788516002.267991,1.725949,0.030766,0.000000,0.015600
1788516002.332748,1.768571,0.035166,0.000000,0.028711
1788516002.400345,1.812064,0.038260,0.000000,0.040348
1788516002.467926,1.857281,0.040240,0.000000,0.048805
1788516002.532190,1.902966,0.043030,0.000000,0.055375
1788516002.599136,1.945522,0.046520,0.000000,0.058158
1788516002.666734,1.988657,0.046517,0.000000,0.057670
1788516002.734381,2.029982,0.048324,0.000000,0.056050
1788516002.797751,2.069785,0.049523,0.000000,0.051496
1788516002.865640,2.109406,0.049486,0.000000,0.047198
1788516002.933328,2.146209,0.049789,0.000000,0.039841
1788516002.996650,2.180031,0.049398,0.000000,0.029900
1788516003.064284,2.211041,0.047513,0.000000,0.019439
1788516003.131948,2.240474,0.046049,0.000000,0.008412
1788516003.199906,2.267947,0.043862,0.000000,-0.001082
1788516003.263206,2.293176,0.042433,0.000000,-0.010480
1788516003.330795,2.315106,0.041629,0.000000,-0.018556
1788516003.398435,2.336031,0.041034,0.000000,-0.022242
1788516003.466597,2.354707,0.040392,0.000000,-0.020861
1788516003.529414,2.372290,0.041947,0.000000,-0.017408
1788516003.598196,2.388643,0.044321,0.000000,-0.010598
1788516003.664917,2.404173,0.047067,0.000000,-0.003010
1788516003.732786,2.416889,0.049769,0.000000,0.005751
1788516003.795915,2.429794,0.055822,0.000000,0.017171
1788516003.863830,2.441539,0.063987,0.000000,0.027598
1788516003.931955,2.451473,0.074000,0.000000,0.038738
1788516003.999061,2.460701,0.086700,0.000000,0.049341
1788516004.062304,2.469175,0.101082,0.000000,0.059653
1788516004.129936,2.477278,0.118483,0.000000,0.066167
1788516004.197863,2.484016,0.132775,0.000000,0.067259
1788516004.266874,2.489270,0.149911,0.000000,0.064675
1788516004.333816,2.493075,0.163240,0.000000,0.060433
1788516004.397086,2.495442,0.177594,0.000000,0.055918
1788516004.465505,2.496897,0.189824,0.000000,0.047272
1788516004.532584,2.497752,0.198539,0.000000,0.035947
1788516004.600215,2.498129,0.206867,0.000000,0.023176
1788516004.663630,2.497612,0.212007,0.000000,0.008302
1788516004.731034,2.497155,0.215473,0.000000,-0.007070
1788516004.799250,2.497019,0.217332,0.000000,-0.019718
1788516004.869842,2.495401,0.218572,0.000000,-0.030134
1788516004.930371,2.496407,0.219666,0.000000,-0.037425
1788516004.998435,2.496501,0.220566,0.000000,-0.041301
1788516005.068674,2.498537,0.222759,0.000000,-0.043953
1788516005.128823,2.501649,0.227332,0.000000,-0.046109
1788516005.196116,2.504828,0.234560,0.000000,-0.047574
1788516005.263979,2.509854,0.246406,0.000000,-0.050921
1788516005.333282,2.512934,0.261618,0.000000,-0.055668
1788516005.394847,2.515152,0.282587,0.000000,-0.058229
1788516005.464226,2.516923,0.308021,0.000000,-0.062582
1788516005.530027,2.516768,0.334812,0.000000,-0.064409
1788516005.597832,2.516052,0.368991,0.000000,-0.064409
1788516005.661432,2.513045,0.405253,0.000000,-0.061226
1788516005.728832,2.508699,0.445456,0.000000,-0.056831
1788516005.796607,2.502248,0.488224,0.000000,-0.051329
1788516005.864104,2.494143,0.533313,0.000000,-0.046470
1788516005.931777,2.484508,0.581126,0.000000,-0.043841
1788516005.995222,2.477685,0.631763,0.000000,-0.042927
1788516006.063365,2.469139,0.681810,0.000000,-0.045877
1788516006.130641,2.461373,0.732934,0.000000,-0.049079
1788516006.198192,2.455742,0.783065,0.000000,-0.056493
1788516006.266229,2.451103,0.832852,0.000000,-0.065601
1788516006.329421,2.449556,0.882622,0.000000,-0.074658
1788516006.396717,2.452011,0.932719,0.000000,-0.084842
1788516006.464409,2.457400,0.980802,0.000000,-0.094466
1788516006.528533,2.466717,1.026321,0.000000,-0.103356
1788516006.595441,2.477381,1.069416,0.000000,-0.110793
1788516006.663238,2.488904,1.106896,0.000000,-0.118118
1788516006.731054,2.504599,1.137015,0.000000,-0.124475
1788516006.794208,2.517581,1.159178,0.000000,-0.128787
1788516006.862138,2.533889,1.175238,0.000000,-0.127751
1788516006.929852,2.547595,1.180534,0.000000,-0.120306
1788516006.993236,2.559104,1.171950,0.000000,-0.106049
1788516007.061766,2.569306,1.158087,0.000000,-0.087907
1788516007.128343,2.576870,1.150029,0.000000,-0.067739
1788516007.191960,2.581771,1.133944,0.000000,-0.047567
1788516007.259450,2.584429,1.101850,0.000000,-0.025983
1788516007.327149,2.588267,1.061967,0.000000,-0.009100
1788516007.394666,2.587788,1.021220,0.000000,0.004321
1788516007.460872,2.589570,0.980602,0.000000,0.012786
1788516007.525862,2.588258,0.941275,0.000000,0.019970
1788516007.593666,2.587545,0.904886,0.000000,0.023491
1788516007.663535,2.585647,0.872884,0.000000,0.026052
1788516007.728799,2.584295,0.844135,0.000000,0.025706
1788516007.792362,2.581949,0.817821,0.000000,0.023339
1788516007.859804,2.581274,0.796508,0.000000,0.020998
1788516007.927831,2.580677,0.779150,0.000000,0.016783
1788516007.995240,2.579172,0.764287,0.000000,0.011685
1788516008.062802,2.578124,0.754288,0.000000,0.007345
1788516008.130317,2.578070,0.745793,0.000000,0.003089
1788516008.193853,2.577079,0.740332,0.000000,-0.000756
1788516008.261469,2.576435,0.734919,0.000000,-0.004311
1788516008.329177,2.574822,0.730134,0.000000,-0.004311
1788516008.396785,2.575025,0.726145,0.000000,-0.001422
1788516008.460732,2.575567,0.719627,0.000000,0.002932
1788516008.528596,2.574384,0.712474,0.000000,0.009040
1788516008.595503,2.573090,0.703031,0.000000,0.015060
1788516008.659192,2.573772,0.692259,0.000000,0.020670
1788516008.726661,2.575869,0.678841,0.000000,0.021646
1788516008.794442,2.577755,0.661924,0.000000,0.017620
1788516008.864472,2.579699,0.640416,0.000000,0.010723
1788516008.925417,2.584346,0.616283,0.000000,0.003844
1788516008.993315,2.588215,0.591224,0.000000,-0.002196
1788516009.061219,2.593296,0.563920,0.000000,-0.008783
1788516009.128597,2.601392,0.535086,0.000000,-0.014833
1788516009.196220,2.609171,0.503974,0.000000,-0.020863
1788516009.259590,2.618877,0.474350,0.000000,-0.025271
1788516009.327409,2.628630,0.443555,0.000000,-0.031813
1788516009.395030,2.638400,0.413657,0.000000,-0.037713
1788516009.458650,2.649008,0.386494,0.000000,-0.043898
1788516009.529010,2.657636,0.360710,0.000000,-0.048914
1788516009.594977,2.666448,0.336291,0.000000,-0.052518
1788516009.664539,2.673001,0.315736,0.000000,-0.055448
1788516009.725507,2.679841,0.298823,0.000000,-0.053757
1788516009.792510,2.686550,0.286476,0.000000,-0.049835
1788516009.862253,2.692878,0.277279,0.000000,-0.045482
1788516009.928250,2.698675,0.268241,0.000000,-0.041530
1788516009.992184,2.704706,0.263947,0.000000,-0.038403
1788516010.059256,2.710225,0.262882,0.000000,-0.031953
1788516010.127605,2.715974,0.263615,0.000000,-0.025963
1788516010.194150,2.721340,0.264831,0.000000,-0.017471
1788516010.258162,2.726850,0.268148,0.000000,-0.010269
1788516010.325826,2.733807,0.269290,0.000000,-0.002276
1788516010.393016,2.739490,0.271149,0.000000,0.006445
1788516010.460807,2.744954,0.272346,0.000000,0.012335
1788516010.524651,2.751587,0.273452,0.000000,0.014194
1788516010.592288,2.759664,0.274609,0.000000,0.011705
1788516010.663712,2.765285,0.273589,0.000000,0.003816
1788516010.728148,2.772828,0.273842,0.000000,-0.006420
1788516010.790917,2.778146,0.272554,0.000000,-0.015100
1788516010.858294,2.783347,0.270385,0.000000,-0.023522
1788516010.925884,2.788222,0.267834,0.000000,-0.026923
1788516010.993437,2.794312,0.263814,0.000000,-0.030461
1788516011.059777,2.800531,0.259419,0.000000,-0.032080
1788516011.124644,2.807766,0.253999,0.000000,-0.031234
1788516011.192383,2.814337,0.246234,0.000000,-0.029615
1788516011.260092,2.820274,0.236803,0.000000,-0.026197
1788516011.323436,2.826842,0.224633,0.000000,-0.020738
1788516011.391150,2.835686,0.211579,0.000000,-0.014260
1788516011.459286,2.843426,0.193117,0.000000,-0.009024
1788516011.526917,2.853522,0.172761,0.000000,-0.003094
1788516011.590123,2.861631,0.150950,0.000000,-0.001849
1788516011.657573,2.871912,0.126977,0.000000,-0.001504
1788516011.725430,2.879618,0.100113,0.000000,-0.004533
1788516011.788935,2.889935,0.071247,0.000000,-0.009631
1788516011.856766,2.896326,0.041068,0.000000,-0.016146
1788516011.924468,2.903235,0.009591,0.000000,-0.021382
1788516011.987352,2.908801,-0.022665,0.000000,-0.023073
1788516012.055833,2.915059,-0.054346,0.000000,-0.022585
1788516012.123130,2.919717,-0.085096,0.000000,-0.018787
1788516012.191265,2.922379,-0.115245,0.000000,-0.014259
1788516012.253878,2.921531,-0.145127,0.000000,-0.005922
1788516012.322359,2.920629,-0.172188,0.000000,0.003394
1788516012.389639,2.918808,-0.196114,0.000000,0.011630
1788516012.457605,2.913649,-0.219525,0.000000,0.014600
1788516012.520359,2.909608,-0.239101,0.000000,0.014600
1788516012.587907,2.898847,-0.257609,0.000000,0.015198
1788516012.655686,2.889571,-0.271200,0.000000,0.015796
1788516012.723406,2.877198,-0.283278,0.000000,0.016568
1788516012.790700,2.867147,-0.292384,0.000000,0.016568
1788516012.854791,2.855826,-0.300892,0.000000,0.016568
1788516012.922456,2.844057,-0.309156,0.000000,0.013721
1788516012.989741,2.833029,-0.315150,0.000000,0.012029
1788516013.055349,2.823130,-0.321488,0.000000,0.009901
1788516013.121446,2.813278,-0.327933,0.000000,0.005672
1788516013.188862,2.802401,-0.333296,0.000000,0.003382
1788516013.258207,2.792121,-0.337328,0.000000,0.001555
1788516013.324232,2.783964,-0.340829,0.000000,0.003446
1788516013.390317,2.774832,-0.342935,0.000000,0.006416
1788516013.454990,2.765499,-0.345240,0.000000,0.010878
1788516013.522752,2.754740,-0.345401,0.000000,0.017235
1788516013.592732,2.744542,-0.343708,0.000000,0.024461
1788516013.653708,2.736361,-0.342444,0.000000,0.032904
1788516013.721279,2.727104,-0.342465,0.000000,0.042391
1788516013.791910,2.718393,-0.340835,0.000000,0.052422
1788516013.852685,2.710853,-0.339357,0.000000,0.062369
1788516013.920846,2.704942,-0.339480,0.000000,0.069782
1788516013.988585,2.697673,-0.339246,0.000000,0.076696
1788516014.053198,2.692426,-0.339875,0.000000,0.081505
1788516014.118853,2.687613,-0.340450,0.000000,0.083396
1788516014.186561,2.682425,-0.342683,0.000000,0.084373
1788516014.254234,2.679253,-0.347158,0.000000,0.081547
1788516014.317525,2.677176,-0.348614,0.000000,0.077992
1788516014.385414,2.675871,-0.350821,0.000000,0.072722
1788516014.452978,2.676660,-0.351878,0.000000,0.068038
1788516014.520626,2.676496,-0.352161,0.000000,0.063997
1788516014.584575,2.677767,-0.351779,0.000000,0.059956
1788516014.651563,2.679850,-0.350590,0.000000,0.059265
1788516014.719434,2.682852,-0.349116,0.000000,0.058289
1788516014.786963,2.688415,-0.345418,0.000000,0.055592
1788516014.850670,2.694533,-0.339976,0.000000,0.048284
1788516014.918121,2.699661,-0.334386,0.000000,0.038543
1788516014.985811,2.705411,-0.328042,0.000000,0.025550
1788516015.053316,2.709055,-0.323257,0.000000,0.011844
1788516015.116973,2.714258,-0.317245,0.000000,-0.000861
1788516015.184455,2.719921,-0.311175,0.000000,-0.011045
1788516015.252184,2.725711,-0.306681,0.000000,-0.017270
1788516015.320274,2.730924,-0.302318,0.000000,-0.020220
1788516015.383327,2.737171,-0.299288,0.000000,-0.023513
1788516015.450992,2.744180,-0.298199,0.000000,-0.026861
1788516015.518682,2.751837,-0.296600,0.000000,-0.029444
1788516015.582353,2.760529,-0.296993,0.000000,-0.032683
1788516015.650457,2.768889,-0.299354,0.000000,-0.036912
1788516015.717668,2.777595,-0.304593,0.000000,-0.042305
1788516015.785195,2.787596,-0.310818,0.000000,-0.048000
1788516015.853135,2.799554,-0.317408,0.000000,-0.053360
1788516015.916663,2.811581,-0.328385,0.000000,-0.059033
1788516015.984259,2.822023,-0.341514,0.000000,-0.062520
1788516016.047661,2.834371,-0.356383,0.000000,-0.066024
1788516016.115004,2.846666,-0.372449,0.000000,-0.068514
1788516016.186358,2.859387,-0.391659,0.000000,-0.069002
1788516016.250210,2.870450,-0.411882,0.000000,-0.067621
1788516016.317930,2.880038,-0.435257,0.000000,-0.065357
1788516016.381436,2.885093,-0.459122,0.000000,-0.060212
1788516016.451566,2.886510,-0.484832,0.000000,-0.055711
1788516016.517097,2.883629,-0.513581,0.000000,-0.049477
1788516016.584611,2.873938,-0.544704,0.000000,-0.044570
1788516016.647690,2.863572,-0.576759,0.000000,-0.041066
1788516016.715493,2.849592,-0.609673,0.000000,-0.039206
1788516016.783458,2.829498,-0.643726,0.000000,-0.033088
1788516016.852249,2.802136,-0.676865,0.000000,-0.023520
1788516016.914244,2.772451,-0.709380,0.000000,-0.012979
1788516016.982859,2.740066,-0.740340,0.000000,-0.000260
1788516017.049431,2.704156,-0.770038,0.000000,0.012814
1788516017.117401,2.664629,-0.795004,0.000000,0.027155
1788516017.185489,2.624350,-0.819622,0.000000,0.041047
1788516017.249255,2.582360,-0.839037,0.000000,0.050970
1788516017.316072,2.539742,-0.857608,0.000000,0.058351
1788516017.383619,2.495049,-0.872438,0.000000,0.061627
1788516017.451246,2.450564,-0.885426,0.000000,0.061627
1788516017.514611,2.405209,-0.895566,0.000000,0.060044
1788516017.582892,2.359877,-0.905669,0.000000,0.058122
1788516017.649858,2.315010,-0.913684,0.000000,0.052773
1788516017.713268,2.268938,-0.919112,0.000000,0.045572
1788516017.781361,2.221445,-0.921478,0.000000,0.038330
1788516017.848543,2.173814,-0.922152,0.000000,0.035840
1788516017.916290,2.127117,-0.919866,0.000000,0.038909
1788516017.980139,2.082716,-0.914435,0.000000,0.044519
1788516018.047320,2.036164,-0.907897,0.000000,0.051761
1788516018.114923,1.993100,-0.899234,0.000000,0.055448
1788516018.182439,1.950870,-0.891999,0.000000,0.048338
1788516018.246184,1.909987,-0.880947,0.000000,0.026146
1788516018.313682,1.868567,-0.869310,0.000000,-0.003855
1788516018.381193,1.827106,-0.858582,0.000000,-0.033059
1788516018.448835,1.785696,-0.849099,0.000000,-0.051479
1788516018.516749,1.747315,-0.838225,0.000000,-0.056658
1788516018.580108,1.713489,-0.825565,0.000000,-0.052798
1788516018.647504,1.682754,-0.812359,0.000000,-0.042797
1788516018.715281,1.657328,-0.798087,0.000000,-0.027157
1788516018.778583,1.634618,-0.783929,0.000000,-0.005691
1788516018.846415,1.618220,-0.766664,0.000000,0.016858
1788516018.914758,1.604201,-0.749720,0.000000,0.037660
1788516018.982388,1.594897,-0.732837,0.000000,0.054330
1788516019.049173,1.587397,-0.717691,0.000000,0.066236
1788516019.112796,1.582486,-0.701873,0.000000,0.070777
1788516019.180110,1.580802,-0.687852,0.000000,0.072571
1788516019.248519,1.579874,-0.675796,0.000000,0.070528
1788516019.315594,1.579665,-0.664247,0.000000,0.064087
1788516019.383046,1.579361,-0.655516,0.000000,0.056116
1788516019.451081,1.579352,-0.650412,0.000000,0.048019
1788516019.514096,1.578422,-0.645251,0.000000,0.040785
1788516019.581753,1.577363,-0.642841,0.000000,0.037583
1788516019.649329,1.575515,-0.640543,0.000000,0.035142
1788516019.716883,1.573187,-0.639228,0.000000,0.038955
1788516019.782880,1.569190,-0.637939,0.000000,0.043677
1788516019.848055,1.565284,-0.636589,0.000000,0.052425
1788516019.915609,1.559586,-0.632835,0.000000,0.062055
1788516019.983240,1.553703,-0.626892,0.000000,0.073418
1788516020.046635,1.545497,-0.620757,0.000000,0.086230
1788516020.114258,1.540100,-0.611130,0.000000,0.098698
1788516020.181947,1.533317,-0.597758,0.000000,0.109817
1788516020.249959,1.526568,-0.584830,0.000000,0.120128
1788516020.317445,1.519920,-0.569293,0.000000,0.129119
1788516020.380898,1.514299,-0.553513,0.000000,0.139054
1788516020.448514,1.508200,-0.535462,0.000000,0.146697
1788516020.516880,1.503406,-0.517337,0.000000,0.154021
1788516020.584286,1.497065,-0.502227,0.000000,0.159414
1788516020.647169,1.490060,-0.484021,0.000000,0.164807
1788516020.714941,1.485369,-0.472508,0.000000,0.170595
1788516020.782831,1.481145,-0.462167,0.000000,0.178253
1788516020.850930,1.476105,-0.453071,0.000000,0.185185
1788516020.913800,1.473243,-0.446409,0.000000,0.190068
1788516020.981316,1.469488,-0.441355,0.000000,0.191103
1788516021.049013,1.466792,-0.438853,0.000000,0.188277
1788516021.112283,1.464924,-0.439925,0.000000,0.181068
1788516021.179768,1.463350,-0.441517,0.000000,0.170607
1788516021.248014,1.461970,-0.444488,0.000000,0.157230
1788516021.310824,1.460700,-0.449315,0.000000,0.142331
1788516021.378542,1.459954,-0.453412,0.000000,0.129431
1788516021.443794,1.459700,-0.456904,0.000000,0.118767
1788516021.509676,1.458874,-0.458035,0.000000,0.110087
1788516021.577658,1.458902,-0.460284,0.000000,0.101815
1788516021.640640,1.459757,-0.460400,0.000000,0.097031
1788516021.708538,1.457963,-0.458803,0.000000,0.090730
1788516021.775974,1.456945,-0.455854,0.000000,0.086295
1788516021.839271,1.453275,-0.451835,0.000000,0.082513
1788516021.907225,1.447269,-0.446951,0.000000,0.078442
1788516021.974911,1.440616,-0.441346,0.000000,0.074788
1788516022.042214,1.431536,-0.435557,0.000000,0.073323
1788516022.106653,1.419102,-0.431453,0.000000,0.074169
1788516022.173725,1.403929,-0.427001,0.000000,0.074657
1788516022.241184,1.387743,-0.422179,0.000000,0.072897
1788516022.304409,1.367438,-0.419130,0.000000,0.070505
1788516022.372860,1.345880,-0.417694,0.000000,0.068294
1788516022.439735,1.320474,-0.416239,0.000000,0.065664
1788516022.503293,1.296497,-0.414450,0.000000,0.063127
1788516022.570806,1.270238,-0.412009,0.000000,0.060409
1788516022.638586,1.242728,-0.410757,0.000000,0.058017
1788516022.706009,1.216560,-0.407865,0.000000,0.053704
1788516022.769592,1.189689,-0.405320,0.000000,0.049678
1788516022.838507,1.165523,-0.400485,0.000000,0.047787
1788516022.905432,1.143435,-0.396698,0.000000,0.045576
1788516022.972318,1.122415,-0.391777,0.000000,0.043110
1788516023.035822,1.104983,-0.386410,0.000000,0.041729
1788516023.103642,1.089059,-0.381771,0.000000,0.039465
1788516023.171246,1.074508,-0.377147,0.000000,0.036535
1788516023.238805,1.062162,-0.373517,0.000000,0.034464
1788516023.302509,1.052870,-0.369274,0.000000,0.034464
1788516023.369826,1.045672,-0.366209,0.000000,0.036905
1788516023.437418,1.041425,-0.363594,0.000000,0.040375
1788516023.506285,1.037878,-0.361299,0.000000,0.043705
1788516023.572948,1.035409,-0.358521,0.000000,0.048636
1788516023.636318,1.034099,-0.358567,0.000000,0.053370
1788516023.704079,1.033805,-0.357722,0.000000,0.056925
1788516023.771510,1.033202,-0.357920,0.000000,0.061039
1788516023.839443,1.033733,-0.358536,0.000000,0.064422
1788516023.902846,1.034202,-0.359861,0.000000,0.067206
1788516023.971402,1.034047,-0.361846,0.000000,0.068498
1788516024.038426,1.033767,-0.365505,0.000000,0.068986
1788516024.105656,1.034940,-0.367793,0.000000,0.067294
1788516024.169495,1.034704,-0.373773,0.000000,0.065913
1788516024.236680,1.035070,-0.377742,0.000000,0.063087
1788516024.304889,1.035147,-0.385201,0.000000,0.060745
1788516024.372134,1.034923,-0.392162,0.000000,0.057258
1788516024.435522,1.035755,-0.401477,0.000000,0.051977
1788516024.502841,1.036485,-0.409711,0.000000,0.051131
1788516024.571060,1.035662,-0.418295,0.000000,0.051131
1788516024.638357,1.036397,-0.428249,0.000000,0.052423
1788516024.701648,1.036869,-0.437158,0.000000,0.054149
1788516024.769381,1.037620,-0.448032,0.000000,0.056516
1788516024.836907,1.038741,-0.458319,0.000000,0.057430
1788516024.904593,1.038031,-0.469209,0.000000,0.057775
1788516024.968359,1.037498,-0.481150,0.000000,0.057775
1788516025.035429,1.038315,-0.492829,0.000000,0.060622
1788516025.103291,1.037851,-0.504940,0.000000,0.062166
1788516025.170911,1.038175,-0.516036,0.000000,0.066747
1788516025.234313,1.038077,-0.528682,0.000000,0.071481
1788516025.301790,1.039755,-0.541835,0.000000,0.078489
1788516025.369590,1.040973,-0.554222,0.000000,0.085514
1788516025.433254,1.044262,-0.566024,0.000000,0.092324
1788516025.500490,1.048733,-0.579032,0.000000,0.099169
1788516025.568213,1.050900,-0.591152,0.000000,0.105383
1788516025.635768,1.050358,-0.603319,0.000000,0.109819
1788516025.699352,1.051255,-0.616898,0.000000,0.112109
1788516025.766893,1.049170,-0.630991,0.000000,0.113446
1788516025.835073,1.043582,-0.645592,0.000000,0.112958
1788516025.902480,1.038108,-0.660418,0.000000,0.113556
1788516025.965547,1.026943,-0.676218,0.000000,0.113556
1788516026.033338,1.013633,-0.691018,0.000000,0.115415
1788516026.100976,0.999847,-0.705321,0.000000,0.116261
1788516026.168642,0.984528,-0.721006,0.000000,0.117642
1788516026.232228,0.966739,-0.735273,0.000000,0.118332
1788516026.299568,0.948120,-0.748549,0.000000,0.118332
1788516026.367635,0.927636,-0.760426,0.000000,0.117642
1788516026.434915,0.907763,-0.772583,0.000000,0.116796
1788516026.502374,0.887808,-0.784447,0.000000,0.116796
1788516026.565753,0.868965,-0.794687,0.000000,0.119163
1788516026.634862,0.850413,-0.803903,0.000000,0.123744
1788516026.700963,0.832099,-0.814105,0.000000,0.129070
1788516026.768575,0.815671,-0.823483,0.000000,0.136491
1788516026.831963,0.796967,-0.833681,0.000000,0.143913
1788516026.900063,0.778490,-0.845206,0.000000,0.150464
1788516026.967322,0.757149,-0.854788,0.000000,0.155688
1788516027.034935,0.729628,-0.868261,0.000000,0.160282
1788516027.098509,0.701422,-0.881855,0.000000,0.161864
1788516027.166262,0.670086,-0.895159,0.000000,0.162555
1788516027.233997,0.631969,-0.910907,0.000000,0.159585
1788516027.301588,0.588070,-0.926531,0.000000,0.152997
1788516027.364604,0.541176,-0.942126,0.000000,0.145192
1788516027.432440,0.489525,-0.957014,0.000000,0.136665
1788516027.499946,0.432977,-0.972946,0.000000,0.126187
1788516027.567584,0.376406,-0.987885,0.000000,0.114206
1788516027.632155,0.313987,-0.998826,0.000000,0.103762
1788516027.698713,0.247175,-1.001163,0.000000,0.096050
1788516027.766304,0.179176,-0.998773,0.000000,0.083721
1788516027.829669,0.105377,-0.991770,0.000000,0.076903
1788516027.897364,0.030816,-0.977715,0.000000,0.070093
1788516027.965297,-0.044717,-0.959234,0.000000,0.070691
1788516028.028510,-0.121788,-0.938726,0.000000,0.079480
1788516028.096004,-0.199726,-0.911331,0.000000,0.090088
1788516028.163735,-0.275882,-0.880560,0.000000,0.104453
1788516028.227235,-0.332007,-0.844042,0.000000,0.115987
1788516028.294803,-0.368129,-0.804909,0.000000,0.130794
1788516028.363093,-0.393903,-0.766586,0.000000,0.145919
1788516028.426833,-0.407792,-0.724469,0.000000,0.151529
1788516028.493889,-0.415559,-0.688073,0.000000,0.155435
1788516028.561306,-0.417732,-0.656330,0.000000,0.149793
1788516028.624624,-0.400625,-0.625973,0.000000,0.146289
1788516028.692640,-0.361619,-0.598459,0.000000,0.149377
1788516028.760811,-0.309350,-0.572822,0.000000,0.159974
1788516028.827772,-0.245747,-0.547927,0.000000,0.173475
1788516028.891376,-0.170827,-0.521723,0.000000,0.185311
1788516028.958836,-0.093444,-0.495388,0.000000,0.194439
1788516029.026483,-0.006472,-0.471747,0.000000,0.202477
1788516029.089977,0.087441,-0.448609,0.000000,0.203168
1788516029.157694,0.174059,-0.427359,0.000000,0.197864
1788516029.225536,0.247703,-0.408437,0.000000,0.189563
1788516029.293106,0.308452,-0.392015,0.000000,0.175487
1788516029.357133,0.362342,-0.379428,0.000000,0.161331
1788516029.424021,0.415860,-0.371117,0.000000,0.150407
1788516029.492253,0.459449,-0.366935,0.000000,0.144681
1788516029.559876,0.497047,-0.367089,0.000000,0.146373
1788516029.627327,0.531804,-0.371298,0.000000,0.153270
1788516029.690382,0.563879,-0.377004,0.000000,0.163838
1788516029.760110,0.592226,-0.386380,0.000000,0.174057
1788516029.825792,0.616647,-0.396651,0.000000,0.187264
1788516029.893437,0.636744,-0.407942,0.000000,0.202278
1788516029.956694,0.656044,-0.420832,0.000000,0.216898
1788516030.026928,0.671049,-0.434076,0.000000,0.232713
1788516030.092309,0.683430,-0.448130,0.000000,0.242660
1788516030.159581,0.690536,-0.462476,0.000000,0.249364
1788516030.223009,0.695197,-0.476965,0.000000,0.252082
1788516030.290647,0.697389,-0.492119,0.000000,0.252773
1788516030.359141,0.696899,-0.507920,0.000000,0.248502
1788516030.426383,0.697298,-0.523613,0.000000,0.240969
1788516030.489797,0.694475,-0.538208,0.000000,0.229164
1788516030.557860,0.689867,-0.552016,0.000000,0.215904
1788516030.624685,0.689134,-0.563747,0.000000,0.201481
1788516030.692684,0.687287,-0.575679,0.000000,0.187941
1788516030.759660,0.688189,-0.585721,0.000000,0.176968
1788516030.823833,0.690901,-0.594555,0.000000,0.167787
1788516030.892961,0.693294,-0.602858,0.000000,0.162328
1788516030.959045,0.697320,-0.607553,0.000000,0.160823
1788516031.022992,0.705826,-0.610293,0.000000,0.164574
1788516031.091542,0.715551,-0.611362,0.000000,0.169967
1788516031.157636,0.725581,-0.610717,0.000000,0.179397
1788516031.221703,0.739095,-0.607261,0.000000,0.190326
1788516031.288777,0.753351,-0.601575,0.000000,0.204995
1788516031.359822,0.770578,-0.595014,0.000000,0.220930
1788516031.424426,0.787868,-0.586670,0.000000,0.236707
1788516031.487570,0.807384,-0.577107,0.000000,0.251118
1788516031.555386,0.829422,-0.567355,0.000000,0.264575
1788516031.622939,0.849350,-0.557661,0.000000,0.274898
1788516031.690861,0.869684,-0.550025,0.000000,0.284596
1788516031.758219,0.887181,-0.543849,0.000000,0.291432
1788516031.822322,0.905340,-0.539375,0.000000,0.298242
1788516031.890259,0.919666,-0.536584,0.000000,0.301695
1788516031.957079,0.932012,-0.537426,0.000000,0.302040
1788516032.024651,0.942382,-0.539462,0.000000,0.299623
1788516032.092188,0.948227,-0.545535,0.000000,0.294876
1788516032.155639,0.951268,-0.553872,0.000000,0.288633
1788516032.223361,0.954189,-0.563469,0.000000,0.282918
1788516032.291141,0.952138,-0.573714,0.000000,0.275369
1788516032.366736,0.951760,-0.584106,0.000000,0.269510
1788516032.426580,0.949529,-0.595283,0.000000,0.263932
1788516032.490041,0.947517,-0.604998,0.000000,0.258940
1788516032.557640,0.943264,-0.615639,0.000000,0.252201
1788516032.625155,0.941521,-0.624842,0.000000,0.245321
1788516032.692779,0.939388,-0.633605,0.000000,0.238187
1788516032.760498,0.937120,-0.640990,0.000000,0.233516
1788516032.824923,0.935348,-0.646626,0.000000,0.231200
1788516032.892772,0.934891,-0.652107,0.000000,0.232046
1788516032.960142,0.933229,-0.656229,0.000000,0.233840
1788516033.026656,0.931136,-0.659853,0.000000,0.236889
1788516033.090374,0.929933,-0.663231,0.000000,0.239958
1788516033.157979,0.927995,-0.664751,0.000000,0.241849
1788516033.225493,0.925190,-0.665936,0.000000,0.243949
1788516033.293430,0.922675,-0.665786,0.000000,0.246439
1788516033.356560,0.917016,-0.665975,0.000000,0.249179
1788516033.424425,0.913285,-0.664996,0.000000,0.253235
1788516033.492209,0.908707,-0.662416,0.000000,0.257548
1788516033.559475,0.904556,-0.658389,0.000000,0.264961
1788516033.627158,0.898454,-0.652214,0.000000,0.272865
1788516033.690518,0.893951,-0.644987,0.000000,0.283177
1788516033.758050,0.888840,-0.638440,0.000000,0.291192
1788516033.825680,0.885509,-0.628367,0.000000,0.296124
1788516033.893716,0.884437,-0.620909,0.000000,0.296124
1788516033.958451,0.881009,-0.611616,0.000000,0.290064
1788516034.024644,0.880796,-0.603304,0.000000,0.279479
1788516034.092022,0.877475,-0.594919,0.000000,0.266250
1788516034.159634,0.880036,-0.586984,0.000000,0.253796
1788516034.223170,0.880330,-0.579266,0.000000,0.238436
1788516034.290693,0.881996,-0.572513,0.000000,0.224678
1788516034.358429,0.884330,-0.564989,0.000000,0.212330
1788516034.421796,0.886596,-0.557858,0.000000,0.201422
1788516034.489379,0.888194,-0.550507,0.000000,0.194954
1788516034.557194,0.889483,-0.546038,0.000000,0.193094
1788516034.624699,0.889097,-0.542746,0.000000,0.196477
1788516034.688138,0.886420,-0.537465,0.000000,0.204899
1788516034.756189,0.883143,-0.533862,0.000000,0.217453
1788516034.823475,0.879309,-0.531420,0.000000,0.233135
1788516034.886710,0.874303,-0.528743,0.000000,0.251089
1788516034.954545,0.870609,-0.525962,0.000000,0.267723
1788516035.022782,0.865035,-0.524547,0.000000,0.281105
1788516035.089760,0.859143,-0.524215,0.000000,0.289562
1788516035.156600,0.854552,-0.523965,0.000000,0.294517
1788516035.220723,0.846756,-0.525030,0.000000,0.294517
1788516035.288498,0.841992,-0.524545,0.000000,0.288448
1788516035.356099,0.836241,-0.524987,0.000000,0.275314
1788516035.424030,0.829365,-0.529550,0.000000,0.256937
1788516035.487302,0.822500,-0.530846,0.000000,0.234283
1788516035.555239,0.816377,-0.532717,0.000000,0.211803
1788516035.622977,0.811072,-0.536405,0.000000,0.190160
1788516035.690201,0.804184,-0.539187,0.000000,0.171750
1788516035.753544,0.799000,-0.542617,0.000000,0.156004
1788516035.822285,0.794728,-0.546407,0.000000,0.145600
1788516035.889406,0.791216,-0.549478,0.000000,0.137872
1788516035.956823,0.790629,-0.550570,0.000000,0.134137
1788516036.020610,0.791836,-0.550745,0.000000,0.135642
1788516036.087690,0.795115,-0.550895,0.000000,0.139533
1788516036.155398,0.800909,-0.548733,0.000000,0.146325
1788516036.219014,0.807346,-0.544677,0.000000,0.156877
1788516036.286251,0.816470,-0.539193,0.000000,0.168028
1788516036.353906,0.826479,-0.531559,0.000000,0.181708
1788516036.417562,0.838526,-0.523431,0.000000,0.198756
1788516036.485037,0.851878,-0.515082,0.000000,0.219337
1788516036.552686,0.867490,-0.504053,0.000000,0.241128
1788516036.620368,0.882488,-0.496714,0.000000,0.263373
1788516036.683674,0.898132,-0.488461,0.000000,0.285538
1788516036.751405,0.911560,-0.482154,0.000000,0.309012
1788516036.818859,0.924800,-0.476910,0.000000,0.329309
1788516036.886485,0.935130,-0.475336,0.000000,0.348387
1788516036.949923,0.943494,-0.473891,0.000000,0.367054
1788516037.018215,0.950071,-0.475235,0.000000,0.382320
1788516037.085642,0.953567,-0.477394,0.000000,0.397010
1788516037.153467,0.954232,-0.479513,0.000000,0.407034
1788516037.221092,0.952435,-0.482422,0.000000,0.415407
1788516037.284538,0.945585,-0.484682,0.000000,0.420855
1788516037.351988,0.937939,-0.487471,0.000000,0.422192
1788516037.419729,0.925296,-0.490247,0.000000,0.422680
1788516037.487006,0.911447,-0.492686,0.000000,0.419962
1788516037.554744,0.896246,-0.494709,0.000000,0.413902
1788516037.618733,0.878611,-0.497759,0.000000,0.407234
1788516037.685527,0.861044,-0.499204,0.000000,0.400091
1788516037.753696,0.843626,-0.499077,0.000000,0.394912
1788516037.821394,0.824964,-0.499743,0.000000,0.389779
1788516037.888419,0.807595,-0.498792,0.000000,0.385264
1788516037.951837,0.791158,-0.496512,0.000000,0.382417
1788516038.019551,0.777939,-0.493219,0.000000,0.381929
1788516038.088145,0.767838,-0.487944,0.000000,0.381929
1788516038.155125,0.760580,-0.480396,0.000000,0.382527
1788516038.222617,0.756598,-0.473233,0.000000,0.383563
1788516038.285907,0.753673,-0.464222,0.000000,0.383908
1788516038.353762,0.752868,-0.455110,0.000000,0.384944
1788516038.432175,0.753871,-0.444989,0.000000,0.387894
1788516038.489083,0.756649,-0.434254,0.000000,0.392690
1788516038.556519,0.760297,-0.422367,0.000000,0.399196
1788516038.619989,0.765119,-0.412509,0.000000,0.404622
1788516038.687647,0.769675,-0.404237,0.000000,0.408420
1788516038.755166,0.772070,-0.398570,0.000000,0.410604
1788516038.822909,0.777103,-0.391927,0.000000,0.413187
1788516038.886585,0.781828,-0.387546,0.000000,0.412842
1788516038.953948,0.785315,-0.384622,0.000000,0.410526
1788516039.021576,0.788939,-0.381703,0.000000,0.409021
1788516039.084962,0.791950,-0.382336,0.000000,0.405933
1788516039.152566,0.796065,-0.382304,0.000000,0.403349
1788516039.220518,0.801060,-0.383073,0.000000,0.399367
1788516039.288013,0.805554,-0.384586,0.000000,0.392753
1788516039.352148,0.812135,-0.384571,0.000000,0.385102
1788516039.419961,0.817256,-0.386355,0.000000,0.377721
1788516039.488075,0.822383,-0.388302,0.000000,0.371731
1788516039.556374,0.827796,-0.390187,0.000000,0.367073
1788516039.618416,0.833148,-0.389661,0.000000,0.363621
1788516039.685474,0.840354,-0.390789,0.000000,0.361637
1788516039.753342,0.845317,-0.390602,0.000000,0.361637
1788516039.821005,0.851480,-0.390506,0.000000,0.362974
1788516039.884286,0.857020,-0.389277,0.000000,0.367409
1788516039.952511,0.861631,-0.389591,0.000000,0.370193
1788516040.019517,0.869412,-0.389343,0.000000,0.374069
1788516040.087467,0.874588,-0.388758,0.000000,0.375688
1788516040.151379,0.881287,-0.389066,0.000000,0.376724
1788516040.218343,0.887947,-0.390293,0.000000,0.377322
1788516040.286132,0.893913,-0.391658,0.000000,0.377322
1788516040.349598,0.899501,-0.393620,0.000000,0.373477
1788516040.416921,0.903373,-0.393887,0.000000,0.369632
1788516040.484926,0.908587,-0.396159,0.000000,0.363793
1788516040.552247,0.912431,-0.399711,0.000000,0.359453
1788516040.615723,0.916277,-0.402348,0.000000,0.355865
1788516040.683473,0.920911,-0.406361,0.000000,0.354774
1788516040.753061,0.924151,-0.411359,0.000000,0.354175
1788516040.819270,0.928843,-0.415644,0.000000,0.353687
1788516040.886783,0.932797,-0.420744,0.000000,0.355578
1788516040.949580,0.937311,-0.426218,0.000000,0.355233
1788516041.018498,0.941988,-0.432295,0.000000,0.353190
1788516041.085125,0.947769,-0.438303,0.000000,0.349019
1788516041.153373,0.950501,-0.443520,0.000000,0.344530
1788516041.220344,0.954106,-0.447991,0.000000,0.341946
1788516041.283646,0.958609,-0.455161,0.000000,0.340441
1788516041.351361,0.964536,-0.461583,0.000000,0.342652
1788516041.419173,0.969868,-0.469195,0.000000,0.345478
1788516041.486854,0.975567,-0.475202,0.000000,0.349846
1788516041.550255,0.980467,-0.480818,0.000000,0.354374
1788516041.617721,0.988185,-0.486718,0.000000,0.361262
1788516041.685421,0.993048,-0.491561,0.000000,0.366732
1788516041.752859,0.997824,-0.498256,0.000000,0.369952
1788516041.817260,1.005097,-0.503900,0.000000,0.372024
1788516041.884373,1.012039,-0.508553,0.000000,0.373977
1788516041.951841,1.018037,-0.513662,0.000000,0.375633
1788516042.019316,1.024248,-0.519000,0.000000,0.375288
1788516042.084118,1.031178,-0.524155,0.000000,0.373245
1788516042.151686,1.038103,-0.527375,0.000000,0.372473
1788516042.218731,1.044582,-0.532939,0.000000,0.369503
1788516042.286063,1.049727,-0.537311,0.000000,0.366120
1788516042.350178,1.055393,-0.541133,0.000000,0.364464
1788516042.417775,1.061757,-0.544588,0.000000,0.364464
1788516042.486775,1.068001,-0.549300,0.000000,0.365441
1788516042.551862,1.072103,-0.553460,0.000000,0.367930
1788516042.615302,1.077141,-0.558983,0.000000,0.371206
1788516042.683000,1.082712,-0.563758,0.000000,0.374408
1788516042.751592,1.086545,-0.569329,0.000000,0.378975
1788516042.819208,1.089153,-0.576551,0.000000,0.382804
1788516042.885822,1.091299,-0.584437,0.000000,0.385146
1788516042.949625,1.091812,-0.593192,0.000000,0.386907
1788516043.016981,1.090573,-0.605125,0.000000,0.387883
1788516043.084599,1.090536,-0.615824,0.000000,0.389867
1788516043.148083,1.088346,-0.626480,0.000000,0.390780
1788516043.215627,1.087272,-0.636788,0.000000,0.390090
1788516043.283984,1.084009,-0.647839,0.000000,0.389054
1788516043.351540,1.082013,-0.657159,0.000000,0.387858
1788516043.414299,1.080159,-0.664436,0.000000,0.387012
1788516043.481920,1.080255,-0.671085,0.000000,0.387012
1788516043.549700,1.078292,-0.675997,0.000000,0.386667
1788516043.617856,1.076112,-0.680180,0.000000,0.385202
1788516043.681289,1.075391,-0.682962,0.000000,0.385800
1788516043.750410,1.074848,-0.685605,0.000000,0.386145
1788516043.815794,1.073899,-0.688445,0.000000,0.386633
1788516043.884231,1.073015,-0.691002,0.000000,0.387878
1788516043.947731,1.073472,-0.691993,0.000000,0.389259
1788516044.014625,1.072453,-0.693760,0.000000,0.390351
1788516044.082971,1.072179,-0.694093,0.000000,0.391688
1788516044.149980,1.071579,-0.695047,0.000000,0.394226
1788516044.217311,1.070261,-0.695566,0.000000,0.396922
1788516044.280879,1.070936,-0.695122,0.000000,0.400494
1788516044.350165,1.070126,-0.695310,0.000000,0.401999
1788516044.418952,1.069440,-0.694826,0.000000,0.403336
1788516044.485769,1.069182,-0.693673,0.000000,0.403681
1788516044.547817,1.069340,-0.693368,0.000000,0.404973
1788516044.614547,1.068874,-0.692502,0.000000,0.403592
1788516044.682456,1.069620,-0.692486,0.000000,0.402255
1788516044.749875,1.069166,-0.692564,0.000000,0.401059
1788516044.813267,1.070299,-0.690381,0.000000,0.399678
1788516044.881183,1.073150,-0.687993,0.000000,0.398987
1788516044.948747,1.076582,-0.685966,0.000000,0.400569
1788516045.016155,1.081331,-0.683797,0.000000,0.400569
1788516045.079995,1.087206,-0.679832,0.000000,0.400915
1788516045.147216,1.094052,-0.675282,0.000000,0.401828
1788516045.214743,1.099385,-0.670135,0.000000,0.404066
1788516045.282434,1.105416,-0.664056,0.000000,0.404911
1788516045.346194,1.113093,-0.657807,0.000000,0.406156
1788516045.413884,1.120284,-0.648943,0.000000,0.408199
1788516045.481558,1.125279,-0.640645,0.000000,0.409959
1788516045.553384,1.133743,-0.630401,0.000000,0.413514
1788516045.618972,1.140844,-0.619134,0.000000,0.418236
1788516045.680233,1.146606,-0.609150,0.000000,0.422187
1788516045.747605,1.152236,-0.596873,0.000000,0.425570
1788516045.815285,1.156982,-0.585608,0.000000,0.428659
1788516045.882673,1.161861,-0.573812,0.000000,0.433252
1788516045.946386,1.167770,-0.560124,0.000000,0.439152
1788516046.013924,1.174047,-0.549901,0.000000,0.444644
1788516046.081851,1.178032,-0.538639,0.000000,0.446404
1788516046.149779,1.180904,-0.528202,0.000000,0.446750
1788516046.212866,1.183016,-0.518893,0.000000,0.445553
1788516046.281391,1.185906,-0.508207,0.000000,0.441883
1788516046.348933,1.188291,-0.497734,0.000000,0.436327
1788516046.416082,1.189418,-0.488726,0.000000,0.429430
1788516046.483298,1.190338,-0.479324,0.000000,0.419719
1788516046.548292,1.190814,-0.468416,0.000000,0.410896
1788516046.615098,1.188851,-0.459728,0.000000,0.402467
1788516046.681662,1.189292,-0.449442,0.000000,0.396588
1788516046.749389,1.188574,-0.440456,0.000000,0.390538
1788516046.812952,1.187838,-0.429722,0.000000,0.385919
1788516046.880532,1.188938,-0.417384,0.000000,0.381497
1788516046.948446,1.189974,-0.405454,0.000000,0.380899
1788516047.011414,1.191427,-0.390213,0.000000,0.381244
1788516047.079199,1.194489,-0.370084,0.000000,0.384235
1788516047.146896,1.200376,-0.347617,0.000000,0.386029
1788516047.214497,1.203104,-0.324741,0.000000,0.386029
1788516047.278164,1.207995,-0.298270,0.000000,0.385683
1788516047.346111,1.214060,-0.268642,0.000000,0.385085
1788516047.413195,1.217421,-0.239735,0.000000,0.386121
1788516047.476647,1.220150,-0.210100,0.000000,0.387626
1788516047.544570,1.220773,-0.180084,0.000000,0.390018
1788516047.611930,1.222050,-0.151386,0.000000,0.395898
1788516047.679602,1.221426,-0.123961,0.000000,0.403580
1788516047.743005,1.218268,-0.100093,0.000000,0.413111
1788516047.811272,1.216563,-0.079221,0.000000,0.422232
1788516047.878513,1.214144,-0.059728,0.000000,0.430878
1788516047.941785,1.213146,-0.041616,0.000000,0.438849
1788516048.009495,1.210712,-0.029575,0.000000,0.445045
1788516048.077266,1.208605,-0.020060,0.000000,0.450072
1788516048.144797,1.205226,-0.011793,0.000000,0.457363
1788516048.208128,1.202702,-0.007504,0.000000,0.461703
1788516048.275794,1.201021,-0.002938,0.000000,0.465625
1788516048.343495,1.201843,-0.002207,0.000000,0.468115
1788516048.411194,1.201634,-0.000043,0.000000,0.470379
1788516048.478673,1.203362,0.003225,0.000000,0.473031
1788516048.542345,1.206175,0.006119,0.000000,0.474412
1788516048.609729,1.212478,0.012682,0.000000,0.476454
1788516048.677809,1.219993,0.017635,0.000000,0.476454
1788516048.745111,1.231472,0.026409,0.000000,0.475478
1788516048.808538,1.245710,0.036331,0.000000,0.473061
1788516048.876940,1.261953,0.044283,0.000000,0.467061
1788516048.944064,1.282759,0.058225,0.000000,0.459310
1788516049.011407,1.307503,0.071614,0.000000,0.449841
1788516049.075055,1.336114,0.086529,0.000000,0.438874
1788516049.142704,1.366317,0.103256,0.000000,0.428655
1788516049.213202,1.399414,0.120266,0.000000,0.420261
1788516049.273771,1.435509,0.139660,0.000000,0.413923
1788516049.341431,1.475735,0.160513,0.000000,0.410063
1788516049.410483,1.513810,0.183519,0.000000,0.412135
1788516049.476607,1.554756,0.207688,0.000000,0.418045
1788516049.540303,1.595737,0.232677,0.000000,0.425213
1788516049.607789,1.634000,0.259318,0.000000,0.432769
1788516049.675320,1.670977,0.287009,0.000000,0.439455
1788516049.739992,1.707381,0.315172,0.000000,0.445191
1788516049.806479,1.737766,0.345414,0.000000,0.449276
1788516049.874468,1.767530,0.375456,0.000000,0.450312
1788516049.942136,1.793486,0.403955,0.000000,0.448485
1788516050.010103,1.815355,0.434119,0.000000,0.444930
1788516050.073132,1.832426,0.464260,0.000000,0.441443
1788516050.140990,1.845505,0.494853,0.000000,0.436850
1788516050.208661,1.854946,0.525647,0.000000,0.432607
1788516050.277119,1.860259,0.556189,0.000000,0.427861
1788516050.343885,1.863507,0.586714,0.000000,0.423632
1788516050.407397,1.863003,0.617321,0.000000,0.421316
1788516050.474488,1.860319,0.647608,0.000000,0.421661
1788516050.542980,1.855538,0.676589,0.000000,0.423126
1788516050.611468,1.848730,0.704335,0.000000,0.427667
1788516050.677573,1.843010,0.730211,0.000000,0.431205
1788516050.745998,1.836240,0.754610,0.000000,0.434553
1788516050.808616,1.831349,0.775947,0.000000,0.436843
1788516050.877434,1.825005,0.793590,0.000000,0.435866
1788516050.943985,1.819542,0.809564,0.000000,0.433474
1788516051.007493,1.817426,0.821547,0.000000,0.431009
1788516051.075071,1.815653,0.831425,0.000000,0.428798
1788516051.142602,1.815340,0.837246,0.000000,0.425468
1788516051.211336,1.815073,0.840133,0.000000,0.422478
1788516051.273711,1.815789,0.840816,0.000000,0.418633
1788516051.341640,1.818086,0.838471,0.000000,0.412835
1788516051.409265,1.819463,0.835500,0.000000,0.408414
1788516051.477603,1.822771,0.832899,0.000000,0.402836
1788516051.540642,1.826190,0.829200,0.000000,0.397703
1788516051.607638,1.827272,0.825320,0.000000,0.392994
1788516051.675276,1.829968,0.819183,0.000000,0.392649
1788516051.743146,1.832212,0.814656,0.000000,0.394476
1788516051.806405,1.833864,0.808597,0.000000,0.398081
1788516051.874086,1.834144,0.800849,0.000000,0.404704
1788516051.941707,1.834670,0.792568,0.000000,0.412570
1788516052.009401,1.836459,0.782176,0.000000,0.422928
1788516052.072999,1.838192,0.772174,0.000000,0.434311
1788516052.140550,1.838241,0.761615,0.000000,0.443556
1788516052.208229,1.836559,0.751212,0.000000,0.450815
1788516052.271869,1.835040,0.743924,0.000000,0.456296
1788516052.339731,1.830674,0.736707,0.000000,0.462653
1788516052.406976,1.827477,0.732417,0.000000,0.467311
1788516052.474491,1.823326,0.729777,0.000000,0.473016
1788516052.538342,1.817257,0.728924,0.000000,0.476686
1788516052.605707,1.807500,0.728608,0.000000,0.478110
1788516052.674243,1.798701,0.728080,0.000000,0.480693
1788516052.742760,1.788175,0.730302,0.000000,0.483932
1788516052.805478,1.779731,0.731483,0.000000,0.485077
1788516052.872735,1.768754,0.731625,0.000000,0.482894
1788516052.940223,1.759673,0.734017,0.000000,0.481003
1788516053.008085,1.751792,0.733827,0.000000,0.477036
1788516053.071141,1.741692,0.734779,0.000000,0.472835
1788516053.138569,1.733640,0.735511,0.000000,0.466976
1788516053.206212,1.727493,0.736260,0.000000,0.458351
1788516053.270246,1.722450,0.736169,0.000000,0.447749
1788516053.337874,1.719112,0.737580,0.000000,0.437790
1788516053.404704,1.714978,0.738390,0.000000,0.429186
1788516053.472491,1.712281,0.740884,0.000000,0.423255
1788516053.536122,1.711921,0.743045,0.000000,0.419027
1788516053.603683,1.712323,0.745761,0.000000,0.414420
1788516053.671284,1.712878,0.747824,0.000000,0.410335
1788516053.739398,1.712942,0.749787,0.000000,0.406206
1788516053.802349,1.713925,0.751828,0.000000,0.404701
1788516053.870255,1.714117,0.754184,0.000000,0.403320
1788516053.937590,1.717092,0.757663,0.000000,0.403666
1788516054.001142,1.720296,0.761003,0.000000,0.404438
1788516054.070039,1.724586,0.765120,0.000000,0.402337
1788516054.136307,1.729781,0.768639,0.000000,0.402337
1788516054.204153,1.735713,0.772213,0.000000,0.400354
1788516054.272466,1.744229,0.775496,0.000000,0.397042
1788516054.335239,1.752386,0.779616,0.000000,0.393897
1788516054.402729,1.759782,0.782814,0.000000,0.388058
1788516054.470442,1.771576,0.786086,0.000000,0.383623
1788516054.538429,1.781744,0.789476,0.000000,0.380051
1788516054.601530,1.793548,0.792384,0.000000,0.379206
1788516054.669224,1.805808,0.794691,0.000000,0.376576
1788516054.736956,1.819506,0.795112,0.000000,0.375152
1788516054.804370,1.833036,0.795878,0.000000,0.372760
1788516054.868987,1.847483,0.793510,0.000000,0.370550
1788516054.935650,1.862426,0.789396,0.000000,0.367989
1788516055.003158,1.875502,0.783584,0.000000,0.367076
1788516055.071370,1.887904,0.773637,0.000000,0.366730
1788516055.134281,1.898435,0.760992,0.000000,0.366730
1788516055.202099,1.909556,0.745632,0.000000,0.370078
1788516055.269803,1.919978,0.727953,0.000000,0.373223
1788516055.337878,1.928015,0.706277,0.000000,0.375830
1788516055.401024,1.936788,0.684788,0.000000,0.380358
1788516055.468415,1.946510,0.661840,0.000000,0.387434
1788516055.536513,1.954084,0.637295,0.000000,0.393697
1788516055.603593,1.959367,0.611578,0.000000,0.401198
1788516055.667903,1.971108,0.587119,0.000000,0.408357
1788516055.734707,1.980918,0.564100,0.000000,0.415097
1788516055.802262,1.991578,0.540199,0.000000,0.417657
1788516055.870040,2.001692,0.517787,0.000000,0.417657
1788516055.933470,2.012521,0.495439,0.000000,0.415192
1788516056.000940,2.022892,0.473814,0.000000,0.410370
1788516056.068870,2.032227,0.453913,0.000000,0.404360
1788516056.136323,2.042664,0.433483,0.000000,0.399147
1788516056.199718,2.048972,0.414214,0.000000,0.394807
1788516056.267375,2.056575,0.393946,0.000000,0.391286
1788516056.335315,2.060704,0.371815,0.000000,0.391286
1788516056.402951,2.064098,0.346901,0.000000,0.392058
1788516056.466766,2.065124,0.320639,0.000000,0.392546
1788516056.534022,2.064669,0.293520,0.000000,0.393144
1788516056.601513,2.061379,0.262604,0.000000,0.393144
1788516056.669709,2.056095,0.231282,0.000000,0.391101
1788516056.732494,2.052011,0.199121,0.000000,0.389557
1788516056.800270,2.045805,0.164849,0.000000,0.388134
1788516056.868120,2.042411,0.131959,0.000000,0.388479
1788516056.935502,2.036932,0.099778,0.000000,0.389771
1788516057.000692,2.029984,0.069734,0.000000,0.395661
1788516057.067929,2.024441,0.043286,0.000000,0.405223
1788516057.134585,2.020512,0.021311,0.000000,0.418443
1788516057.202546,2.016434,0.003612,0.000000,0.432088
1788516057.265915,2.014779,-0.009145,0.000000,0.443164
1788516057.333809,2.012993,-0.018445,0.000000,0.454186
1788516057.401095,2.011939,-0.023708,0.000000,0.464061
1788516057.468336,2.011353,-0.026990,0.000000,0.470418
1788516057.531848,2.010347,-0.026604,0.000000,0.474488
1788516057.599548,2.008759,-0.026519,0.000000,0.475633
1788516057.667103,2.007781,-0.026719,0.000000,0.473620
1788516057.734715,2.006604,-0.026751,0.000000,0.469549
1788516057.798473,2.002816,-0.028226,0.000000,0.466080
1788516057.865886,1.998575,-0.029080,0.000000,0.462841
1788516057.933712,1.992981,-0.030459,0.000000,0.459753
1788516058.001439,1.986415,-0.033870,0.000000,0.456495
1788516058.064770,1.977767,-0.037622,0.000000,0.452620
1788516058.132505,1.969666,-0.039703,0.000000,0.448549
1788516058.199796,1.960169,-0.042483,0.000000,0.445942
1788516058.267749,1.951829,-0.042659,0.000000,0.443116
1788516058.330908,1.942240,-0.039569,0.000000,0.439716
1788516058.398622,1.933970,-0.036224,0.000000,0.431538
1788516058.466452,1.926100,-0.030628,0.000000,0.418624
1788516058.533980,1.919605,-0.024297,0.000000,0.398807
1788516058.597569,1.915293,-0.016056,0.000000,0.369432
1788516058.665285,1.911629,-0.007250,0.000000,0.328980
1788516058.732910,1.906227,0.003154,0.000000,0.280879
1788516058.800461,1.900983,0.012116,0.000000,0.226860
1788516058.863677,1.897252,0.023363,0.000000,0.172523
1788516058.931537,1.893336,0.032661,0.000000,0.118758
1788516058.999196,1.887111,0.042925,0.000000,0.071380
1788516059.066840,1.881877,0.051354,0.000000,0.033253
1788516059.130685,1.878395,0.062241,0.000000,0.007382
1788516059.197872,1.874950,0.071579,0.000000,-0.009557
1788516059.265484,1.873045,0.082387,0.000000,-0.016471
1788516059.328847,1.874598,0.095537,0.000000,-0.016471
1788516059.396703,1.876935,0.107648,0.000000,-0.012285
1788516059.460237,1.879823,0.120014,0.000000,-0.005423
1788516059.527844,1.885551,0.132907,0.000000,0.003167
1788516059.595535,1.892750,0.145527,0.000000,0.012704
1788516059.659086,1.899083,0.157294,0.000000,0.020780
1788516059.726594,1.908027,0.166555,0.000000,0.027822
1788516059.793980,1.916317,0.175508,0.000000,0.033126
1788516059.861746,1.923889,0.180095,0.000000,0.038033
1788516059.925392,1.931855,0.184842,0.000000,0.042030
1788516059.992945,1.938149,0.186116,0.000000,0.047554
1788516060.060606,1.943432,0.186697,0.000000,0.054959
1788516060.128469,1.947748,0.184241,0.000000,0.065545
1788516060.195809,1.948282,0.181694,0.000000,0.077259
1788516060.259393,1.947826,0.178415,0.000000,0.089412
1788516060.326987,1.945282,0.174822,0.000000,0.103149
1788516060.394586,1.940997,0.172115,0.000000,0.116490
1788516060.462889,1.932731,0.170546,0.000000,0.128224
1788516060.525819,1.923136,0.169162,0.000000,0.138349
1788516060.593636,1.909187,0.169379,0.000000,0.145459
1788516060.662448,1.893966,0.168809,0.000000,0.149702
1788516060.728714,1.875867,0.169493,0.000000,0.151207
1788516060.792167,1.854874,0.170850,0.000000,0.150171
1788516060.859763,1.830890,0.173098,0.000000,0.147987
1788516060.928980,1.806577,0.174310,0.000000,0.145247
1788516060.995348,1.782409,0.176431,0.000000,0.141989
1788516061.058875,1.757370,0.179699,0.000000,0.138145
1788516061.128473,1.732184,0.183313,0.000000,0.134001
1788516061.194195,1.706868,0.184861,0.000000,0.128456
1788516061.261833,1.681674,0.187484,0.000000,0.121969
1788516061.325489,1.657776,0.189378,0.000000,0.114961
1788516061.392656,1.636184,0.191813,0.000000,0.109204
1788516061.461164,1.615213,0.195665,0.000000,0.105422
1788516061.528472,1.594439,0.197947,0.000000,0.104445
1788516061.591413,1.578029,0.205216,0.000000,0.106812
1788516061.663481,1.563572,0.212978,0.000000,0.111621
1788516061.727091,1.553151,0.222589,0.000000,0.116914
1788516061.794485,1.544427,0.233686,0.000000,0.122023
1788516061.858084,1.537038,0.245017,0.000000,0.124287
1788516061.925632,1.531769,0.259553,0.000000,0.124633
1788516061.993138,1.527533,0.276164,0.000000,0.121394
1788516062.060792,1.525526,0.295044,0.000000,0.115627
1788516062.128511,1.522902,0.314544,0.000000,0.107427
1788516062.191998,1.521854,0.336415,0.000000,0.096808
1788516062.259623,1.518860,0.360153,0.000000,0.083404
1788516062.327279,1.517199,0.383522,0.000000,0.070634
1788516062.390618,1.515864,0.409443,0.000000,0.057239
1788516062.459018,1.512684,0.437055,0.000000,0.045414
1788516062.525774,1.508289,0.465821,0.000000,0.034512
1788516062.593448,1.506196,0.493451,0.000000,0.024981
1788516062.656911,1.501293,0.523422,0.000000,0.017990
1788516062.725213,1.497942,0.554663,0.000000,0.011970
1788516062.793804,1.494429,0.585254,0.000000,0.008064
1788516062.855740,1.492850,0.616630,0.000000,0.007151
1788516062.923662,1.491804,0.646613,0.000000,0.006305
1788516062.991829,1.492192,0.676093,0.000000,0.006305
1788516063.054364,1.492477,0.703303,0.000000,0.006995
1788516063.122502,1.493290,0.720573,0.000000,0.008687
1788516063.190403,1.497830,0.733400,0.000000,0.010481
1788516063.253127,1.500131,0.741277,0.000000,0.017256
1788516063.322667,1.505112,0.746297,0.000000,0.024490
1788516063.384474,1.510220,0.744774,0.000000,0.033888
1788516063.451925,1.516132,0.738853,0.000000,0.042160
1788516063.524284,1.523483,0.724833,0.000000,0.048802
1788516063.592541,1.530116,0.703791,0.000000,0.051408
1788516063.650948,1.536255,0.678985,0.000000,0.050920
1788516063.718686,1.542003,0.650380,0.000000,0.045753
1788516063.785953,1.544632,0.621358,0.000000,0.038445
1788516063.853654,1.547597,0.591744,0.000000,0.031514
1788516063.917278,1.548712,0.562454,0.000000,0.024429
1788516063.984823,1.548194,0.535370,0.000000,0.021190
1788516064.052856,1.546785,0.510359,0.000000,0.020845
1788516064.120368,1.543359,0.487646,0.000000,0.023795
1788516064.183539,1.538002,0.468359,0.000000,0.028310
1788516064.251221,1.534433,0.452159,0.000000,0.034611
1788516064.319152,1.530930,0.439682,0.000000,0.038215
1788516064.387088,1.527381,0.431026,0.000000,0.039507
1788516064.451876,1.523617,0.425275,0.000000,0.039995
1788516064.517972,1.519508,0.422843,0.000000,0.041722
1788516064.585810,1.517358,0.423808,0.000000,0.042210
1788516064.653100,1.515213,0.426873,0.000000,0.043502
1788516064.716348,1.514365,0.433320,0.000000,0.043502
1788516064.783963,1.513134,0.442174,0.000000,0.042730
1788516064.853940,1.513658,0.451487,0.000000,0.042132
1788516064.919324,1.513590,0.463837,0.000000,0.040089
1788516064.982920,1.514199,0.476614,0.000000,0.038136
1788516065.051581,1.515431,0.489504,0.000000,0.036712
1788516065.118018,1.517572,0.501798,0.000000,0.035677
1788516065.186084,1.519605,0.512331,0.000000,0.038460
1788516065.249323,1.523482,0.523031,0.000000,0.044761
1788516065.317194,1.529055,0.531598,0.000000,0.050620
1788516065.385235,1.535542,0.537012,0.000000,0.052831
1788516065.452619,1.541297,0.539520,0.000000,0.052486
1788516065.515726,1.548172,0.538216,0.000000,0.049536
1788516065.583341,1.555490,0.535157,0.000000,0.045630
1788516065.650954,1.562538,0.526870,0.000000,0.043446
1788516065.714437,1.567822,0.516689,0.000000,0.043934
1788516065.782234,1.573435,0.500699,0.000000,0.045857
1788516065.849842,1.575990,0.479517,0.000000,0.049394
1788516065.913579,1.576867,0.456747,0.000000,0.055192
1788516065.981009,1.574343,0.428613,0.000000,0.062598
1788516066.048587,1.568527,0.395934,0.000000,0.070479
1788516066.116097,1.560776,0.360955,0.000000,0.079193
1788516066.179754,1.550080,0.324538,0.000000,0.086905
1788516066.247155,1.538721,0.283243,0.000000,0.092164
1788516066.315289,1.525305,0.241400,0.000000,0.095422
1788516066.383210,1.510942,0.199102,0.000000,0.095076
1788516066.450185,1.496915,0.158326,0.000000,0.094041
1788516066.513728,1.481109,0.118420,0.000000,0.091624
1788516066.581997,1.467818,0.082419,0.000000,0.090332
1788516066.649291,1.455912,0.049544,0.000000,0.090332
1788516066.716578,1.447718,0.020177,0.000000,0.093241
1788516066.780230,1.440858,-0.006035,0.000000,0.098351
1788516066.847697,1.437009,-0.027219,0.000000,0.107281
1788516066.915658,1.433507,-0.046206,0.000000,0.116245
1788516066.983021,1.435581,-0.058462,0.000000,0.127064
1788516067.046640,1.437748,-0.066324,0.000000,0.138226
1788516067.114305,1.440569,-0.070713,0.000000,0.146871
1788516067.182127,1.444786,-0.072389,0.000000,0.154790
1788516067.249299,1.448799,-0.071958,0.000000,0.162409
1788516067.312727,1.451470,-0.067773,0.000000,0.168429
1788516067.380899,1.454542,-0.063311,0.000000,0.171967
1788516067.448220,1.455580,-0.055012,0.000000,0.172312
1788516067.515626,1.456242,-0.045618,0.000000,0.171167
1788516067.579114,1.454686,-0.033857,0.000000,0.164680
1788516067.646755,1.450459,-0.023606,0.000000,0.154362
1788516067.714610,1.445749,-0.011994,0.000000,0.144190
1788516067.782219,1.438291,0.000695,0.000000,0.132781
1788516067.845514,1.428585,0.010846,0.000000,0.119498
1788516067.913271,1.417486,0.021614,0.000000,0.105141
1788516067.980993,1.404691,0.033137,0.000000,0.089150
1788516068.048981,1.388375,0.043185,0.000000,0.074368
1788516068.111848,1.370796,0.052714,0.000000,0.061040
1788516068.181200,1.353268,0.061064,0.000000,0.051336
1788516068.247302,1.335173,0.066918,0.000000,0.043693
1788516068.314687,1.314656,0.072392,0.000000,0.037905
1788516068.378137,1.295796,0.078116,0.000000,0.034384
1788516068.446701,1.278539,0.084914,0.000000,0.032765
1788516068.513835,1.259855,0.090973,0.000000,0.036130
1788516068.581193,1.242206,0.098551,0.000000,0.045147
1788516068.644854,1.225336,0.106833,0.000000,0.058932
1788516068.712438,1.209596,0.118257,0.000000,0.074993
1788516068.775956,1.192734,0.129179,0.000000,0.092108
1788516068.843569,1.176895,0.143636,0.000000,0.108973
1788516068.910991,1.161862,0.156050,0.000000,0.123767
1788516068.974483,1.147116,0.170578,0.000000,0.133786
1788516069.042239,1.130551,0.185622,0.000000,0.136300
1788516069.111748,1.111487,0.201218,0.000000,0.135609
1788516069.177684,1.092199,0.215223,0.000000,0.131107
1788516069.241133,1.070259,0.228235,0.000000,0.125147
1788516069.308809,1.046951,0.239883,0.000000,0.117638
1788516069.376441,1.023183,0.252086,0.000000,0.108897
1788516069.439903,0.996318,0.262387,0.000000,0.102078
1788516069.507232,0.969920,0.273486,0.000000,0.094561
1788516069.576119,0.941631,0.284306,0.000000,0.090763
1788516069.642592,0.913332,0.295584,0.000000,0.088111
1788516069.706008,0.884659,0.307452,0.000000,0.090154
1788516069.774323,0.854170,0.321340,0.000000,0.094656
1788516069.842270,0.822565,0.335433,0.000000,0.103260
1788516069.909158,0.791960,0.351875,0.000000,0.113438
1788516069.972874,0.763026,0.368770,0.000000,0.124551
1788516070.040950,0.732425,0.386378,0.000000,0.136421
1788516070.107766,0.702592,0.403406,0.000000,0.145946
1788516070.176140,0.674772,0.419368,0.000000,0.150461
1788516070.243110,0.648046,0.437642,0.000000,0.150806
1788516070.306950,0.624444,0.454701,0.000000,0.147040
1788516070.374230,0.602470,0.469080,0.000000,0.141537
1788516070.441642,0.583034,0.483678,0.000000,0.135152
1788516070.509257,0.567083,0.496839,0.000000,0.128711
1788516070.574324,0.552274,0.509178,0.000000,0.122025
1788516070.640795,0.543584,0.520045,0.000000,0.114476
1788516070.708003,0.538295,0.528927,0.000000,0.108689
1788516070.775577,0.536606,0.535869,0.000000,0.103186
1788516070.839149,0.536487,0.541512,0.000000,0.098645
1788516070.906764,0.537322,0.545122,0.000000,0.097140
1788516070.974325,0.540918,0.546309,0.000000,0.096794
1788516071.042245,0.547058,0.546283,0.000000,0.097566
1788516071.105566,0.554540,0.544567,0.000000,0.098658
1788516071.173254,0.564945,0.540584,0.000000,0.099903
1788516071.240924,0.574589,0.531223,0.000000,0.101629
1788516071.309247,0.586372,0.517986,0.000000,0.100857
1788516071.372063,0.595065,0.503383,0.000000,0.102102
1788516071.439655,0.605560,0.485772,0.000000,0.104592
1788516071.508481,0.614698,0.465250,0.000000,0.108750
1788516071.574940,0.624353,0.443061,0.000000,0.114285
1788516071.638338,0.633960,0.418026,0.000000,0.118129
1788516071.706671,0.642135,0.392109,0.000000,0.120781
1788516071.773637,0.648514,0.365677,0.000000,0.126006
1788516071.836986,0.654984,0.341089,0.000000,0.132026
1788516071.904611,0.659040,0.317876,0.000000,0.137572
1788516071.972344,0.663768,0.296795,0.000000,0.141059
1788516072.035843,0.666654,0.278081,0.000000,0.142095
1788516072.103504,0.668614,0.261510,0.000000,0.144512
1788516072.170923,0.668610,0.248487,0.000000,0.146306
1788516072.234438,0.666979,0.237913,0.000000,0.147888
1788516072.302232,0.664349,0.230488,0.000000,0.149225
1788516072.369947,0.660927,0.226464,0.000000,0.150370
1788516072.437871,0.657089,0.224047,0.000000,0.148989
1788516072.503428,0.653504,0.223932,0.000000,0.147445
1788516072.568942,0.649109,0.224483,0.000000,0.144932
1788516072.636454,0.645602,0.225630,0.000000,0.140905
1788516072.700680,0.642019,0.227732,0.000000,0.133255
1788516072.767339,0.637253,0.228953,0.000000,0.122013
1788516072.835078,0.635418,0.228741,0.000000,0.107798
1788516072.902535,0.634090,0.226629,0.000000,0.097360
1788516072.966020,0.633234,0.220650,0.000000,0.088959
1788516073.033831,0.633831,0.213214,0.000000,0.085490
1788516073.101390,0.635711,0.202616,0.000000,0.085490
1788516073.169118,0.639493,0.188361,0.000000,0.091627
1788516073.236992,0.642664,0.170548,0.000000,0.101417
1788516073.300219,0.648542,0.150891,0.000000,0.115141
1788516073.367767,0.654982,0.128441,0.000000,0.129968
1788516073.435972,0.661249,0.105466,0.000000,0.142612
1788516073.503077,0.666432,0.083228,0.000000,0.151333
1788516073.571224,0.670455,0.059595,0.000000,0.156900
1788516073.634640,0.673285,0.036037,0.000000,0.159850
1788516073.702440,0.676246,0.011812,0.000000,0.160826
1788516073.771744,0.677580,-0.010198,0.000000,0.158510
1788516073.838238,0.677129,-0.030795,0.000000,0.155601
1788516073.905249,0.676606,-0.050268,0.000000,0.152927
1788516073.969007,0.674810,-0.066640,0.000000,0.152155
1788516074.035784,0.670987,-0.082182,0.000000,0.153399
1788516074.103384,0.666836,-0.096361,0.000000,0.157244
1788516074.171177,0.660383,-0.106859,0.000000,0.163343
1788516074.234551,0.655292,-0.114687,0.000000,0.170486
1788516074.302132,0.648443,-0.121215,0.000000,0.177225
1788516074.371034,0.642828,-0.129346,0.000000,0.183666
1788516074.437401,0.637252,-0.133063,0.000000,0.189339
1788516074.500865,0.631879,-0.137080,0.000000,0.192014
1788516074.568754,0.626760,-0.141835,0.000000,0.190432
1788516074.636133,0.621506,-0.145936,0.000000,0.182138
1788516074.699842,0.616157,-0.148619,0.000000,0.170511
1788516074.767336,0.610603,-0.151228,0.000000,0.152415
1788516074.834870,0.607670,-0.154035,0.000000,0.130100
1788516074.902709,0.605542,-0.154789,0.000000,0.105348
1788516074.966242,0.603862,-0.153210,0.000000,0.080245
1788516075.033853,0.603784,-0.148663,0.000000,0.056602
1788516075.101569,0.602287,-0.141912,0.000000,0.033204
1788516075.168937,0.601167,-0.132974,0.000000,0.014662
1788516075.235940,0.603002,-0.120039,0.000000,0.003164
1788516075.300132,0.605002,-0.106331,0.000000,-0.002876
1788516075.368026,0.606695,-0.089270,0.000000,-0.005964
1788516075.431413,0.609492,-0.070801,0.000000,-0.004203
1788516075.501032,0.614299,-0.051965,0.000000,-0.000312
1788516075.566754,0.618453,-0.032839,0.000000,0.003902
1788516075.634126,0.624136,-0.013197,0.000000,0.007637
1788516075.697631,0.629206,0.005651,0.000000,0.012308
1788516075.765337,0.633779,0.023145,0.000000,0.016304
1788516075.833840,0.637986,0.039827,0.000000,0.019130
1788516075.900760,0.642870,0.055798,0.000000,0.023579
1788516075.965012,0.646655,0.071473,0.000000,0.028688
1788516076.031704,0.649268,0.084721,0.000000,0.037585
1788516076.099607,0.653437,0.098471,0.000000,0.048995
1788516076.167266,0.657431,0.111408,0.000000,0.061089
1788516076.230321,0.659840,0.121523,0.000000,0.073850
1788516076.301705,0.662604,0.131832,0.000000,0.089483
1788516076.370428,0.665733,0.140184,0.000000,0.104804
1788516076.435708,0.667280,0.148514,0.000000,0.117108
1788516076.501172,0.669843,0.155460,0.000000,0.125308
1788516076.564365,0.669590,0.159524,0.000000,0.128238
1788516076.632177,0.670312,0.164650,0.000000,0.128726
1788516076.699858,0.669434,0.167706,0.000000,0.125088
1788516076.767793,0.668716,0.169926,0.000000,0.120817
1788516076.835711,0.665660,0.172153,0.000000,0.114989
1788516076.899621,0.663581,0.171967,0.000000,0.107346
1788516076.966009,0.660255,0.171759,0.000000,0.101356
1788516077.033736,0.657980,0.170299,0.000000,0.097605
1788516077.101937,0.656285,0.168547,0.000000,0.095714
1788516077.172143,0.655598,0.165571,0.000000,0.096059
1788516077.232698,0.655701,0.163070,0.000000,0.098297
1788516077.300578,0.656034,0.158246,0.000000,0.101784
1788516077.368008,0.659172,0.151271,0.000000,0.106467
1788516077.435689,0.662381,0.143512,0.000000,0.112317
1788516077.498931,0.667241,0.134650,0.000000,0.117754
1788516077.566609,0.672810,0.123822,0.000000,0.121765
1788516077.634717,0.678004,0.112635,0.000000,0.126359
1788516077.701879,0.682381,0.099202,0.000000,0.130699
1788516077.765444,0.689158,0.085640,0.000000,0.133938
1788516077.833669,0.694227,0.071846,0.000000,0.133938
1788516077.900698,0.699532,0.056025,0.000000,0.130699
1788516077.968368,0.705055,0.039718,0.000000,0.128543
1788516078.032151,0.708491,0.019447,0.000000,0.123809
1788516078.099169,0.712050,-0.001474,0.000000,0.117818
1788516078.166931,0.715134,-0.025953,0.000000,0.111331
1788516078.234584,0.716093,-0.052287,0.000000,0.106176
1788516078.298133,0.718264,-0.080090,0.000000,0.098892
1788516078.365923,0.719310,-0.110465,0.000000,0.089437
1788516078.433364,0.718984,-0.143460,0.000000,0.079598
1788516078.501481,0.719331,-0.176555,0.000000,0.070269
1788516078.564662,0.719531,-0.211640,0.000000,0.061312
1788516078.632818,0.718518,-0.246417,0.000000,0.053662
1788516078.699825,0.717995,-0.281707,0.000000,0.048302
1788516078.763320,0.715984,-0.317125,0.000000,0.044849
1788516078.830785,0.715225,-0.351903,0.000000,0.041211
1788516078.898619,0.714886,-0.385496,0.000000,0.040723
1788516078.962044,0.713885,-0.415628,0.000000,0.042706
1788516079.030380,0.712984,-0.444787,0.000000,0.046227
1788516079.099463,0.711629,-0.470794,0.000000,0.048811
1788516079.165069,0.710404,-0.493634,0.000000,0.048811
1788516079.228213,0.707713,-0.513895,0.000000,0.045446
1788516079.299167,0.702926,-0.529914,0.000000,0.038913
1788516079.364315,0.697619,-0.540804,0.000000,0.032660
1788516079.431125,0.689251,-0.547609,0.000000,0.028212
1788516079.495168,0.678546,-0.548152,0.000000,0.029549
1788516079.562365,0.666552,-0.547586,0.000000,0.035696
1788516079.630198,0.652064,-0.541966,0.000000,0.044266
1788516079.697690,0.636776,-0.534033,0.000000,0.054664
1788516079.761700,0.621613,-0.523824,0.000000,0.065522
1788516079.828739,0.606486,-0.511681,0.000000,0.075475
1788516079.896458,0.590781,-0.499120,0.000000,0.083008
1788516079.963917,0.575182,-0.485544,0.000000,0.086265
1788516080.027406,0.560260,-0.471870,0.000000,0.086753
1788516080.099088,0.548095,-0.459084,0.000000,0.085248
1788516080.162580,0.535150,-0.448108,0.000000,0.081578
1788516080.230275,0.525640,-0.437533,0.000000,0.077280
1788516080.293626,0.516537,-0.428929,0.000000,0.070839
1788516080.361386,0.510392,-0.421241,0.000000,0.065648
1788516080.429501,0.504875,-0.415799,0.000000,0.060827
1788516080.496601,0.501836,-0.410734,0.000000,0.058385
1788516080.564900,0.500126,-0.408399,0.000000,0.057695
1788516080.628824,0.499795,-0.407106,0.000000,0.061165
1788516080.695589,0.499927,-0.407418,0.000000,0.064867
1788516080.762962,0.502008,-0.409082,0.000000,0.068179
1788516080.831545,0.507106,-0.410953,0.000000,0.072760
1788516080.894199,0.511239,-0.413250,0.000000,0.077581
1788516080.961698,0.518087,-0.415444,0.000000,0.082572
1788516081.029653,0.524370,-0.417412,0.000000,0.085699
1788516081.092816,0.529303,-0.417867,0.000000,0.086545
1788516081.160472,0.533332,-0.416073,0.000000,0.085854
1788516081.228112,0.536594,-0.410869,0.000000,0.081419
1788516081.295747,0.539607,-0.403055,0.000000,0.078036
1788516081.359145,0.540044,-0.393690,0.000000,0.074779
1788516081.426805,0.537816,-0.380617,0.000000,0.074779
1788516081.494553,0.533962,-0.365344,0.000000,0.073487
1788516081.562464,0.530227,-0.347301,0.000000,0.073975
1788516081.625716,0.523469,-0.327571,0.000000,0.074821
1788516081.693733,0.514858,-0.308007,0.000000,0.075419
1788516081.760858,0.506853,-0.286728,0.000000,0.074327
1788516081.828874,0.496444,-0.265124,0.000000,0.072037
1788516081.894206,0.486664,-0.244155,0.000000,0.068949
1788516081.960698,0.477728,-0.223591,0.000000,0.066252
1788516082.027518,0.468137,-0.204196,0.000000,0.063405
1788516082.095704,0.461029,-0.186646,0.000000,0.060435
1788516082.162729,0.455834,-0.170578,0.000000,0.057160
1788516082.226071,0.451065,-0.155877,0.000000,0.054150
1788516082.293580,0.447561,-0.143992,0.000000,0.053661
1788516082.362928,0.445707,-0.133434,0.000000,0.054507
1788516082.429304,0.446300,-0.123583,0.000000,0.055888
1788516082.492558,0.447548,-0.116251,0.000000,0.056865
1788516082.560173,0.450287,-0.110031,0.000000,0.058878
1788516082.628865,0.453272,-0.105172,0.000000,0.061661
1788516082.696334,0.456090,-0.101042,0.000000,0.065583
1788516082.760523,0.458102,-0.097777,0.000000,0.069895
1788516082.826771,0.460219,-0.093740,0.000000,0.072312
1788516082.894284,0.460511,-0.089320,0.000000,0.073084
1788516082.957955,0.459536,-0.086043,0.000000,0.074176
1788516083.025557,0.457990,-0.082079,0.000000,0.077541
1788516083.093057,0.453946,-0.077325,0.000000,0.081028
1788516083.156739,0.448633,-0.071844,0.000000,0.087137
1788516083.224122,0.441185,-0.066093,0.000000,0.095657
1788516083.291733,0.431908,-0.060560,0.000000,0.105194
1788516083.359735,0.423543,-0.056108,0.000000,0.112876
1788516083.422769,0.413453,-0.050670,0.000000,0.118806
1788516083.490377,0.403401,-0.043965,0.000000,0.124144
1788516083.558040,0.394954,-0.038025,0.000000,0.126818
1788516083.625517,0.388510,-0.032688,0.000000,0.128741
1788516083.693288,0.383107,-0.027888,0.000000,0.128253
1788516083.757395,0.378327,-0.023197,0.000000,0.129497
1788516083.825000,0.375495,-0.019894,0.000000,0.133342
1788516083.892070,0.373525,-0.016863,0.000000,0.138164
1788516083.959645,0.374453,-0.015170,0.000000,0.140206
1788516084.023128,0.376815,-0.014317,0.000000,0.139293
1788516084.090713,0.377449,-0.013896,0.000000,0.135789
1788516084.158514,0.381496,-0.014107,0.000000,0.128014
1788516084.226877,0.383953,-0.014821,0.000000,0.118932
1788516084.289494,0.388025,-0.015781,0.000000,0.103957
1788516084.357233,0.392112,-0.017526,0.000000,0.086601
1788516084.425858,0.395494,-0.019078,0.000000,0.068736
1788516084.493737,0.400284,-0.018975,0.000000,0.048896
1788516084.557715,0.403242,-0.019134,0.000000,0.029875
1788516084.625742,0.406295,-0.017828,0.000000,0.014620
1788516084.692354,0.409609,-0.015384,0.000000,0.003674
1788516084.754586,0.414683,-0.012667,0.000000,-0.001871
1788516084.822538,0.419498,-0.007423,0.000000,-0.003885
1788516084.890379,0.425317,-0.003111,0.000000,-0.003287
1788516084.953507,0.430316,0.002153,0.000000,-0.000568
1788516085.021188,0.435955,0.006949,0.000000,0.002173
1788516085.088996,0.441502,0.010589,0.000000,0.004540
1788516085.152373,0.445380,0.013842,0.000000,0.006159
1788516085.221182,0.449914,0.017493,0.000000,0.007005
1788516085.287653,0.451548,0.018696,0.000000,0.010691
1788516085.350930,0.451538,0.018634,0.000000,0.017622
1788516085.418732,0.451165,0.017689,0.000000,0.027986
1788516085.486381,0.449901,0.014891,0.000000,0.042647
1788516085.556101,0.446685,0.009729,0.000000,0.058790
1788516085.617385,0.443011,0.005321,0.000000,0.073520
1788516085.684964,0.439659,0.000739,0.000000,0.088562
1788516085.752923,0.435348,-0.004056,0.000000,0.103219
1788516085.821677,0.430805,-0.009226,0.000000,0.118980
1788516085.885136,0.425434,-0.015088,0.000000,0.136714
1788516085.951533,0.421111,-0.021162,0.000000,0.153569
1788516086.019379,0.416443,-0.026994,0.000000,0.169391
1788516086.086631,0.410887,-0.031387,0.000000,0.181657
1788516086.154268,0.404218,-0.035680,0.000000,0.191489
1788516086.218001,0.397956,-0.038441,0.000000,0.197419
1788516086.285379,0.391808,-0.041011,0.000000,0.200820
1788516086.352964,0.385621,-0.042508,0.000000,0.196358
1788516086.420780,0.378414,-0.043353,0.000000,0.189124
1788516086.484371,0.369791,-0.044038,0.000000,0.175031
1788516086.551862,0.360019,-0.040759,0.000000,0.160943
1788516086.619395,0.350454,-0.038991,0.000000,0.146858
1788516086.687740,0.339141,-0.034965,0.000000,0.134295
1788516086.750875,0.329804,-0.030533,0.000000,0.125445
1788516086.818600,0.318645,-0.025951,0.000000,0.118514
1788516086.886767,0.307908,-0.020886,0.000000,0.114577
1788516086.954141,0.298559,-0.013420,0.000000,0.112017
1788516087.017236,0.289004,-0.006758,0.000000,0.110772
1788516087.089243,0.279404,0.001183,0.000000,0.110772
1788516087.152462,0.270806,0.009434,0.000000,0.111748
1788516087.219812,0.263779,0.018207,0.000000,0.114596
1788516087.283296,0.258343,0.026485,0.000000,0.118217
1788516087.351932,0.254005,0.035083,0.000000,0.122652
1788516087.420847,0.251211,0.043019,0.000000,0.127398
1788516087.491272,0.249407,0.047725,0.000000,0.130246
1788516087.549953,0.249985,0.051856,0.000000,0.134075
1788516087.617316,0.252715,0.055512,0.000000,0.136564
1788516087.685117,0.254277,0.057406,0.000000,0.137761
1788516087.752936,0.257554,0.057521,0.000000,0.136915
1788516087.816250,0.261686,0.057701,0.000000,0.134473
1788516087.883929,0.264312,0.057165,0.000000,0.130675
1788516087.951454,0.267335,0.055967,0.000000,0.127275
1788516088.019261,0.271100,0.056385,0.000000,0.123874
1788516088.083036,0.272871,0.055449,0.000000,0.120691
1788516088.150103,0.275148,0.054858,0.000000,0.118965
1788516088.217720,0.276283,0.054223,0.000000,0.115801
1788516088.285370,0.277791,0.054561,0.000000,0.114509
1788516088.348906,0.278060,0.056235,0.000000,0.114509
1788516088.416384,0.278652,0.057211,0.000000,0.115801
1788516088.484044,0.278285,0.057771,0.000000,0.117224
1788516088.547515,0.277321,0.058616,0.000000,0.121673
1788516088.615214,0.276838,0.060566,0.000000,0.125020
1788516088.682848,0.276330,0.060880,0.000000,0.128438
1788516088.746260,0.272929,0.060058,0.000000,0.131714
1788516088.814067,0.269154,0.059866,0.000000,0.136228
1788516088.881710,0.263329,0.058138,0.000000,0.141476
1788516088.949500,0.255453,0.056050,0.000000,0.146632
1788516089.012738,0.246308,0.052541,0.000000,0.149926
1788516089.080301,0.233666,0.051454,0.000000,0.153109
1788516089.148027,0.221036,0.049951,0.000000,0.153454
1788516089.215835,0.205720,0.046770,0.000000,0.152209
1788516089.279358,0.189794,0.046518,0.000000,0.149696
1788516089.347375,0.172428,0.045559,0.000000,0.143010
1788516089.414498,0.154162,0.045304,0.000000,0.134986
1788516089.482289,0.135010,0.045177,0.000000,0.129334
1788516089.546062,0.117216,0.045264,0.000000,0.124190
1788516089.613337,0.099844,0.044376,0.000000,0.121025
1788516089.680994,0.085776,0.045222,0.000000,0.118735
1788516089.749583,0.072703,0.045480,0.000000,0.117230
1788516089.816400,0.064518,0.045360,0.000000,0.117230
1788516089.879827,0.057861,0.046585,0.000000,0.118522
1788516089.947463,0.052494,0.047727,0.000000,0.119212
1788516090.016284,0.047698,0.048189,0.000000,0.120358
1788516090.083193,0.047044,0.048820,0.000000,0.120956
1788516090.146652,0.047166,0.049637,0.000000,0.119491
1788516090.214067,0.047773,0.049984,0.000000,0.117664
1788516090.281348,0.048162,0.050483,0.000000,0.114076
1788516090.349116,0.048542,0.050583,0.000000,0.110079
1788516090.412400,0.049488,0.051317,0.000000,0.105739
1788516090.480192,0.049031,0.053279,0.000000,0.101198
1788516090.548570,0.049332,0.053934,0.000000,0.097098
1788516090.611254,0.048446,0.056306,0.000000,0.091794
1788516090.679001,0.046682,0.058556,0.000000,0.086615
1788516090.746536,0.045484,0.061254,0.000000,0.080165
1788516090.814193,0.042606,0.063722,0.000000,0.076335
1788516090.877627,0.041293,0.066197,0.000000,0.073617
1788516090.945303,0.039812,0.067606,0.000000,0.073271
1788516091.013130,0.038536,0.068343,0.000000,0.076139
1788516091.076795,0.039512,0.069180,0.000000,0.080268
1788516091.144381,0.041046,0.068606,0.000000,0.085015
1788516091.211871,0.043557,0.066373,0.000000,0.089369
1788516091.279312,0.046841,0.062228,0.000000,0.091736
1788516091.342841,0.051742,0.058163,0.000000,0.094201
1788516091.410358,0.056591,0.052230,0.000000,0.099145
1788516091.478333,0.060705,0.045976,0.000000,0.103112
1788516091.545930,0.064789,0.039482,0.000000,0.106925
1788516091.613431,0.067721,0.034087,0.000000,0.109600
1788516091.677006,0.070665,0.026031,0.000000,0.110445
1788516091.744480,0.074504,0.018179,0.000000,0.111481
1788516091.812239,0.076812,0.011379,0.000000,0.114156
1788516091.879738,0.077398,0.001033,0.000000,0.119380
1788516091.943314,0.076065,-0.009257,0.000000,0.126656
1788516092.011199,0.075123,-0.020041,0.000000,0.132402
1788516092.079185,0.072688,-0.031663,0.000000,0.139273
1788516092.146323,0.070880,-0.043086,0.000000,0.145142
1788516092.209790,0.069939,-0.053419,0.000000,0.149670
1788516092.277662,0.066782,-0.060262,0.000000,0.153000
1788516092.346066,0.063437,-0.065556,0.000000,0.152154
1788516092.412650,0.058355,-0.067932,0.000000,0.151241
1788516092.476108,0.053088,-0.068184,0.000000,0.149949
1788516092.544977,0.047735,-0.067856,0.000000,0.145806
1788516092.611422,0.038729,-0.063755,0.000000,0.142353
1788516092.680959,0.028733,-0.059247,0.000000,0.134988
1788516092.742469,0.014433,-0.051690,0.000000,0.127787
1788516092.810988,-0.000604,-0.044850,0.000000,0.119379
1788516092.878938,-0.016697,-0.037094,0.000000,0.111713
1788516092.941789,-0.034118,-0.029621,0.000000,0.105126
1788516093.013113,-0.049616,-0.023723,0.000000,0.099744
1788516093.076584,-0.066676,-0.017766,0.000000,0.096139
1788516093.139995,-0.081021,-0.013996,0.000000,0.093189
1788516093.208870,-0.092330,-0.012775,0.000000,0.091897
1788516093.275270,-0.101093,-0.012019,0.000000,0.093142
1788516093.338653,-0.106229,-0.012437,0.000000,0.095749
1788516093.406442,-0.107273,-0.011861,0.000000,0.097986
1788516093.474247,-0.106086,-0.012146,0.000000,0.100029
1788516093.542918,-0.101961,-0.012650,0.000000,0.098993
1788516093.605210,-0.098547,-0.011886,0.000000,0.091492
1788516093.673476,-0.089691,-0.010556,0.000000,0.080422
1788516093.740921,-0.080511,-0.008378,0.000000,0.066431
1788516093.808549,-0.073106,-0.004096,0.000000,0.058326
1788516093.872481,-0.065111,-0.000703,0.000000,0.053838
1788516093.939551,-0.057459,0.001579,0.000000,0.056578
1788516094.007396,-0.049766,0.005364,0.000000,0.064198
1788516094.070369,-0.043408,0.006337,0.000000,0.074294
1788516094.139194,-0.038485,0.007923,0.000000,0.082946
1788516094.206270,-0.033802,0.007964,0.000000,0.089578
1788516094.269959,-0.032781,0.008077,0.000000,0.093664
1788516094.337058,-0.031844,0.008112,0.000000,0.096693
1788516094.406368,-0.031879,0.008408,0.000000,0.095657
1788516094.468438,-0.031991,0.008728,0.000000,0.096902
1788516094.535546,-0.032812,0.008956,0.000000,0.096902
1788516094.603234,-0.032336,0.008026,0.000000,0.096902
1788516094.666632,-0.032549,0.007968,0.000000,0.095757
1788516094.734313,-0.032000,0.007781,0.000000,0.095757
1788516094.798009,-0.032250,0.007893,0.000000,0.094721
1788516094.867558,-0.032407,0.007903,0.000000,0.094031
1788516094.929604,-0.032314,0.008007,0.000000,0.095067
1788516094.997308,-0.032206,0.008288,0.000000,0.093643
1788516095.060253,-0.031568,0.008019,0.000000,0.095404
1788516095.127530,-0.032320,0.006870,0.000000,0.095404
1788516095.197544,-0.031953,0.006924,0.000000,0.094713
1788516095.258733,-0.031722,0.007119,0.000000,0.095485
1788516095.326409,-0.032334,0.007248,0.000000,0.094887
1788516095.389997,-0.031914,0.007300,0.000000,0.096032
1788516095.457697,-0.031618,0.007586,0.000000,0.094787
1788516095.526132,-0.031369,0.007032,0.000000,0.093323
1788516095.593304,-0.031186,0.007153,0.000000,0.093668
1788516095.651883,-0.031994,0.006947,0.000000,0.092576
1788516095.719605,-0.031557,0.006912,0.000000,0.093868
1788516095.788449,-0.032463,0.006519,0.000000,0.094558
1788516095.852185,-0.032147,0.007154,0.000000,0.093221
1788516095.918706,-0.032539,0.006598,0.000000,0.092076
1788516095.981928,-0.032235,0.006874,0.000000,0.092421
1788516096.049373,-0.032701,0.006764,0.000000,0.093457
1788516096.113317,-0.032676,0.007007,0.000000,0.092165
1788516096.180562,-0.032335,0.006279,0.000000,0.093257
1788516096.244104,-0.033097,0.006033,0.000000,0.094103
1788516096.311862,-0.033080,0.006058,0.000000,0.095526
1788516096.375443,-0.033317,0.006615,0.000000,0.094928
1788516096.443724,-0.033318,0.006695,0.000000,0.094015
1788516096.513241,-0.033828,0.006329,0.000000,0.093324
1788516096.574506,-0.034084,0.006388,0.000000,0.094829
1788516096.641562,-0.034211,0.006272,0.000000,0.093584
1788516096.705516,-0.034285,0.006335,0.000000,0.092986
1788516096.772604,-0.034094,0.006167,0.000000,0.094078
1788516096.840263,-0.033748,0.006320,0.000000,0.094078
1788516096.903621,-0.033675,0.006105,0.000000,0.095114
1788516096.971836,-0.034043,0.005364,0.000000,0.094022
1788516097.035199,-0.034443,0.005423,0.000000,0.094999
1788516097.102688,-0.034365,0.005590,0.000000,0.094999
1788516097.170116,-0.034408,0.005911,0.000000,0.093907
1788516097.233495,-0.033383,0.006070,0.000000,0.094505
1788516097.302284,-0.034300,0.005920,0.000000,0.095418
1788516097.369349,-0.034168,0.005809,0.000000,0.094081
1788516097.432569,-0.034041,0.005663,0.000000,0.095226
1788516097.500417,-0.033907,0.005518,0.000000,0.094250
1788516097.564241,-0.033955,0.005962,0.000000,0.095395
1788516097.631227,-0.034073,0.005922,0.000000,0.094704
1788516097.698967,-0.033508,0.005870,0.000000,0.093613
1788516097.762358,-0.033439,0.005447,0.000000,0.095077
1788516097.829882,-0.034566,0.004915,0.000000,0.094164
1788516097.893337,-0.034106,0.004948,0.000000,0.094762
1788516097.960979,-0.034680,0.005644,0.000000,0.095360
1788516098.029097,-0.034967,0.004933,0.000000,0.094023
1788516098.091987,-0.035025,0.005870,0.000000,0.095404
1788516098.160012,-0.033941,0.005740,0.000000,0.094368
1788516098.227375,-0.033546,0.005851,0.000000,0.093677
1788516098.292069,-0.034023,0.006290,0.000000,0.093677
1788516098.358942,-0.034291,0.006154,0.000000,0.092642
1788516098.422017,-0.033917,0.006119,0.000000,0.091951
1788516098.489472,-0.033588,0.006587,0.000000,0.091463
1788516098.557999,-0.033836,0.006151,0.000000,0.090975
1788516098.620744,-0.033628,0.006864,0.000000,0.089779
1788516098.690026,-0.033293,0.006809,0.000000,0.090469
1788516098.752462,-0.032847,0.007627,0.000000,0.089046
1788516098.819309,-0.033173,0.007974,0.000000,0.089644
1788516098.887747,-0.033041,0.007651,0.000000,0.089644
1788516098.950767,-0.032814,0.007963,0.000000,0.089155
1788516099.019720,-0.033156,0.007743,0.000000,0.089846
1788516099.083638,-0.032575,0.007858,0.000000,0.089846
1788516099.149158,-0.032868,0.008417,0.000000,0.088810
1788516099.218806,-0.032773,0.008526,0.000000,0.089501
1788516099.280939,-0.033325,0.008577,0.000000,0.090477
1788516099.349121,-0.033138,0.007535,0.000000,0.091454
1788516099.411677,-0.032549,0.007858,0.000000,0.091942
1788516099.479108,-0.032708,0.009030,0.000000,0.090650
1788516099.548171,-0.032951,0.007955,0.000000,0.091564
1788516099.612194,-0.033055,0.008153,0.000000,0.090966
1788516099.678408,-0.033750,0.008749,0.000000,0.091454
1788516099.750519,-0.033852,0.007938,0.000000,0.091109
1788516099.813269,-0.033507,0.007685,0.000000,0.092085
1788516099.876604,-0.033660,0.007874,0.000000,0.091487
1788516099.940007,-0.033482,0.007715,0.000000,0.089943
1788516100.007710,-0.033792,0.008472,0.000000,0.091088
1788516100.075253,-0.033599,0.007753,0.000000,0.089707
1788516100.138874,-0.033225,0.008204,0.000000,0.090621
1788516100.206479,-0.034001,0.008535,0.000000,0.091534
1788516100.269962,-0.033367,0.007835,0.000000,0.091046
1788516100.337526,-0.034047,0.008441,0.000000,0.090557
1788516100.405190,-0.033033,0.007883,0.000000,0.091471
1788516100.468738,-0.033088,0.008014,0.000000,0.090379
1788516100.536387,-0.033104,0.008588,0.000000,0.089343
1788516100.600020,-0.032948,0.008295,0.000000,0.090435
1788516100.667376,-0.033315,0.008379,0.000000,0.091412
1788516100.735154,-0.032970,0.008032,0.000000,0.090267
1788516100.798887,-0.033369,0.009129,0.000000,0.090612
1788516100.866349,-0.034300,0.008841,0.000000,0.089520
1788516100.930537,-0.034240,0.009054,0.000000,0.090665
1788516100.997426,-0.034281,0.009112,0.000000,0.089284
1788516101.065174,-0.033731,0.009486,0.000000,0.088594
1788516101.128774,-0.034239,0.009507,0.000000,0.089439
1788516101.196464,-0.034834,0.009183,0.000000,0.090353
1788516101.259984,-0.034683,0.008816,0.000000,0.090353
1788516101.327418,-0.034442,0.009585,0.000000,0.091043
1788516101.394978,-0.034284,0.009638,0.000000,0.089706
1788516101.458409,-0.034104,0.009953,0.000000,0.090194
1788516101.526048,-0.034474,0.010535,0.000000,0.089849
1788516101.590701,-0.034399,0.010374,0.000000,0.089159
1788516101.657413,-0.033565,0.010707,0.000000,0.089849
1788516101.724875,-0.033841,0.010781,0.000000,0.089361
1788516101.788151,-0.033446,0.010573,0.000000,0.089361
1788516101.855746,-0.033955,0.010828,0.000000,0.089959
1788516101.919051,-0.033545,0.010338,0.000000,0.090649
1788516101.987100,-0.033890,0.010373,0.000000,0.091138
1788516102.054872,-0.034193,0.010374,0.000000,0.089993
1788516102.117994,-0.034166,0.010848,0.000000,0.091084
1788516102.185802,-0.033741,0.010867,0.000000,0.091430
1788516102.249510,-0.033763,0.011104,0.000000,0.090584
1788516102.317231,-0.033574,0.010985,0.000000,0.091356
1788516102.380822,-0.033441,0.010622,0.000000,0.090160
1788516102.447779,-0.033757,0.010504,0.000000,0.091196
1788516102.515451,-0.033927,0.010853,0.000000,0.089731
1788516102.578778,-0.033438,0.011118,0.000000,0.091422
1788516102.646662,-0.033628,0.011420,0.000000,0.089731
1788516102.710082,-0.033299,0.011740,0.000000,0.091112
1788516102.777631,-0.033593,0.011592,0.000000,0.092404
1788516102.845203,-0.032936,0.011599,0.000000,0.091208
1788516102.910787,-0.032952,0.011768,0.000000,0.092353
1788516102.976743,-0.033343,0.010968,0.000000,0.091507
1788516103.040215,-0.032717,0.011341,0.000000,0.092752
1788516103.107584,-0.032508,0.010986,0.000000,0.091716
1788516103.175138,-0.032309,0.010905,0.000000,0.092061
1788516103.238832,-0.032844,0.010525,0.000000,0.092975
1788516103.307333,-0.033282,0.010436,0.000000,0.092630
1788516103.369971,-0.032826,0.010402,0.000000,0.093118
1788516103.437442,-0.032898,0.010556,0.000000,0.092346
1788516103.505282,-0.032926,0.010365,0.000000,0.091310
1788516103.569312,-0.032982,0.009664,0.000000,0.092815
1788516103.636205,-0.033901,0.010439,0.000000,0.092815
1788516103.699697,-0.032949,0.010263,0.000000,0.093160
1788516103.767212,-0.032971,0.010397,0.000000,0.094306
1788516103.834819,-0.033514,0.010166,0.000000,0.093270
1788516103.898177,-0.033205,0.009995,0.000000,0.093270
1788516103.966003,-0.033061,0.009897,0.000000,0.093758
1788516104.030531,-0.032759,0.009868,0.000000,0.092722
1788516104.097279,-0.032917,0.009514,0.000000,0.092722
1788516104.164937,-0.032969,0.009338,0.000000,0.092377
1788516104.228215,-0.033090,0.009518,0.000000,0.093801
1788516104.295769,-0.033126,0.009875,0.000000,0.092463
1788516104.359196,-0.032787,0.009959,0.000000,0.093755
1788516104.427068,-0.032724,0.009733,0.000000,0.093267
1788516104.494619,-0.033362,0.009086,0.000000,0.094412
1788516104.557974,-0.033037,0.009801,0.000000,0.092721
1788516104.625811,-0.033183,0.009351,0.000000,0.091807
1788516104.689570,-0.033232,0.009135,0.000000,0.092405
1788516104.756611,-0.032629,0.009562,0.000000,0.090982
1788516104.825104,-0.031895,0.009993,0.000000,0.089326
1788516104.887847,-0.031994,0.010161,0.000000,0.088554
1788516104.955494,-0.032487,0.010066,0.000000,0.087577
1788516105.018829,-0.031902,0.010390,0.000000,0.089001
1788516105.086624,-0.031999,0.010189,0.000000,0.087856
1788516105.149901,-0.031922,0.010180,0.000000,0.086611
1788516105.217630,-0.031251,0.010463,0.000000,0.087587
1788516105.285738,-0.031296,0.010089,0.000000,0.087587
1788516105.348756,-0.031144,0.009354,0.000000,0.086674
1788516105.416415,-0.031739,0.009482,0.000000,0.085983
1788516105.479749,-0.031810,0.009827,0.000000,0.085983
1788516105.547643,-0.031995,0.009786,0.000000,0.087019
1788516105.615566,-0.031861,0.010113,0.000000,0.085727
1788516105.678744,-0.031633,0.010132,0.000000,0.087151
1788516105.746173,-0.031733,0.010002,0.000000,0.086460
1788516105.809704,-0.030464,0.009453,0.000000,0.085315
1788516105.877307,-0.030926,0.009453,0.000000,0.086560
1788516105.945510,-0.031171,0.009187,0.000000,0.085095
1788516106.009229,-0.030619,0.008914,0.000000,0.086131
1788516106.076360,-0.030978,0.009357,0.000000,0.085786
1788516106.140187,-0.031384,0.009166,0.000000,0.084872
1788516106.207356,-0.031198,0.009385,0.000000,0.084872
1788516106.275688,-0.031269,0.009133,0.000000,0.086416
1788516106.338317,-0.031523,0.010071,0.000000,0.085503
1788516106.406805,-0.030682,0.010399,0.000000,0.084307
1788516106.469682,-0.031266,0.009989,0.000000,0.085926
1788516106.537044,-0.031362,0.009973,0.000000,0.086271
1788516106.604742,-0.031335,0.010101,0.000000,0.085075
1788516106.668190,-0.031040,0.009818,0.000000,0.086320
1788516106.735843,-0.031247,0.010230,0.000000,0.084855
1788516106.799388,-0.031233,0.010175,0.000000,0.085891
1788516106.867120,-0.030942,0.010303,0.000000,0.086663
1788516106.934877,-0.030602,0.009348,0.000000,0.085973
1788516106.998005,-0.030688,0.010421,0.000000,0.087800
1788516107.066307,-0.030758,0.010114,0.000000,0.086335
1788516107.129190,-0.030671,0.010355,0.000000,0.087311
1788516107.197683,-0.030689,0.010649,0.000000,0.087657
1788516107.262802,-0.030952,0.010069,0.000000,0.089162
1788516107.327814,-0.030272,0.009486,0.000000,0.089162
1788516107.395580,-0.030989,0.009892,0.000000,0.088673
1788516107.459749,-0.031209,0.010019,0.000000,0.089587
1788516107.526596,-0.031475,0.009773,0.000000,0.091052
1788516107.590316,-0.031757,0.009995,0.000000,0.091742
1788516107.661881,-0.030951,0.010235,0.000000,0.090546
1788516107.725906,-0.031560,0.009610,0.000000,0.089633
1788516107.788989,-0.031160,0.009352,0.000000,0.090925
1788516107.856768,-0.030963,0.009778,0.000000,0.090079
1788516107.920635,-0.031457,0.009613,0.000000,0.089102
1788516107.987745,-0.030893,0.009678,0.000000,0.090138
1788516108.055312,-0.031057,0.009444,0.000000,0.090138
1788516108.118568,-0.031019,0.009456,0.000000,0.089161
1788516108.186951,-0.031100,0.009259,0.000000,0.088673
1788516108.249700,-0.030773,0.009092,0.000000,0.088185
1788516108.317579,-0.030060,0.009538,0.000000,0.087840
1788516108.385220,-0.030292,0.008758,0.000000,0.087840
1788516108.448472,-0.031068,0.009064,0.000000,0.087149
1788516108.516293,-0.031531,0.008825,0.000000,0.086459
1788516108.579498,-0.031437,0.009131,0.000000,0.087796
1788516108.647326,-0.031828,0.009023,0.000000,0.088394
1788516108.710797,-0.031645,0.008687,0.000000,0.087548
1788516108.778661,-0.031263,0.008987,0.000000,0.088320
1788516108.846117,-0.030749,0.008313,0.000000,0.088918
1788516108.910104,-0.030850,0.008556,0.000000,0.087773
1788516108.977088,-0.030585,0.008738,0.000000,0.086681
1788516109.040528,-0.030566,0.008929,0.000000,0.085835
1788516109.108183,-0.030978,0.009374,0.000000,0.086812
1788516109.176512,-0.030410,0.010153,0.000000,0.085268
1788516109.239940,-0.030899,0.010443,0.000000,0.086560
1788516109.306966,-0.031554,0.010163,0.000000,0.086905
1788516109.370562,-0.031423,0.010483,0.000000,0.087751
1788516109.438037,-0.031899,0.010224,0.000000,0.087263
1788516109.501747,-0.031285,0.010416,0.000000,0.085925
1788516109.569569,-0.031586,0.010422,0.000000,0.087170
1788516109.636812,-0.031719,0.010041,0.000000,0.087658
1788516109.700240,-0.031192,0.009952,0.000000,0.088694
1788516109.768174,-0.031798,0.010226,0.000000,0.089040
