t,x,y,z,yaw
1788515943.539764,0.047715,-0.029577,-0.006500,0.001749
1788515943.606637,0.047734,-0.029579,-0.006509,0.001759
1788515943.673736,0.047743,-0.029575,-0.006499,0.001739
1788515943.742763,0.047675,-0.030450,-0.006437,0.002379
1788515943.807724,0.047595,-0.029799,-0.006377,0.001602
1788515943.874952,0.047557,-0.029738,-0.006336,0.001714
1788515943.941710,0.047406,-0.029738,-0.006172,0.001780
1788515944.008716,0.047417,-0.030122,-0.006161,0.002182
1788515944.075701,0.047513,-0.030230,-0.006208,0.002124
1788515944.142343,0.047595,-0.029826,-0.006351,0.001614
1788515944.209597,0.047511,-0.030363,-0.006317,0.002289
1788515944.276572,0.047230,-0.030843,-0.006184,0.002553
1788515944.343596,0.047473,-0.030840,-0.006249,0.002067
1788515944.410589,0.047466,-0.029837,-0.006276,0.001541
1788515944.477569,0.047600,-0.029582,-0.006439,0.001428
1788515944.544457,0.047688,-0.029498,-0.006481,0.001600
1788515944.611799,0.047487,-0.029815,-0.006121,0.002019
1788515944.678335,0.047540,-0.029886,-0.006088,0.001958
1788515944.745464,0.047176,-0.030500,-0.005998,0.002461
1788515944.812746,0.047467,-0.029891,-0.006258,0.001652
1788515944.879283,0.047542,-0.029834,-0.006324,0.001692
1788515944.946439,0.047533,-0.030458,-0.006248,0.002286
1788515945.013434,0.047597,-0.030402,-0.006257,0.001931
1788515945.080305,0.047520,-0.030526,-0.006237,0.002202
1788515945.147301,0.047518,-0.030571,-0.006226,0.002176
1788515945.214162,0.047588,-0.030363,-0.006276,0.001830
1788515945.282129,0.047279,-0.031171,-0.006208,0.002629
1788515945.348287,0.047321,-0.031169,-0.006201,0.002230
1788515945.415283,0.047308,-0.031170,-0.006173,0.002275
1788515945.482794,0.047269,-0.030972,-0.005948,0.001947
1788515945.549269,0.047344,-0.030872,-0.005946,0.001936
1788515945.616143,0.047526,-0.030733,-0.006184,0.001846
1788515945.683151,0.047034,-0.030881,-0.006030,0.002372
1788515945.750013,0.046972,-0.030890,-0.005829,0.002177
1788515945.817214,0.047001,-0.030816,-0.005952,0.002080
1788515945.884128,0.047063,-0.030845,-0.005963,0.002186
1788515945.951128,0.047346,-0.030339,-0.006141,0.001695
1788515946.018142,0.047410,-0.030158,-0.006188,0.001679
1788515946.085123,0.046823,-0.030803,-0.005958,0.002487
1788515946.152014,0.047026,-0.030846,-0.006006,0.002222
1788515946.218997,0.046830,-0.030859,-0.005936,0.002291
1788515946.285872,0.046851,-0.030630,-0.005943,0.001964
1788515946.353034,0.047233,-0.030547,-0.006135,0.001838
1788515946.420348,0.047283,-0.030596,-0.006106,0.002110
1788515946.487224,0.047452,-0.029935,-0.006326,0.001530
1788515946.554349,0.047504,-0.030364,-0.006265,0.002165
1788515946.621013,0.047491,-0.030428,-0.006178,0.002110
1788515946.687964,0.047755,-0.029342,-0.006557,0.001329
1788515946.754858,0.047753,-0.029478,-0.006574,0.001825
1788515946.821722,0.047753,-0.029210,-0.006578,0.001451
1788515946.888866,0.047783,-0.029423,-0.006541,0.001824
1788515946.955852,0.047807,-0.029579,-0.006532,0.001933
1788515947.022823,0.047807,-0.029636,-0.006415,0.001863
1788515947.089869,0.047828,-0.028927,-0.006576,0.001297
1788515947.156900,0.047831,-0.029644,-0.006407,0.001984
1788515947.223834,0.047721,-0.029838,-0.006381,0.002132
1788515947.290756,0.047665,-0.029914,-0.006343,0.002090
1788515947.357579,0.047631,-0.030072,-0.006321,0.002156
1788515947.424721,0.047923,-0.028687,-0.006661,0.001116
1788515947.491700,0.047925,-0.029443,-0.006378,0.001918
1788515947.558764,0.047938,-0.029693,-0.006424,0.002030
1788515947.625719,0.047975,-0.029387,-0.006519,0.001492
1788515947.692686,0.047858,-0.030057,-0.006381,0.002174
1788515947.759923,0.047495,-0.030131,-0.006150,0.002207
1788515947.826548,0.047450,-0.030192,-0.006086,0.002042
1788515947.893452,0.047427,-0.030122,-0.006086,0.001901
1788515947.960544,0.047738,-0.029773,-0.006341,0.001535
1788515948.027550,0.047768,-0.029748,-0.006394,0.001809
1788515948.094650,0.047597,-0.029676,-0.006292,0.001748
1788515948.161752,0.047396,-0.030657,-0.006072,0.002443
1788515948.228533,0.047222,-0.031008,-0.006002,0.002608
1788515948.295594,0.047374,-0.030869,-0.006137,0.002037
1788515948.362487,0.047583,-0.030745,-0.006280,0.001912
1788515948.429271,0.047762,-0.030522,-0.006382,0.001730
1788515948.496423,0.047195,-0.030866,-0.006064,0.002390
1788515948.563405,0.047318,-0.030638,-0.006048,0.001876
1788515948.630369,0.047301,-0.030530,-0.006039,0.001922
1788515948.697376,0.047222,-0.030969,-0.005889,0.002408
1788515948.764410,0.046939,-0.030983,-0.005798,0.002284
1788515948.831378,0.047107,-0.030164,-0.005845,0.001597
1788515948.898251,0.047177,-0.030265,-0.005878,0.002016
1788515948.965149,0.047248,-0.030666,-0.005903,0.002326
1788515949.032237,0.047446,-0.029308,-0.006104,0.001294
1788515949.099262,0.047127,-0.030854,-0.005982,0.002590
1788515949.166302,0.047192,-0.030844,-0.006001,0.002142
1788515949.233293,0.046946,-0.030447,-0.005861,0.001884
1788515949.300196,0.046873,-0.030430,-0.005750,0.002095
1788515949.367228,0.047487,-0.029954,-0.006279,0.001544
1788515949.434098,0.046966,-0.030532,-0.006002,0.002378
1788515949.500989,0.047128,-0.030469,-0.006008,0.001989
1788515949.568075,0.047144,-0.030369,-0.006010,0.001896
1788515949.635817,0.047019,-0.030571,-0.005887,0.002283
1788515949.702096,0.047360,-0.030054,-0.006159,0.001639
1788515949.769099,0.047463,-0.029927,-0.006250,0.001634
1788515949.836329,0.047604,-0.029853,-0.006348,0.001615
1788515949.903075,0.047663,-0.029528,-0.006456,0.001415
1788515949.970021,0.047363,-0.030505,-0.006114,0.002346
1788515950.036860,0.047419,-0.030564,-0.006103,0.002144
1788515950.104059,0.047442,-0.030150,-0.006197,0.001723
1788515950.170809,0.047621,-0.028991,-0.006433,0.001131
1788515950.237947,0.047707,-0.029619,-0.006449,0.001940
1788515950.304954,0.047643,-0.029669,-0.006390,0.001946
1788515950.371952,0.047631,-0.029790,-0.006366,0.002033
1788515950.438977,0.047545,-0.029792,-0.006344,0.001905
1788515950.505835,0.047503,-0.029726,-0.006034,0.001678
1788515950.572689,0.047550,-0.030392,-0.006057,0.002289
1788515950.639868,0.047657,-0.029767,-0.006262,0.001554
1788515950.706762,0.047346,-0.030373,-0.005869,0.002263
1788515950.773823,0.047201,-0.029912,-0.005818,0.001717
1788515950.840800,0.047406,-0.030253,-0.005874,0.002123
1788515950.907805,0.047331,-0.030047,-0.005772,0.001756
1788515950.974855,0.047289,-0.030323,-0.005711,0.002183
1788515951.041696,0.047135,-0.030362,-0.005671,0.002211
1788515951.108666,0.047616,-0.029755,-0.006075,0.001491
1788515951.175537,0.047216,-0.030345,-0.005920,0.002300
1788515951.242681,0.047119,-0.030397,-0.005842,0.002202
1788515951.309654,0.046992,-0.030348,-0.005763,0.002009
1788515951.376662,0.047102,-0.030206,-0.005852,0.001846
1788515951.443696,0.047444,-0.029647,-0.006167,0.001419
1788515951.510713,0.047578,-0.029579,-0.006245,0.001647
1788515951.577404,0.047291,-0.030628,-0.006107,0.002497
1788515951.644530,0.047307,-0.030575,-0.006115,0.002042
1788515951.711375,0.047248,-0.030888,-0.006018,0.002389
1788515951.778685,0.047288,-0.030654,-0.006043,0.001976
1788515951.845519,0.047254,-0.030932,-0.005984,0.002380
1788515951.912641,0.047259,-0.030264,-0.006012,0.001738
1788515951.980235,0.047447,-0.029764,-0.006236,0.001471
1788515952.046488,0.047514,-0.029828,-0.006287,0.001879
1788515952.113394,0.047543,-0.029865,-0.006253,0.001870
1788515952.180402,0.047848,-0.027588,-0.006954,0.000658
1788515952.247266,0.047949,-0.028596,-0.006924,0.001713
1788515952.314368,0.047320,-0.028969,-0.006401,0.001971
1788515952.381377,0.047324,-0.028655,-0.006344,0.001404
1788515952.448359,0.047698,-0.029008,-0.006490,0.001718
1788515952.515361,0.047743,-0.029126,-0.006513,0.001806
1788515952.582401,0.047508,-0.030148,-0.006230,0.002408
1788515952.649240,0.047431,-0.030325,-0.006176,0.002376
1788515952.716219,0.047409,-0.030238,-0.006182,0.001980
1788515952.783133,0.046967,-0.030216,-0.006085,0.002069
1788515952.850259,0.047203,-0.030245,-0.006113,0.002018
1788515952.917217,0.047743,-0.028860,-0.006662,0.001084
1788515952.985004,0.047311,-0.029710,-0.006290,0.002170
1788515953.051197,0.047356,-0.030004,-0.006265,0.002180
1788515953.118243,0.047059,-0.030090,-0.005999,0.002124
1788515953.185187,0.047016,-0.030056,-0.005927,0.001864
1788515953.252103,0.047160,-0.030207,-0.005972,0.002092
1788515953.318980,0.047074,-0.030719,-0.005891,0.002466
1788515953.386075,0.047403,-0.030477,-0.006112,0.001878
1788515953.453089,0.047251,-0.030681,-0.006027,0.002306
1788515953.520072,0.047655,-0.029051,-0.006447,0.001181
1788515953.587080,0.047428,-0.029860,-0.006128,0.002163
1788515953.654108,0.047439,-0.029576,-0.006102,0.001598
1788515953.720941,0.047331,-0.030251,-0.005999,0.002260
1788515953.787947,0.047221,-0.030536,-0.005941,0.002377
1788515953.855463,0.047419,-0.030424,-0.005946,0.001888
1788515953.921941,0.047219,-0.030744,-0.005910,0.002429
1788515953.988923,0.047291,-0.030697,-0.005953,0.002081
1788515954.055939,0.047332,-0.030702,-0.005990,0.002112
1788515954.122940,0.047239,-0.030704,-0.005870,0.002131
1788515954.189941,0.047638,-0.029934,-0.006332,0.001488
1788515954.256793,0.047690,-0.029742,-0.006396,0.001489
1788515954.324544,0.047620,-0.029651,-0.006315,0.001731
1788515954.390677,0.047761,-0.029661,-0.006353,0.001752
1788515954.457794,0.047767,-0.029643,-0.006369,0.001746
1788515954.524859,0.047702,-0.029995,-0.006335,0.002131
1788515954.591775,0.047883,-0.030026,-0.006360,0.001852
1788515954.658780,0.047570,-0.029913,-0.005985,0.001210
1788515954.725820,0.047766,-0.030372,-0.006242,0.002481
1788515954.792648,0.047681,-0.029995,-0.006242,0.001721
1788515954.859667,0.047499,-0.030760,-0.006098,0.002412
1788515954.926523,0.047791,-0.029584,-0.006390,0.001368
1788515954.993680,0.047438,-0.030652,-0.006197,0.002487
1788515955.060668,0.047424,-0.030168,-0.006191,0.001787
1788515955.127687,0.047542,-0.030123,-0.006247,0.001743
1788515955.194717,0.047449,-0.030696,-0.006142,0.002372
1788515955.261672,0.047290,-0.030753,-0.006118,0.002310
1788515955.328567,0.047422,-0.030000,-0.006278,0.001603
1788515955.395489,0.047444,-0.029934,-0.006301,0.001768
1788515955.462385,0.047193,-0.030360,-0.006244,0.002314
1788515955.529520,0.047124,-0.030235,-0.006178,0.001945
1788515955.596515,0.047387,-0.030069,-0.006368,0.001739
1788515955.663530,0.047629,-0.029211,-0.006602,0.001223
1788515955.730556,0.047613,-0.029078,-0.006065,0.001410
1788515955.797594,0.047614,-0.029140,-0.006140,0.001726
1788515955.864403,0.047900,-0.028699,-0.006490,0.001181
1788515955.931778,0.047634,-0.028747,-0.006406,0.001628
1788515955.998275,0.047398,-0.029864,-0.006118,0.002244
1788515956.065387,0.047171,-0.029809,-0.006050,0.001862
1788515956.132396,0.047272,-0.029709,-0.006097,0.001687
1788515956.200011,0.047408,-0.029461,-0.006167,0.001466
1788515956.266778,0.047357,-0.030026,-0.006010,0.002071
1788515956.333381,0.047388,-0.030058,-0.006077,0.001971
1788515956.400249,0.047347,-0.029918,-0.006077,0.001746
1788515956.467228,0.047351,-0.029921,-0.006105,0.001872
1788515956.534120,0.047414,-0.029612,-0.006210,0.001555
1788515956.601223,0.047607,-0.029566,-0.006340,0.001610
1788515956.668262,0.047603,-0.029200,-0.006386,0.001416
1788515956.735248,0.047539,-0.030066,-0.006365,0.002192
1788515956.802248,0.047509,-0.029891,-0.006339,0.001770
1788515956.869205,0.047147,-0.030013,-0.006173,0.002131
1788515956.936739,0.047182,-0.030244,-0.006065,0.002164
1788515957.003115,0.047337,-0.030385,-0.006142,0.002218
1788515957.069959,0.047470,-0.029703,-0.006293,0.001552
1788515957.137078,0.047515,-0.029209,-0.006344,0.001372
1788515957.204125,0.047581,-0.030058,-0.006305,0.002142
1788515957.271106,0.047596,-0.029515,-0.006399,0.001519
1788515957.338105,0.047617,-0.029379,-0.006427,0.001543
1788515957.405069,0.047807,-0.028903,-0.006642,0.001149
1788515957.472168,0.047396,-0.029831,-0.006381,0.002147
1788515957.538945,0.047648,-0.029586,-0.006516,0.001536
1788515957.605829,0.047067,-0.029797,-0.006332,0.002045
1788515957.672960,0.047074,-0.029515,-0.006302,0.001594
1788515957.739950,0.047110,-0.029427,-0.006288,0.001580
1788515957.806921,0.046939,-0.029571,-0.006213,0.001984
1788515957.873938,0.047107,-0.029864,-0.006233,0.002046
1788515957.940921,0.046972,-0.030106,-0.006100,0.002285
1788515958.007947,0.047231,-0.030163,-0.006104,0.001964
1788515958.074851,0.047280,-0.030207,-0.006114,0.002078
1788515958.141732,0.047153,-0.030200,-0.005939,0.001974
1788515958.208842,0.047427,-0.029673,-0.006264,0.001523
1788515958.275791,0.047268,-0.030372,-0.006166,0.002304
1788515958.342840,0.047167,-0.030419,-0.006111,0.002189
1788515958.409823,0.047211,-0.030322,-0.006189,0.001942
1788515958.476799,0.047575,-0.029860,-0.006520,0.001492
1788515958.543802,0.047497,-0.029943,-0.006498,0.001970
1788515958.610686,0.047558,-0.029700,-0.006515,0.001602
1788515958.677537,0.047685,-0.029730,-0.006593,0.001782
1788515958.745075,0.047159,-0.029892,-0.006313,0.002142
1788515958.811650,0.047115,-0.030001,-0.006274,0.002125
1788515958.878659,0.047202,-0.029918,-0.006279,0.001824
1788515958.945695,0.047591,-0.029148,-0.006613,0.001261
1788515959.012677,0.047400,-0.029375,-0.006133,0.001812
1788515959.079648,0.047154,-0.029596,-0.006061,0.002062
1788515959.146527,0.047223,-0.029505,-0.006083,0.001748
1788515959.213422,0.047323,-0.029446,-0.006142,0.001646
1788515959.280590,0.047003,-0.029810,-0.006047,0.002167
1788515959.347508,0.047324,-0.029835,-0.006063,0.001812
1788515959.414606,0.047334,-0.029811,-0.006096,0.001834
1788515959.481524,0.047366,-0.030041,-0.006114,0.002079
1788515959.548531,0.047344,-0.029388,-0.006117,0.001448
1788515959.615518,0.047369,-0.029365,-0.006150,0.001680
1788515959.682390,0.047233,-0.029635,-0.006048,0.002013
1788515959.749294,0.047236,-0.029715,-0.006102,0.001993
1788515959.816391,0.047273,-0.029722,-0.006118,0.001803
1788515959.883389,0.047068,-0.029559,-0.005923,0.001695
1788515959.950386,0.047156,-0.029667,-0.006012,0.001901
1788515960.017397,0.047230,-0.029798,-0.006035,0.001992
1788515960.084448,0.047293,-0.029662,-0.006042,0.001664
1788515960.151350,0.046966,-0.029805,-0.005812,0.002061
1788515960.218246,0.047107,-0.029806,-0.005915,0.001866
1788515960.285125,0.047383,-0.029227,-0.006187,0.001377
1788515960.352247,0.047165,-0.029849,-0.006014,0.002150
1788515960.419255,0.047672,-0.029633,-0.006375,0.001577
1788515960.486260,0.047296,-0.030585,-0.006176,0.002407
1788515960.553252,0.047110,-0.030356,-0.006026,0.001944
1788515960.620228,0.047322,-0.030332,-0.006217,0.001982
1788515960.687303,0.047368,-0.029722,-0.006279,0.001301
1788515960.754056,0.047383,-0.030642,-0.005982,0.002539
1788515960.821005,0.047240,-0.029810,-0.005965,0.001628
1788515960.888591,0.047073,-0.031014,-0.005770,0.002675
1788515960.955091,0.047406,-0.030915,-0.005580,0.002019
1788515961.022501,0.047366,-0.030664,-0.005508,0.001907
1788515961.089096,0.047642,-0.031180,-0.005543,0.002426
1788515961.156122,0.047771,-0.030407,-0.006070,0.001882
1788515961.223418,0.047965,-0.028730,-0.006923,0.001058
1788515961.289987,0.047917,-0.029116,-0.006816,0.002049
1788515961.356976,0.047878,-0.029034,-0.006781,0.001662
1788515961.423883,0.047864,-0.029025,-0.006766,0.001725
1788515961.490962,0.047982,-0.029006,-0.006875,0.001561
1788515961.558010,0.047929,-0.028909,-0.006890,0.001628
1788515961.625269,0.047907,-0.029077,-0.006854,0.001928
1788515961.693188,0.047914,-0.029050,-0.006905,0.001714
1788515961.758941,0.047237,-0.029023,-0.006440,0.001838
1788515961.825876,0.047469,-0.028974,-0.006593,0.001579
1788515961.893008,0.047465,-0.028581,-0.006605,0.001380
1788515961.959728,0.047492,-0.028499,-0.006625,0.001345
1788515962.027123,0.047415,-0.028443,-0.006402,0.001477
1788515962.093843,0.047171,-0.029358,-0.006134,0.002243
1788515962.161252,0.047281,-0.029109,-0.006121,0.001567
1788515962.227828,0.047675,-0.028815,-0.006409,0.001297
1788515962.294828,0.047734,-0.028881,-0.006450,0.001746
1788515962.361717,0.046831,-0.029676,-0.005994,0.002297
1788515962.429002,0.046757,-0.030640,-0.005705,0.002737
1788515962.495637,0.047192,-0.030203,-0.005819,0.001831
1788515962.562725,0.047231,-0.030201,-0.005871,0.001983
1788515962.629692,0.047212,-0.029230,-0.005916,0.001294
1788515962.696692,0.047387,-0.029126,-0.006047,0.001617
1788515962.763694,0.047427,-0.029089,-0.006104,0.001612
1788515962.830684,0.047436,-0.029398,-0.005951,0.001999
1788515962.897584,0.047276,-0.029441,-0.005941,0.002015
1788515962.964561,0.047518,-0.029497,-0.006191,0.001855
1788515963.031470,0.047536,-0.029425,-0.006230,0.001696
1788515963.098555,0.047186,-0.030236,-0.005836,0.002486
1788515963.165577,0.047109,-0.028966,-0.005947,0.001379
1788515963.232574,0.047369,-0.028753,-0.006221,0.001277
1788515963.299537,0.047423,-0.028799,-0.006267,0.001632
1788515963.366543,0.047710,-0.028147,-0.006591,0.001048
1788515963.433564,0.047739,-0.028838,-0.006481,0.001831
1788515963.500418,0.047477,-0.029495,-0.006185,0.002153
1788515963.567312,0.047638,-0.029244,-0.006330,0.001579
1788515963.634449,0.047758,-0.029282,-0.006406,0.001757
1788515963.701425,0.047390,-0.029508,-0.005995,0.002075
1788515963.769536,0.047400,-0.029630,-0.005941,0.002044
1788515963.835427,0.047316,-0.029700,-0.005881,0.002104
1788515963.902400,0.046964,-0.029972,-0.005708,0.002317
1788515963.969296,0.047039,-0.030174,-0.005642,0.002286
1788515964.036349,0.047062,-0.030794,-0.005551,0.002480
1788515964.103225,0.046978,-0.030203,-0.005608,0.001943
1788515964.170296,0.047303,-0.029495,-0.006035,0.001557
1788515964.237305,0.047594,-0.029357,-0.006175,0.001616
1788515964.304310,0.047661,-0.029316,-0.006263,0.001852
1788515964.371264,0.047683,-0.029301,-0.006316,0.001810
1788515964.438333,0.047412,-0.029617,-0.006082,0.002102
1788515964.505129,0.047469,-0.029559,-0.006165,0.001887
1788515964.572211,0.047413,-0.028999,-0.006163,0.001531
1788515964.639040,0.047297,-0.029036,-0.005738,0.001771
1788515964.706141,0.047495,-0.029369,-0.005828,0.002058
1788515964.773978,0.047280,-0.029348,-0.005831,0.001892
1788515964.840152,0.047232,-0.028688,-0.005890,0.001391
1788515964.907171,0.046473,-0.028969,-0.005793,0.002004
1788515964.974123,0.046439,-0.030606,-0.005708,0.002645
1788515965.041023,0.046524,-0.030721,-0.005632,0.002625
1788515965.108042,0.046759,-0.030486,-0.005723,0.002071
1788515965.174877,0.046793,-0.029979,-0.005658,0.001607
1788515965.242023,0.046899,-0.030629,-0.005656,0.002402
1788515965.309046,0.046979,-0.030239,-0.005864,0.001815
1788515965.376044,0.047024,-0.030281,-0.005767,0.002070
1788515965.443034,0.047180,-0.029951,-0.005901,0.001747
1788515965.510001,0.047202,-0.028435,-0.006165,0.001203
1788515965.576876,0.047553,-0.026915,-0.006672,0.000523
1788515965.643894,0.047630,-0.028039,-0.006564,0.001781
1788515965.710795,0.047783,-0.028087,-0.006582,0.001686
1788515965.777877,0.047932,-0.027929,-0.006547,0.001518
1788515965.844882,0.048030,-0.028673,-0.006405,0.002299
1788515965.911904,0.047960,-0.029697,-0.006050,0.002968
1788515965.978893,0.047410,-0.030056,-0.005390,0.002761
1788515966.045919,0.047633,-0.029502,-0.004670,0.003033
1788515966.113234,0.047567,-0.031654,-0.004491,0.003471
1788515966.179724,0.047269,-0.032475,-0.003989,0.003126
1788515966.246670,0.048755,-0.032426,-0.009949,0.002356
1788515966.313738,0.046363,-0.032851,-0.006603,0.001988
1788515966.380778,0.047097,-0.030670,-0.004651,-0.000214
1788515966.447724,0.051319,-0.029178,0.017889,-0.002403
1788515966.514741,0.062127,-0.025859,0.044897,-0.004649
1788515966.581749,0.077338,-0.017653,0.072552,-0.009587
1788515966.648669,0.096199,-0.003588,0.108739,-0.017696
1788515966.715575,0.121042,0.009049,0.155719,-0.024906
1788515966.782461,0.150379,0.014825,0.188533,-0.031749
1788515966.850024,0.175235,0.018152,0.221699,-0.037128
1788515966.916994,0.198030,0.019595,0.252944,-0.042183
1788515966.983643,0.220634,0.022818,0.275782,-0.048354
1788515967.050586,0.238814,0.024080,0.290488,-0.053633
1788515967.117610,0.255194,0.028529,0.308672,-0.059995
1788515967.184494,0.269444,0.033956,0.328694,-0.064377
1788515967.251491,0.276847,0.035858,0.339480,-0.066001
1788515967.318358,0.282313,0.036943,0.348050,-0.065910
1788515967.385485,0.287872,0.038412,0.371204,-0.065312
1788515967.452518,0.304557,0.037970,0.391694,-0.063135
1788515967.519514,0.306026,0.039603,0.392241,-0.061687
1788515967.586716,0.307250,0.041505,0.395066,-0.059772
1788515967.653480,0.307786,0.042474,0.404046,-0.057390
1788515967.720437,0.308470,0.044448,0.418142,-0.054642
1788515967.787415,0.308886,0.049065,0.427672,-0.052297
1788515967.854253,0.309540,0.052395,0.448728,-0.049115
1788515967.921407,0.311501,0.054904,0.463598,-0.046655
1788515967.988368,0.314940,0.058362,0.480112,-0.046278
1788515968.055360,0.317496,0.062726,0.495367,-0.046154
1788515968.122337,0.323139,0.066711,0.518134,-0.047011
1788515968.189354,0.326571,0.067196,0.530927,-0.046799
1788515968.256246,0.330577,0.068660,0.535030,-0.047577
1788515968.323230,0.332935,0.070333,0.542854,-0.048618
1788515968.390065,0.334895,0.076775,0.554061,-0.051515
1788515968.458822,0.336474,0.079492,0.561947,-0.052747
1788515968.526793,0.337522,0.082787,0.573525,-0.053695
1788515968.591213,0.339658,0.087448,0.592531,-0.053629
1788515968.658222,0.343549,0.091943,0.613227,-0.052195
1788515968.725210,0.349088,0.093360,0.636407,-0.048806
1788515968.792239,0.355450,0.096352,0.671101,-0.046095
1788515968.859076,0.356580,0.097177,0.682149,-0.042225
1788515968.926665,0.357671,0.101657,0.698172,-0.039261
1788515968.993100,0.362581,0.105105,0.730933,-0.035557
1788515969.060112,0.363777,0.103247,0.743186,-0.029305
1788515969.127080,0.359799,0.090310,0.758449,-0.022160
1788515969.194104,0.361208,0.086940,0.786629,-0.020486
1788515969.261086,0.363134,0.086848,0.812385,-0.020806
1788515969.328100,0.363175,0.090268,0.831522,-0.022942
1788515969.395381,0.361133,0.087301,0.848913,-0.022614
1788515969.461822,0.360643,0.092666,0.864688,-0.027047
1788515969.528991,0.357221,0.111306,0.880658,-0.033792
1788515969.595963,0.354228,0.107079,0.886860,-0.033105
1788515969.662950,0.351521,0.100923,0.893183,-0.032304
1788515969.730304,0.338792,0.091747,0.877381,-0.029172
1788515969.796888,0.335510,0.092785,0.883688,-0.028491
1788515969.863953,0.333847,0.105739,0.910679,-0.029578
1788515969.930830,0.331033,0.110359,0.923715,-0.027864
1788515969.997740,0.321135,0.103544,0.931018,-0.024670
1788515970.064827,0.314310,0.107464,0.931997,-0.028914
1788515970.131823,0.308258,0.108114,0.932272,-0.032434
1788515970.198811,0.312183,0.130999,0.936176,-0.045261
1788515970.265829,0.298144,0.110028,0.939177,-0.043062
1788515970.332815,0.284235,0.087110,0.933568,-0.042914
1788515970.399826,0.280130,0.087742,0.933986,-0.049386
1788515970.466672,0.277462,0.091476,0.934343,-0.055381
1788515970.533567,0.274097,0.092675,0.935987,-0.059159
1788515970.600698,0.272360,0.092370,0.936638,-0.061637
1788515970.667676,0.269568,0.092266,0.938981,-0.064040
1788515970.734700,0.269817,0.091009,0.950855,-0.065485
1788515970.801666,0.269490,0.091252,0.952639,-0.067305
1788515970.868848,0.264011,0.092506,0.943286,-0.068740
1788515970.935585,0.265279,0.100475,0.942543,-0.072904
1788515971.002546,0.267015,0.104133,0.943854,-0.074411
1788515971.069427,0.273670,0.100563,0.948061,-0.073013
1788515971.136598,0.283094,0.090007,0.965215,-0.070485
1788515971.203573,0.279046,0.073749,0.959269,-0.068065
1788515971.270525,0.280328,0.069480,0.963271,-0.070727
1788515971.337547,0.282721,0.065169,0.967676,-0.072237
1788515971.404583,0.282493,0.064870,0.958585,-0.072557
1788515971.471638,0.275885,0.064705,0.943581,-0.070914
1788515971.538423,0.276918,0.062884,0.943213,-0.067748
1788515971.605312,0.295778,0.070320,0.946675,-0.069706
1788515971.672421,0.307507,0.080917,0.961811,-0.071161
1788515971.739432,0.314837,0.066900,0.968642,-0.066196
1788515971.806400,0.319983,0.059016,0.968100,-0.064367
1788515971.873420,0.328499,0.057970,0.971696,-0.064817
1788515971.940411,0.339795,0.062502,0.975251,-0.066757
1788515972.007467,0.346107,0.066133,0.977007,-0.067233
1788515972.075241,0.354994,0.068541,0.977561,-0.067587
1788515972.141166,0.361157,0.070856,0.979973,-0.067386
1788515972.208285,0.368628,0.062096,0.979278,-0.063613
1788515972.275273,0.376980,0.050475,0.978962,-0.060796
1788515972.342278,0.388430,0.047398,0.982682,-0.060669
1788515972.409526,0.389530,0.026856,0.981606,-0.055929
1788515972.476269,0.391872,0.022191,0.980439,-0.056125
1788515972.544559,0.402602,0.021608,0.979395,-0.056650
1788515972.610157,0.413051,0.034515,0.979972,-0.059782
1788515972.677043,0.421937,0.044276,0.983773,-0.060327
1788515972.744190,0.444464,0.060369,1.002525,-0.062035
1788515972.811168,0.451448,0.060569,1.008238,-0.058478
1788515972.878500,0.455490,0.045099,1.012178,-0.053117
1788515972.945218,0.459670,0.036879,1.018469,-0.052230
1788515973.012144,0.459662,0.041767,1.022242,-0.057137
1788515973.079148,0.451351,0.047128,1.029458,-0.059023
1788515973.146136,0.447839,0.048730,1.027575,-0.059614
1788515973.213067,0.464953,0.057526,1.026825,-0.060177
1788515973.279890,0.465875,0.053100,1.029497,-0.053497
1788515973.347030,0.465133,0.065543,1.032977,-0.053147
1788515973.414021,0.446140,0.075256,1.043107,-0.049901
1788515973.481024,0.453380,0.079301,1.042352,-0.044987
1788515973.548018,0.450651,0.079585,1.042804,-0.036258
1788515973.615011,0.432079,0.044283,1.045685,-0.017908
1788515973.681883,0.431316,0.018989,1.057024,-0.006406
1788515973.748884,0.449086,-0.018535,1.057184,0.002418
1788515973.815804,0.435018,-0.050402,1.068394,0.002876
1788515973.882879,0.398768,-0.082927,1.072096,-0.001795
1788515973.950022,0.396258,-0.095289,1.072388,-0.014186
1788515974.016849,0.422009,-0.072201,1.073809,-0.036151
1788515974.083976,0.401961,-0.040159,1.077925,-0.052210
1788515974.151130,0.384400,-0.012549,1.078246,-0.063618
1788515974.217753,0.368168,0.011062,1.070459,-0.067873
1788515974.285089,0.363779,0.036546,1.065236,-0.067904
1788515974.351635,0.365387,0.073813,1.062156,-0.067598
1788515974.418793,0.372735,0.101245,1.062774,-0.062637
1788515974.485754,0.397844,0.131482,1.072093,-0.059709
1788515974.552782,0.402201,0.130846,1.073435,-0.046516
1788515974.619771,0.403400,0.114647,1.074785,-0.031680
1788515974.686794,0.404329,0.101921,1.077397,-0.021180
1788515974.754578,0.388695,0.073549,1.081290,-0.011044
1788515974.820638,0.382148,0.052679,1.079188,-0.007286
1788515974.887487,0.389453,0.045983,1.084328,-0.011238
1788515974.954884,0.392969,0.032715,1.091901,-0.013367
1788515975.021744,0.401159,0.033873,1.110136,-0.019939
1788515975.088567,0.390254,0.026665,1.097496,-0.021109
1788515975.155639,0.386089,0.010384,1.092179,-0.022369
1788515975.222620,0.387373,-0.006841,1.096136,-0.024530
1788515975.289505,0.381211,-0.018208,1.094447,-0.028661
1788515975.356519,0.378744,-0.020884,1.094303,-0.033020
1788515975.424278,0.373817,-0.023459,1.094754,-0.035753
1788515975.490504,0.377329,-0.020133,1.094235,-0.040422
1788515975.557508,0.379024,-0.020678,1.097414,-0.041295
1788515975.624546,0.374876,-0.020856,1.097404,-0.040259
1788515975.691458,0.361871,-0.051234,1.092916,-0.030645
1788515975.758491,0.359682,-0.055075,1.090714,-0.028971
1788515975.825391,0.360498,-0.069199,1.087164,-0.023822
1788515975.892364,0.363496,-0.101194,1.088537,-0.014929
1788515975.959239,0.367566,-0.113986,1.094196,-0.013502
1788515976.026366,0.361507,-0.111578,1.090607,-0.018266
1788515976.093404,0.353351,-0.092484,1.080842,-0.027961
1788515976.160401,0.328183,-0.102155,1.075724,-0.028435
1788515976.227315,0.307498,-0.139720,1.076280,-0.024733
1788515976.294374,0.307581,-0.149564,1.084927,-0.029962
1788515976.361243,0.305578,-0.146951,1.081624,-0.039854
1788515976.428263,0.305080,-0.146827,1.081395,-0.046947
1788515976.495138,0.299693,-0.140324,1.074513,-0.055985
1788515976.562238,0.295340,-0.128536,1.066512,-0.064198
1788515976.629239,0.285326,-0.109443,1.062152,-0.072315
1788515976.696239,0.271522,-0.099656,1.056205,-0.077659
1788515976.763433,0.263440,-0.086640,1.051808,-0.083187
1788515976.830234,0.255781,-0.068682,1.045693,-0.088340
1788515976.898309,0.255512,-0.068622,1.044457,-0.085940
1788515976.965826,0.286509,-0.073574,1.051918,-0.081852
1788515977.032161,0.341289,-0.051168,1.081060,-0.086523
1788515977.098103,0.341514,-0.037899,1.086199,-0.079918
1788515977.165110,0.341113,-0.015461,1.088937,-0.073557
1788515977.232119,0.343637,0.001231,1.088763,-0.063781
1788515977.299110,0.342772,0.015124,1.087598,-0.053711
1788515977.366097,0.343098,0.047975,1.089572,-0.049412
1788515977.433270,0.338202,0.042363,1.085296,-0.033837
1788515977.500021,0.288654,0.052984,1.074529,-0.026459
1788515977.567013,0.278970,0.059045,1.069239,-0.019440
1788515977.633955,0.278434,0.068866,1.069153,-0.014788
1788515977.700985,0.283654,0.072196,1.075125,-0.010221
1788515977.768126,0.290196,0.052390,1.097738,-0.001330
1788515977.834997,0.290407,0.039163,1.098135,0.003320
1788515977.901956,0.279096,0.055183,1.085960,-0.001060
1788515977.969486,0.247581,0.088930,1.072963,-0.007637
1788515978.035859,0.235025,0.098884,1.048723,-0.009160
1788515978.102951,0.232390,0.112380,1.053749,-0.010918
1788515978.169856,0.227681,0.132532,1.054365,-0.013086
1788515978.236835,0.228203,0.174475,1.055452,-0.019745
1788515978.303836,0.236111,0.205798,1.060418,-0.021788
1788515978.370836,0.260894,0.236868,1.070664,-0.024128
1788515978.437851,0.272456,0.267554,1.071738,-0.023442
1788515978.504713,0.276876,0.293259,1.068223,-0.020315
1788515978.571728,0.293543,0.324498,1.066594,-0.018468
1788515978.638606,0.315288,0.335596,1.077518,-0.011355
1788515978.706794,0.321081,0.338915,1.074791,-0.002660
1788515978.772701,0.335601,0.357386,1.073271,0.001595
1788515978.839705,0.334427,0.364089,1.068229,0.008881
1788515978.906747,0.310882,0.351564,1.062126,0.020617
1788515978.973750,0.298106,0.324792,1.043206,0.030736
1788515979.040581,0.304691,0.319719,1.037763,0.031337
1788515979.107580,0.318297,0.297084,1.029546,0.033782
1788515979.174642,0.339609,0.267703,1.022308,0.037208
1788515979.241592,0.343863,0.259734,1.019370,0.035246
1788515979.308584,0.344879,0.246086,1.016747,0.035297
1788515979.375586,0.341566,0.218454,1.008049,0.039597
1788515979.442859,0.342512,0.213445,1.002312,0.036994
1788515979.509583,0.347736,0.214007,1.003865,0.032471
1788515979.576575,0.382370,0.224244,1.002731,0.021463
1788515979.643474,0.394184,0.203287,1.011510,0.020608
1788515979.710375,0.387252,0.177983,1.011529,0.020118
1788515979.777452,0.386440,0.167879,1.000914,0.013998
1788515979.844465,0.411924,0.173914,1.019384,0.000486
1788515979.911464,0.432327,0.167514,1.026346,-0.007331
1788515979.978493,0.460646,0.168596,1.039578,-0.019073
1788515980.045474,0.461342,0.159024,1.042483,-0.022092
1788515980.112530,0.459486,0.147897,1.043606,-0.022382
1788515980.179277,0.460946,0.149637,1.051528,-0.022971
1788515980.246210,0.460613,0.144552,1.053166,-0.016347
1788515980.313330,0.465559,0.135018,1.055655,-0.008438
1788515980.380332,0.460198,0.105871,1.054020,0.004608
1788515980.447346,0.430373,0.073259,1.046543,0.019195
1788515980.514750,0.426324,0.052898,1.047054,0.030881
1788515980.581336,0.421276,0.032421,1.048899,0.041128
1788515980.648331,0.417959,0.024613,1.054715,0.045571
1788515980.715194,0.416833,0.023175,1.059505,0.045537
1788515980.782067,0.425262,0.022422,1.105677,0.041950
1788515980.849203,0.427398,0.018342,1.112507,0.038003
1788515980.916181,0.426412,0.010448,1.115359,0.033426
1788515980.983205,0.418358,-0.024944,1.116871,0.033836
1788515981.050193,0.417722,-0.033105,1.115919,0.024995
1788515981.117198,0.417025,-0.033157,1.119367,0.013761
1788515981.184227,0.412773,-0.030552,1.121346,0.003114
1788515981.251060,0.418054,-0.013700,1.125791,-0.011394
1788515981.317948,0.426538,-0.009151,1.127731,-0.020984
1788515981.385080,0.402157,-0.014015,1.127699,-0.023715
1788515981.452085,0.399242,0.001951,1.122128,-0.033400
1788515981.519229,0.394532,0.004338,1.133304,-0.035491
1788515981.586076,0.396655,0.045646,1.132394,-0.048774
1788515981.653063,0.395366,0.059671,1.135707,-0.051727
1788515981.720084,0.383951,0.059900,1.139571,-0.049191
1788515981.786952,0.350643,0.063078,1.143470,-0.048669
1788515981.853836,0.339174,0.080066,1.146398,-0.051734
1788515981.921011,0.328864,0.088954,1.145846,-0.051529
1788515981.987916,0.317739,0.089023,1.147084,-0.046726
1788515982.055056,0.302450,0.086485,1.147506,-0.039650
1788515982.121943,0.290867,0.079260,1.148577,-0.030270
1788515982.188941,0.283409,0.093918,1.152616,-0.027340
1788515982.255938,0.283583,0.114589,1.182021,-0.024890
1788515982.322819,0.276098,0.113449,1.187972,-0.015651
1788515982.389966,0.261473,0.102610,1.188591,-0.005548
1788515982.456842,0.248467,0.115065,1.186554,-0.003853
1788515982.526927,0.252635,0.123676,1.202750,-0.005094
1788515982.590827,0.250877,0.075518,1.208289,0.005421
1788515982.657823,0.243183,0.040257,1.209197,0.005469
1788515982.724822,0.235385,0.013470,1.215353,-0.001419
1788515982.791807,0.227844,-0.022143,1.211109,-0.009345
1788515982.858685,0.224375,-0.038607,1.213895,-0.023917
1788515982.925589,0.206798,-0.045962,1.222717,-0.040679
1788515982.992702,0.189577,-0.039600,1.212563,-0.061634
1788515983.059684,0.187999,-0.016687,1.212134,-0.087375
1788515983.127739,0.180402,-0.003725,1.202147,-0.106532
1788515983.193761,0.175534,-0.011283,1.183342,-0.116367
1788515983.260742,0.176424,-0.013255,1.174878,-0.127527
1788515983.327647,0.172335,0.000409,1.157540,-0.139446
1788515983.394573,0.164262,0.022359,1.118390,-0.147518
1788515983.461581,0.162219,0.032130,1.076857,-0.145035
1788515983.528565,0.167912,0.036074,1.064310,-0.137006
1788515983.595554,0.172414,0.047445,1.022670,-0.128504
1788515983.662956,0.177822,0.061481,0.990450,-0.118812
1788515983.729571,0.199868,0.082081,0.983207,-0.109328
1788515983.796562,0.217780,0.101764,0.963518,-0.097903
1788515983.863586,0.219959,0.122757,0.914091,-0.086453
1788515983.930448,0.226517,0.131977,0.882180,-0.071891
1788515983.997564,0.233695,0.141631,0.848891,-0.057568
1788515984.064420,0.239502,0.146137,0.816943,-0.043471
1788515984.131570,0.248984,0.147205,0.790716,-0.030422
1788515984.198431,0.251583,0.146042,0.755379,-0.020176
1788515984.265660,0.255905,0.146132,0.724766,-0.015505
1788515984.332372,0.257616,0.145825,0.700969,-0.012560
1788515984.399430,0.270012,0.147931,0.686862,-0.013892
1788515984.466554,0.275401,0.147617,0.671412,-0.015551
1788515984.533310,0.276017,0.146344,0.647308,-0.019360
1788515984.600182,0.275425,0.144018,0.633244,-0.024933
1788515984.667295,0.285939,0.139797,0.626667,-0.032582
1788515984.734298,0.286675,0.133346,0.611853,-0.040198
1788515984.801323,0.286567,0.126805,0.598379,-0.048130
1788515984.868295,0.288392,0.116739,0.590069,-0.052634
1788515984.935349,0.291419,0.112731,0.585631,-0.056882
1788515985.002214,0.292968,0.109516,0.579134,-0.061407
1788515985.069129,0.295456,0.108140,0.572055,-0.066436
1788515985.136064,0.295989,0.103416,0.561735,-0.068286
1788515985.203178,0.296166,0.095979,0.555141,-0.068172
1788515985.270185,0.296322,0.083670,0.549382,-0.065550
1788515985.337172,0.297437,0.071554,0.546833,-0.062721
1788515985.404217,0.304490,0.055837,0.546677,-0.059055
1788515985.471179,0.309613,0.039091,0.545520,-0.057088
1788515985.538054,0.309941,0.019002,0.535547,-0.054777
1788515985.605071,0.314662,0.000738,0.534267,-0.053950
1788515985.671957,0.316763,-0.013544,0.525381,-0.055647
1788515985.739064,0.317895,-0.026261,0.523356,-0.058325
1788515985.806063,0.338919,-0.035910,0.527350,-0.065113
1788515985.873060,0.344415,-0.051591,0.521513,-0.067704
1788515985.940043,0.350447,-0.062472,0.515976,-0.071825
1788515986.007499,0.359157,-0.070863,0.512827,-0.075820
1788515986.073918,0.365573,-0.080287,0.506957,-0.079333
1788515986.141041,0.370427,-0.090684,0.499911,-0.081649
1788515986.207787,0.379827,-0.093733,0.496822,-0.085025
1788515986.274920,0.381496,-0.093450,0.483808,-0.089879
1788515986.341952,0.388632,-0.093005,0.479343,-0.092711
1788515986.408906,0.390741,-0.093753,0.470907,-0.092510
1788515986.475940,0.397078,-0.094687,0.468821,-0.092595
1788515986.543230,0.400498,-0.093995,0.461704,-0.092434
1788515986.609774,0.405107,-0.089075,0.457849,-0.091006
1788515986.676780,0.408942,-0.082069,0.449545,-0.086618
1788515986.743841,0.409445,-0.081292,0.445881,-0.078259
1788515986.810798,0.417610,-0.079902,0.445458,-0.066753
1788515986.878062,0.423317,-0.077760,0.442876,-0.054765
1788515986.944659,0.423433,-0.077605,0.433523,-0.042467
1788515987.011777,0.421171,-0.078261,0.428006,-0.031373
1788515987.078792,0.419204,-0.079202,0.419983,-0.022653
1788515987.145857,0.413947,-0.081883,0.410755,-0.013966
1788515987.212991,0.409740,-0.081051,0.410617,-0.007547
1788515987.279546,0.406352,-0.076971,0.407925,-0.001924
1788515987.346659,0.400652,-0.076617,0.405107,0.003862
1788515987.413707,0.395546,-0.075990,0.402390,0.008241
1788515987.480695,0.392162,-0.072779,0.400358,0.011671
1788515987.547710,0.392152,-0.066466,0.406225,0.013820
1788515987.615169,0.395769,-0.060238,0.409880,0.017597
1788515987.681539,0.406585,-0.049870,0.411465,0.020418
1788515987.748528,0.411304,-0.042710,0.410921,0.021190
1788515987.815428,0.418481,-0.033694,0.414306,0.019918
1788515987.882586,0.423443,-0.027320,0.412666,0.018697
1788515987.949516,0.434948,-0.013708,0.416133,0.012429
1788515988.016545,0.439373,-0.004955,0.414384,0.007991
1788515988.083546,0.449045,0.011173,0.415754,0.001250
1788515988.150578,0.456788,0.024176,0.417803,-0.003411
1788515988.217423,0.463077,0.038246,0.417785,-0.008729
1788515988.284416,0.465043,0.049124,0.417682,-0.012586
1788515988.351288,0.468090,0.059723,0.419053,-0.017402
1788515988.418396,0.468164,0.072969,0.417234,-0.025275
1788515988.485409,0.457175,0.078712,0.402397,-0.029696
1788515988.552453,0.445851,0.085352,0.397992,-0.032156
1788515988.619406,0.435234,0.095259,0.399438,-0.034800
1788515988.686405,0.423597,0.100044,0.398937,-0.036252
1788515988.753458,0.416070,0.106026,0.399116,-0.039591
1788515988.820297,0.408490,0.112540,0.400349,-0.043343
1788515988.887151,0.400426,0.118922,0.401326,-0.045931
1788515988.954315,0.393622,0.125291,0.401882,-0.046214
1788515989.021621,0.386693,0.130749,0.401321,-0.045383
1788515989.088419,0.381432,0.134551,0.403667,-0.043321
1788515989.155351,0.378201,0.139863,0.403366,-0.041120
1788515989.222260,0.373658,0.144941,0.400382,-0.037082
1788515989.289304,0.371837,0.148046,0.400366,-0.030311
1788515989.356177,0.369562,0.150379,0.400743,-0.023011
1788515989.423050,0.372101,0.155407,0.401372,-0.015410
1788515989.490134,0.375821,0.160456,0.401014,-0.008576
1788515989.557199,0.377136,0.164357,0.403445,-0.002939
1788515989.624183,0.377356,0.165322,0.405903,0.001707
1788515989.691147,0.374166,0.165601,0.404449,0.005036
1788515989.758271,0.367684,0.164992,0.401339,0.008966
1788515989.825205,0.361626,0.163399,0.393741,0.011578
1788515989.892035,0.353430,0.158504,0.386726,0.012682
1788515989.958940,0.341422,0.151766,0.378950,0.011782
1788515990.026052,0.333330,0.146206,0.384034,0.008229
1788515990.093442,0.330726,0.142887,0.389428,0.002602
1788515990.160213,0.327329,0.136660,0.390624,-0.002163
1788515990.227037,0.324638,0.132979,0.395083,-0.011036
1788515990.294063,0.320125,0.126977,0.393855,-0.018558
1788515990.361063,0.316720,0.122114,0.394106,-0.026474
1788515990.427933,0.316054,0.118657,0.394640,-0.033112
1788515990.494837,0.317207,0.116576,0.397244,-0.038145
1788515990.561932,0.318766,0.112937,0.398777,-0.040704
1788515990.628922,0.325069,0.110494,0.403366,-0.043949
1788515990.695906,0.329930,0.108336,0.405356,-0.047768
1788515990.762913,0.335506,0.107949,0.408269,-0.050895
1788515990.833968,0.338896,0.106196,0.410930,-0.053451
1788515990.896919,0.342729,0.105140,0.413854,-0.055151
1788515990.963789,0.342948,0.103333,0.406892,-0.055310
1788515991.030723,0.343563,0.102273,0.411327,-0.055561
1788515991.097768,0.346510,0.101664,0.415010,-0.055861
1788515991.164781,0.349131,0.101513,0.416231,-0.056169
1788515991.231786,0.349999,0.100738,0.416760,-0.055982
1788515991.298954,0.351125,0.098077,0.417808,-0.055361
1788515991.365792,0.355375,0.097171,0.420748,-0.055915
1788515991.432776,0.354664,0.090624,0.414233,-0.054175
1788515991.499676,0.351926,0.082417,0.413996,-0.052260
1788515991.566550,0.351820,0.072062,0.408764,-0.049288
1788515991.634916,0.348542,0.059334,0.409453,-0.047228
1788515991.700651,0.347116,0.052780,0.407026,-0.045760
1788515991.767653,0.345646,0.046700,0.403934,-0.042025
1788515991.834667,0.343807,0.040577,0.401544,-0.035162
1788515991.901652,0.342363,0.036535,0.401243,-0.026458
1788515991.968782,0.339940,0.027732,0.400718,-0.016177
1788515992.035538,0.340643,0.025996,0.402233,-0.007578
1788515992.102571,0.345722,0.024995,0.410084,0.000448
1788515992.169406,0.346532,0.015324,0.410144,0.008933
1788515992.236561,0.344480,0.004332,0.409657,0.013238
1788515992.303515,0.343838,-0.001979,0.410235,0.013280
1788515992.371535,0.342422,-0.007636,0.407555,0.011766
1788515992.437515,0.341899,-0.008299,0.407704,0.007284
1788515992.504591,0.341615,-0.009929,0.410702,0.003834
1788515992.571350,0.341392,-0.013997,0.412966,0.001669
1788515992.638387,0.340378,-0.017987,0.413457,-0.000785
1788515992.705313,0.340329,-0.018308,0.414188,-0.002766
1788515992.772429,0.339541,-0.019881,0.413732,-0.001607
1788515992.839418,0.339188,-0.022016,0.413507,-0.001122
1788515992.906435,0.339140,-0.024601,0.412656,-0.000890
1788515992.973422,0.335817,-0.029833,0.410010,-0.001795
1788515993.040428,0.335523,-0.030467,0.410686,-0.003283
1788515993.107261,0.336431,-0.029468,0.410955,-0.005225
1788515993.174314,0.337214,-0.027076,0.410844,-0.005601
1788515993.241177,0.336700,-0.023262,0.409777,-0.006122
1788515993.308255,0.333310,-0.020929,0.405230,-0.006011
1788515993.375313,0.329382,-0.015286,0.405814,-0.005544
1788515993.442280,0.324618,-0.007904,0.405386,-0.003552
1788515993.509278,0.315792,-0.002364,0.397571,0.000278
1788515993.576291,0.309709,0.004287,0.396593,0.004957
1788515993.643163,0.303831,0.010006,0.396169,0.009550
1788515993.710447,0.296705,0.016388,0.396163,0.014541
1788515993.777019,0.293396,0.020970,0.399038,0.021091
1788515993.844208,0.293204,0.024216,0.403674,0.027111
1788515993.911174,0.293369,0.026875,0.405622,0.031927
1788515993.978152,0.292435,0.030562,0.407301,0.035743
1788515994.046300,0.293698,0.032887,0.416002,0.041495
1788515994.112155,0.298519,0.035885,0.425158,0.045900
1788515994.179056,0.304122,0.036818,0.432149,0.048605
1788515994.246042,0.311576,0.038117,0.446551,0.047710
1788515994.312910,0.316422,0.039248,0.459245,0.043132
1788515994.380044,0.328063,0.043318,0.481470,0.034384
1788515994.447328,0.333186,0.048646,0.494249,0.024297
1788515994.513974,0.342478,0.056360,0.515096,0.013057
1788515994.581093,0.352604,0.067328,0.530041,0.000230
1788515994.648035,0.356012,0.072577,0.541238,-0.009869
1788515994.714905,0.361601,0.083732,0.552098,-0.019477
1788515994.782027,0.367693,0.094877,0.564513,-0.025693
1788515994.848987,0.376770,0.104595,0.579025,-0.030414
1788515994.917552,0.379739,0.115682,0.581952,-0.034343
1788515994.982908,0.381135,0.122667,0.587807,-0.036282
1788515995.049917,0.385666,0.128427,0.588531,-0.040064
1788515995.117027,0.387638,0.129007,0.602916,-0.042731
1788515995.183918,0.390908,0.126456,0.603559,-0.046080
1788515995.250773,0.391102,0.120991,0.603304,-0.048200
1788515995.317787,0.390524,0.120792,0.609170,-0.054524
1788515995.384738,0.389960,0.117528,0.610877,-0.060635
1788515995.451778,0.388850,0.112313,0.613253,-0.066897
1788515995.518784,0.387446,0.109658,0.616875,-0.073602
1788515995.585804,0.384449,0.108101,0.617255,-0.080732
1788515995.652793,0.380588,0.106438,0.614958,-0.086845
1788515995.720231,0.379429,0.102385,0.618139,-0.090827
1788515995.786634,0.381167,0.098578,0.628896,-0.093073
1788515995.854162,0.383996,0.092490,0.641649,-0.091684
1788515995.920541,0.384256,0.083158,0.644085,-0.089877
1788515995.987657,0.383806,0.074038,0.647574,-0.090585
1788515996.054651,0.382759,0.065060,0.654280,-0.093342
1788515996.121654,0.382539,0.058047,0.666681,-0.097538
1788515996.188643,0.382314,0.054011,0.678430,-0.101986
1788515996.255672,0.380471,0.052076,0.681356,-0.106335
1788515996.322570,0.380068,0.044356,0.692270,-0.108368
1788515996.389524,0.378938,0.037048,0.703806,-0.110061
1788515996.456414,0.378206,0.033091,0.713390,-0.112207
1788515996.523546,0.375139,0.032558,0.717990,-0.114353
1788515996.590490,0.372871,0.034659,0.725443,-0.116133
1788515996.657566,0.370784,0.037323,0.733141,-0.114428
1788515996.724538,0.370810,0.038063,0.745765,-0.108783
1788515996.793690,0.371695,0.039981,0.754684,-0.102560
1788515996.858512,0.372203,0.046039,0.761940,-0.096525
1788515996.925515,0.371154,0.059398,0.764630,-0.092101
1788515996.992364,0.371496,0.062877,0.768420,-0.085371
1788515997.059417,0.372007,0.063456,0.783773,-0.079444
1788515997.126409,0.371389,0.070063,0.793517,-0.078945
1788515997.193756,0.369031,0.069563,0.792892,-0.076902
1788515997.260529,0.365911,0.060971,0.787682,-0.073782
1788515997.327471,0.363728,0.060854,0.795141,-0.074843
1788515997.394587,0.361324,0.060912,0.803540,-0.075719
1788515997.461303,0.359228,0.065844,0.804006,-0.076440
1788515997.528170,0.357834,0.065880,0.813547,-0.072658
1788515997.595257,0.355710,0.063037,0.817460,-0.066392
1788515997.662304,0.351913,0.060762,0.817438,-0.060204
1788515997.729306,0.348122,0.061705,0.807215,-0.054974
1788515997.796293,0.342493,0.057554,0.803997,-0.046372
1788515997.863719,0.336214,0.052394,0.799187,-0.038125
1788515997.930293,0.330726,0.046700,0.792931,-0.030596
1788515997.997163,0.327714,0.044502,0.792968,-0.024787
1788515998.064111,0.322442,0.042855,0.789878,-0.019615
1788515998.131145,0.314878,0.039777,0.781685,-0.014820
1788515998.198142,0.312162,0.028467,0.777518,-0.008287
1788515998.265157,0.312356,0.020631,0.778200,-0.003573
1788515998.332154,0.312606,0.015860,0.778424,0.001141
1788515998.399166,0.312162,0.011624,0.778914,0.005970
1788515998.466162,0.312766,0.011455,0.785362,0.008509
1788515998.533386,0.313323,0.011212,0.774432,0.011278
1788515998.599888,0.312852,0.036120,0.764938,0.004474
1788515998.667036,0.311984,0.030826,0.757639,0.007362
1788515998.734050,0.314413,0.027056,0.754347,0.007023
1788515998.801075,0.318595,0.027407,0.753142,0.004690
1788515998.868058,0.333050,0.022254,0.759449,0.002634
1788515998.935030,0.340003,0.008266,0.744531,0.002515
1788515999.002116,0.347313,0.006267,0.735683,-0.001723
1788515999.068921,0.361162,0.001027,0.737696,-0.005697
1788515999.135772,0.380728,-0.006239,0.750342,-0.009036
1788515999.202909,0.399961,-0.008315,0.750008,-0.012001
1788515999.269902,0.418158,-0.011139,0.747660,-0.012967
1788515999.336917,0.439653,-0.015785,0.747161,-0.011484
1788515999.404680,0.462506,-0.022912,0.747441,-0.008869
1788515999.470976,0.488323,-0.031763,0.756521,-0.008901
1788515999.537846,0.516809,-0.039645,0.756917,-0.013125
1788515999.604837,0.542883,-0.042353,0.764271,-0.022145
1788515999.671624,0.570614,-0.051231,0.765752,-0.030766
1788515999.738786,0.592033,-0.057421,0.753382,-0.040668
1788515999.805779,0.614518,-0.069657,0.737175,-0.049187
1788515999.872793,0.635536,-0.077567,0.734076,-0.058064
1788515999.939919,0.657606,-0.080092,0.735276,-0.067572
1788516000.006769,0.683159,-0.078218,0.739116,-0.077446
1788516000.073798,0.706938,-0.075426,0.741043,-0.083455
1788516000.140645,0.729550,-0.069202,0.740961,-0.085663
1788516000.207721,0.752449,-0.068269,0.740743,-0.082789
1788516000.274511,0.780396,-0.067624,0.747002,-0.076750
1788516000.341653,0.807558,-0.067215,0.751185,-0.068956
1788516000.408691,0.831743,-0.067074,0.751346,-0.060382
1788516000.475651,0.856469,-0.066386,0.746421,-0.051502
1788516000.542656,0.884590,-0.063280,0.742763,-0.043645
1788516000.609864,0.914069,-0.058866,0.741602,-0.036701
1788516000.676655,0.947734,-0.054315,0.743844,-0.030181
1788516000.743459,0.980530,-0.048055,0.743443,-0.025485
1788516000.810405,1.016585,-0.043880,0.745415,-0.022724
1788516000.877543,1.049602,-0.044575,0.744835,-0.019866
1788516000.944540,1.086739,-0.047206,0.746413,-0.019390
1788516001.011528,1.125080,-0.050755,0.749506,-0.020117
1788516001.078543,1.164276,-0.051423,0.756868,-0.024202
1788516001.145531,1.197347,-0.060617,0.748808,-0.026216
1788516001.212408,1.232148,-0.066086,0.738952,-0.030646
1788516001.279413,1.264770,-0.072532,0.731917,-0.034665
1788516001.346291,1.303184,-0.074175,0.732504,-0.039294
1788516001.413435,1.335095,-0.076363,0.731656,-0.041971
1788516001.480386,1.366479,-0.079265,0.721945,-0.043567
1788516001.547441,1.394559,-0.081929,0.713015,-0.044400
1788516001.614814,1.424063,-0.081681,0.709261,-0.045789
1788516001.681411,1.451307,-0.077735,0.705369,-0.046112
1788516001.748334,1.480787,-0.069311,0.704607,-0.046016
1788516001.815263,1.512829,-0.062812,0.704848,-0.042520
1788516001.882205,1.545261,-0.059889,0.704027,-0.034782
1788516001.949268,1.578697,-0.056299,0.703051,-0.026646
1788516002.016335,1.614635,-0.051227,0.697196,-0.018867
1788516002.083331,1.655145,-0.049403,0.695721,-0.009179
1788516002.150275,1.699424,-0.049634,0.699318,0.003673
1788516002.217315,1.745319,-0.053716,0.699318,0.018787
1788516002.284142,1.785723,-0.053619,0.699124,0.031418
1788516002.352430,1.832641,-0.053476,0.696570,0.045927
1788516002.418023,1.875979,-0.049657,0.691777,0.056384
1788516002.485153,1.807740,0.145855,0.787361,-0.031607
1788516002.552165,1.932580,0.075286,0.710536,0.017797
1788516002.619153,1.981169,0.068735,0.700372,0.021609
1788516002.686144,2.029837,0.062978,0.695765,0.023598
1788516002.753407,2.070280,0.062342,0.687239,0.018477
1788516002.820035,2.110298,0.059320,0.681428,0.013999
1788516002.887039,2.145811,0.050532,0.679913,0.011058
1788516002.953905,2.183729,0.040315,0.677358,0.005780
1788516003.021044,2.219652,0.036170,0.682345,-0.006097
1788516003.088048,2.252622,0.030990,0.686246,-0.018182
1788516003.155029,2.280035,0.021606,0.686614,-0.026221
1788516003.222090,2.307224,0.016306,0.686843,-0.036713
1788516003.289037,2.331641,0.013427,0.686546,-0.046900
1788516003.355930,2.352931,0.011550,0.684303,-0.055410
1788516003.423844,2.377645,0.014611,0.672827,-0.066432
1788516003.489779,2.395057,0.013209,0.663717,-0.062362
1788516003.556915,2.411519,0.012680,0.661002,-0.056435
1788516003.623944,2.429331,0.014756,0.657545,-0.053154
1788516003.690907,2.446529,0.024817,0.654875,-0.051675
1788516003.757921,2.462663,0.031719,0.652651,-0.044018
1788516003.824943,2.477815,0.035597,0.651701,-0.031887
1788516003.891844,2.493526,0.045255,0.651868,-0.022244
1788516003.958807,2.506917,0.057598,0.652013,-0.012055
1788516004.025670,2.522544,0.079180,0.651782,-0.008013
1788516004.092813,2.531358,0.096116,0.655678,0.001696
1788516004.159796,2.534400,0.109267,0.666260,0.011118
1788516004.226785,2.537546,0.124614,0.673636,0.012532
1788516004.293808,2.540526,0.139169,0.677335,0.009700
1788516004.360826,2.547344,0.154258,0.675662,0.005290
1788516004.427720,2.554410,0.165291,0.671472,0.001334
1788516004.494663,2.560916,0.169763,0.669126,-0.004152
1788516004.561561,2.560434,0.173443,0.675402,-0.012732
1788516004.628699,2.557267,0.174590,0.686437,-0.022541
1788516004.695687,2.552954,0.175401,0.693617,-0.035907
1788516004.763011,2.550803,0.175743,0.694707,-0.051012
1788516004.829701,2.546657,0.170101,0.689743,-0.057502
1788516004.896676,2.545743,0.168603,0.682044,-0.068500
1788516004.963689,2.545221,0.167155,0.670026,-0.073926
1788516005.030771,2.547887,0.167584,0.664430,-0.081410
1788516005.097460,2.552400,0.171535,0.658841,-0.087050
1788516005.164558,2.560699,0.180051,0.654516,-0.093290
1788516005.231616,2.569438,0.191987,0.652789,-0.099530
1788516005.298546,2.580901,0.207270,0.650677,-0.107339
1788516005.365551,2.590927,0.225016,0.649550,-0.113348
1788516005.432555,2.600523,0.247324,0.648660,-0.119810
1788516005.499573,2.607185,0.269996,0.645392,-0.121906
1788516005.566432,2.605359,0.284475,0.638560,-0.108980
1788516005.633343,2.596154,0.323671,0.678917,-0.114140
1788516005.700771,2.595590,0.367368,0.682882,-0.116193
1788516005.767438,2.595455,0.412836,0.686880,-0.114593
1788516005.834460,2.590143,0.463476,0.685626,-0.114732
1788516005.901426,2.577601,0.511563,0.684931,-0.111189
1788516005.968447,2.562960,0.557785,0.686047,-0.107002
1788516006.035406,2.551786,0.607771,0.682780,-0.107827
1788516006.102324,2.548210,0.656423,0.679209,-0.110191
1788516006.169701,2.550286,0.710904,0.691131,-0.121210
1788516006.236294,2.555946,0.751571,0.691190,-0.120987
1788516006.303301,2.565621,0.786051,0.690963,-0.117788
1788516006.370290,2.575438,0.824332,0.689622,-0.118106
1788516006.437572,2.578855,0.883083,0.688623,-0.135955
1788516006.504309,2.583365,0.950005,0.676565,-0.160940
1788516006.571315,2.603692,0.992614,0.647331,-0.168605
1788516006.638222,2.627226,1.026566,0.643026,-0.165434
1788516006.705087,2.647252,1.080021,0.633149,-0.180879
1788516006.772196,2.670766,1.128980,0.625945,-0.194662
1788516006.839178,2.691017,1.154804,0.623696,-0.192730
1788516006.906176,2.708195,1.170397,0.622545,-0.186744
1788516006.973215,2.724353,1.185341,0.624830,-0.183394
1788516007.040183,2.739131,1.177921,0.618880,-0.162348
1788516007.107179,2.752580,1.152405,0.603763,-0.137358
1788516007.174072,2.754440,1.117188,0.608778,-0.110054
1788516007.240922,2.754388,1.075195,0.620714,-0.079148
1788516007.308064,2.750120,1.038908,0.625804,-0.059468
1788516007.375046,2.744595,1.007059,0.628952,-0.049245
1788516007.442069,2.737330,0.974732,0.631188,-0.044753
1788516007.510052,2.729606,0.938906,0.633587,-0.040327
1788516007.576054,2.728089,0.885356,0.637408,-0.020497
1788516007.643099,2.724044,0.843824,0.642175,-0.011826
1788516007.709955,2.718726,0.813674,0.644847,-0.012254
1788516007.776933,2.716660,0.784743,0.651175,-0.011840
1788516007.843868,2.709202,0.765000,0.653640,-0.019628
1788516007.910932,2.701849,0.748387,0.654413,-0.027693
1788516007.978791,2.694672,0.736927,0.655136,-0.037792
1788516008.044959,2.693874,0.725036,0.654447,-0.043726
1788516008.111944,2.694457,0.715481,0.653843,-0.047763
1788516008.178930,2.694119,0.710378,0.656572,-0.054317
1788516008.245830,2.691844,0.709670,0.658569,-0.062941
1788516008.312835,2.689940,0.708225,0.663746,-0.066366
1788516008.379671,2.689334,0.703868,0.665996,-0.063357
1788516008.446815,2.690352,0.695628,0.668225,-0.054244
1788516008.513822,2.694570,0.688167,0.668070,-0.046503
1788516008.580835,2.694170,0.687333,0.667629,-0.044939
1788516008.647835,2.686969,0.686037,0.665206,-0.045467
1788516008.714803,2.681779,0.681665,0.661268,-0.046449
1788516008.781693,2.679736,0.666797,0.653647,-0.045867
1788516008.848676,2.674214,0.633837,0.657035,-0.036896
1788516008.915720,2.673938,0.604550,0.655691,-0.037035
1788516008.982671,2.674817,0.564869,0.655096,-0.031151
1788516009.049698,2.678201,0.524099,0.651876,-0.027827
1788516009.116679,2.691765,0.486006,0.646461,-0.029085
1788516009.183693,2.702000,0.455811,0.647023,-0.038825
1788516009.250686,2.713043,0.426635,0.642256,-0.049788
1788516009.317579,2.725789,0.394917,0.643552,-0.057513
1788516009.386641,2.732092,0.360308,0.649868,-0.061981
1788516009.451453,2.734348,0.328651,0.660721,-0.067727
1788516009.518577,2.740105,0.303100,0.663290,-0.077394
1788516009.585566,2.745311,0.275034,0.667176,-0.079832
1788516009.653071,2.749859,0.246322,0.674066,-0.076888
1788516009.719579,2.754545,0.227441,0.681095,-0.077924
1788516009.786551,2.759181,0.214295,0.686514,-0.077956
1788516009.853451,2.763076,0.211223,0.688341,-0.084021
1788516009.920439,2.770886,0.208983,0.690934,-0.084867
1788516009.987318,2.775342,0.204275,0.691650,-0.081138
1788516010.054452,2.782225,0.204282,0.693579,-0.079843
1788516010.121437,2.787935,0.206755,0.698877,-0.077369
1788516010.188442,2.794485,0.207118,0.698126,-0.066411
1788516010.259444,2.800601,0.207469,0.698958,-0.055621
1788516010.326756,2.805079,0.207980,0.702413,-0.045308
1788516010.389762,2.812609,0.209288,0.702446,-0.035576
1788516010.456356,2.817570,0.208995,0.704516,-0.022844
1788516010.523219,2.820410,0.206430,0.701085,-0.014976
1788516010.590347,2.823631,0.206141,0.689219,-0.018715
1788516010.657295,2.825745,0.206186,0.677797,-0.028990
1788516010.724351,2.836315,0.208001,0.674786,-0.041099
1788516010.791335,2.848795,0.209257,0.674924,-0.052673
1788516010.858310,2.859413,0.208523,0.674785,-0.060747
1788516010.925226,2.861758,0.202184,0.680071,-0.062412
1788516010.992260,2.861466,0.193029,0.681956,-0.062415
1788516011.059057,2.861355,0.191917,0.679109,-0.071133
1788516011.126204,2.865287,0.194117,0.670495,-0.082129
1788516011.193722,2.873115,0.192024,0.666752,-0.080245
1788516011.260212,2.884457,0.182233,0.661072,-0.070995
1788516011.327197,2.894916,0.170915,0.653810,-0.063967
1788516011.394208,2.901802,0.155637,0.651261,-0.056009
1788516011.461097,2.909565,0.139444,0.646457,-0.048545
1788516011.528090,2.920112,0.119314,0.641498,-0.040974
1788516011.594980,2.929876,0.095202,0.641260,-0.035901
1788516011.662101,2.933462,0.065612,0.641986,-0.030765
1788516011.729096,2.936735,0.034717,0.643231,-0.028909
1788516011.796119,2.943711,0.003932,0.640184,-0.034779
1788516011.863120,2.951153,-0.024610,0.642294,-0.046224
1788516011.930095,2.961592,-0.057222,0.648419,-0.054822
1788516011.997081,2.966549,-0.090261,0.654383,-0.058299
1788516012.063983,2.965680,-0.121737,0.656249,-0.061792
1788516012.130840,2.966750,-0.154049,0.657798,-0.057873
1788516012.197977,2.971127,-0.176073,0.659495,-0.066610
1788516012.264972,2.973847,-0.195990,0.663550,-0.073330
1788516012.332045,2.973818,-0.212810,0.669338,-0.078424
1788516012.398973,2.967989,-0.246356,0.672266,-0.054783
1788516012.465945,2.958195,-0.272522,0.673534,-0.044424
1788516012.532989,2.947062,-0.288000,0.673478,-0.049082
1788516012.599869,2.934975,-0.293741,0.669965,-0.064594
1788516012.666676,2.920998,-0.299102,0.669570,-0.074705
1788516012.733851,2.905102,-0.305931,0.660463,-0.076089
1788516012.800844,2.891035,-0.308873,0.656380,-0.082242
1788516012.867845,2.877005,-0.311792,0.653553,-0.086256
1788516012.934833,2.864101,-0.319451,0.651598,-0.083264
1788516013.001849,2.852864,-0.327341,0.650036,-0.081544
1788516013.068842,2.844643,-0.334002,0.646876,-0.083762
1788516013.135716,2.835164,-0.335997,0.644378,-0.092278
1788516013.202610,2.825733,-0.342051,0.646451,-0.094165
1788516013.269738,2.815300,-0.341859,0.648506,-0.104512
1788516013.336710,2.804130,-0.336179,0.651349,-0.115679
1788516013.404401,2.793471,-0.325737,0.651257,-0.126598
1788516013.470748,2.782485,-0.313288,0.650714,-0.135350
1788516013.537725,2.772588,-0.308246,0.652481,-0.131233
1788516013.604723,2.760416,-0.296572,0.652120,-0.132879
1788516013.671889,2.749724,-0.288138,0.654113,-0.128401
1788516013.738462,2.740655,-0.282991,0.657670,-0.117322
1788516013.805593,2.732319,-0.273637,0.657207,-0.110551
1788516013.872632,2.725869,-0.272218,0.656703,-0.095042
1788516013.939599,2.720295,-0.278213,0.659065,-0.071991
1788516014.006750,2.718806,-0.270205,0.647166,-0.077175
1788516014.073616,2.713072,-0.277868,0.649531,-0.058965
1788516014.140593,2.706486,-0.285647,0.650802,-0.049909
1788516014.207470,2.700704,-0.296376,0.651890,-0.040408
1788516014.274399,2.695339,-0.302161,0.650600,-0.039453
1788516014.341447,2.689148,-0.301394,0.647942,-0.050077
1788516014.408448,2.685752,-0.301605,0.639967,-0.056610
1788516014.475480,2.684894,-0.302405,0.634062,-0.062025
1788516014.542471,2.683511,-0.288441,0.626624,-0.086221
1788516014.609499,2.685913,-0.279001,0.621395,-0.100111
1788516014.676485,2.690903,-0.262556,0.619307,-0.119008
1788516014.743343,2.697099,-0.262479,0.619693,-0.116026
1788516014.810367,2.703954,-0.271223,0.622954,-0.105123
1788516014.877233,2.710613,-0.279487,0.623698,-0.100531
1788516014.944335,2.714917,-0.276911,0.622458,-0.115125
1788516015.011348,2.719704,-0.271263,0.621312,-0.130784
1788516015.078345,2.725085,-0.265703,0.620244,-0.146331
1788516015.145346,2.730892,-0.256796,0.619205,-0.164665
1788516015.212366,2.737404,-0.243866,0.618072,-0.184185
1788516015.279251,2.745889,-0.237082,0.617372,-0.193970
1788516015.346260,2.755063,-0.230768,0.616984,-0.203041
1788516015.413248,2.763264,-0.236427,0.619754,-0.193094
1788516015.480268,2.770176,-0.239452,0.619571,-0.192635
1788516015.547266,2.777504,-0.240790,0.619913,-0.196157
1788516015.614219,2.785095,-0.248922,0.620269,-0.192949
1788516015.681210,2.792649,-0.259485,0.618637,-0.190392
1788516015.748446,2.798754,-0.271435,0.615891,-0.188745
1788516015.815107,2.806130,-0.284382,0.611130,-0.188506
1788516015.882095,2.815123,-0.287825,0.606174,-0.203956
1788516015.948992,2.825388,-0.312782,0.601231,-0.193525
1788516016.016115,2.837151,-0.331474,0.598289,-0.193767
1788516016.083360,2.849454,-0.354126,0.597184,-0.191409
1788516016.150013,2.858306,-0.373325,0.597984,-0.195248
1788516016.217108,2.870342,-0.399376,0.598454,-0.190378
1788516016.284122,2.881217,-0.424375,0.597517,-0.188398
1788516016.351084,2.894572,-0.457909,0.598812,-0.176480
1788516016.417867,2.900718,-0.485559,0.603612,-0.175082
1788516016.484874,2.905168,-0.517214,0.609319,-0.169107
1788516016.551975,2.900460,-0.550048,0.625246,-0.159104
1788516016.618984,2.884237,-0.571982,0.621819,-0.168175
1788516016.685976,2.867547,-0.602920,0.620155,-0.162109
1788516016.753000,2.834855,-0.633821,0.620971,-0.155615
1788516016.819999,2.789126,-0.662614,0.633971,-0.143810
1788516016.886858,2.759275,-0.701090,0.634170,-0.122851
1788516016.953946,2.718579,-0.701681,0.634522,-0.139274
1788516017.020787,2.686262,-0.705975,0.640648,-0.147497
1788516017.087865,2.649278,-0.742444,0.626740,-0.115534
1788516017.154845,2.607935,-0.757100,0.629795,-0.102840
1788516017.221879,2.563847,-0.762965,0.630062,-0.096677
1788516017.288865,2.517404,-0.771358,0.629321,-0.086887
1788516017.355875,2.470063,-0.779386,0.626034,-0.079033
1788516017.426867,2.421826,-0.785701,0.619960,-0.075314
1788516017.489902,2.372675,-0.790091,0.614149,-0.075245
1788516017.556650,2.324708,-0.790553,0.608141,-0.078265
1788516017.623770,2.278528,-0.793104,0.602897,-0.080514
1788516017.690896,2.233409,-0.800290,0.598651,-0.083379
1788516017.757755,2.188299,-0.806030,0.600150,-0.088675
1788516017.824847,2.140343,-0.791610,0.602207,-0.103032
1788516017.891671,2.096122,-0.768345,0.594197,-0.111770
1788516017.958615,2.054290,-0.729012,0.580449,-0.123311
1788516018.025629,2.014576,-0.699997,0.572824,-0.123121
1788516018.092530,1.972260,-0.683961,0.572715,-0.112396
1788516018.159615,1.927793,-0.683858,0.571038,-0.100270
1788516018.226604,1.897184,-0.736462,0.545950,-0.076727
1788516018.293620,1.840051,-0.751411,0.549037,-0.088165
1788516018.360675,1.790588,-0.758894,0.550479,-0.109798
1788516018.427633,1.762404,-0.740219,0.520725,-0.143349
1788516018.494626,1.739891,-0.707439,0.501851,-0.167710
1788516018.561495,1.737888,-0.696254,0.483785,-0.168782
1788516018.628424,1.721518,-0.672543,0.481975,-0.165273
1788516018.696448,1.705657,-0.653095,0.473279,-0.150927
1788516018.762491,1.685830,-0.618460,0.468466,-0.137841
1788516018.829515,1.665633,-0.596986,0.466160,-0.112592
1788516018.896480,1.651419,-0.574536,0.463474,-0.089798
1788516018.963537,1.650052,-0.558277,0.462418,-0.070011
1788516019.030483,1.644910,-0.540428,0.462080,-0.054263
1788516019.097450,1.643909,-0.525482,0.462500,-0.044346
1788516019.164258,1.643493,-0.514025,0.461714,-0.038993
1788516019.231386,1.644290,-0.505740,0.455571,-0.037523
1788516019.298439,1.649789,-0.498226,0.450578,-0.041678
1788516019.365457,1.655344,-0.497140,0.456141,-0.047197
1788516019.432400,1.669430,-0.493330,0.456479,-0.055780
1788516019.499367,1.673037,-0.491949,0.458336,-0.063039
1788516019.566391,1.668843,-0.494100,0.464722,-0.064051
1788516019.633301,1.656992,-0.509627,0.465910,-0.056186
1788516019.700121,1.644148,-0.514068,0.476919,-0.052264
1788516019.767262,1.636758,-0.512666,0.486602,-0.049156
1788516019.834268,1.633246,-0.509651,0.490393,-0.042065
1788516019.901261,1.624007,-0.509612,0.489427,-0.029507
1788516019.968348,1.612201,-0.503621,0.488274,-0.018582
1788516020.035443,1.602331,-0.489617,0.489277,-0.008866
1788516020.102303,1.602565,-0.470093,0.496013,-0.000350
1788516020.169125,1.600209,-0.455460,0.508717,0.011444
1788516020.236013,1.600221,-0.439712,0.520723,0.022643
1788516020.303148,1.595110,-0.419135,0.524914,0.031471
1788516020.370135,1.589426,-0.397524,0.527570,0.040549
1788516020.437155,1.584700,-0.375892,0.530358,0.048886
1788516020.504164,1.583213,-0.359324,0.532989,0.057849
1788516020.571150,1.584380,-0.343846,0.533249,0.066186
1788516020.638134,1.577724,-0.319799,0.540239,0.068489
1788516020.705163,1.564821,-0.295383,0.546926,0.071256
1788516020.771888,1.560653,-0.281703,0.546939,0.079089
1788516020.839031,1.554260,-0.268931,0.550850,0.086118
1788516020.906016,1.550299,-0.258388,0.550587,0.091173
1788516020.973022,1.547764,-0.267206,0.532458,0.098714
1788516021.040020,1.547742,-0.272072,0.522449,0.099707
1788516021.107029,1.543490,-0.294782,0.539339,0.102135
1788516021.174017,1.541948,-0.295405,0.534437,0.091291
1788516021.240901,1.541712,-0.305439,0.535480,0.081497
1788516021.307909,1.547960,-0.305949,0.529910,0.065667
1788516021.374924,1.542946,-0.303678,0.528721,0.046385
1788516021.441884,1.541886,-0.305923,0.529774,0.034458
1788516021.508913,1.541502,-0.313031,0.533392,0.025915
1788516021.575891,1.541684,-0.318399,0.541130,0.018937
1788516021.642883,1.542314,-0.320645,0.547759,0.012747
1788516021.710154,1.550692,-0.317207,0.526693,0.002574
1788516021.778301,1.553303,-0.306353,0.513714,-0.006898
1788516021.843771,1.553910,-0.299856,0.515146,-0.011945
1788516021.910990,1.553665,-0.291922,0.517935,-0.016813
1788516021.978779,1.548491,-0.281363,0.524684,-0.021800
1788516022.044775,1.539562,-0.272846,0.534700,-0.024812
1788516022.111785,1.526531,-0.264437,0.545269,-0.025523
1788516022.179565,1.514988,-0.263167,0.546164,-0.022720
1788516022.245863,1.495862,-0.258228,0.548716,-0.024615
1788516022.312652,1.472376,-0.241337,0.540193,-0.032622
1788516022.379658,1.443836,-0.230921,0.525632,-0.037433
1788516022.446523,1.415465,-0.220575,0.519288,-0.041671
1788516022.513659,1.386118,-0.209849,0.506737,-0.046139
1788516022.580719,1.358319,-0.199414,0.502361,-0.050534
1788516022.647629,1.331945,-0.191657,0.500437,-0.054385
1788516022.714628,1.305214,-0.186469,0.499731,-0.057762
1788516022.781961,1.279465,-0.176788,0.501355,-0.062859
1788516022.848459,1.256608,-0.169685,0.496702,-0.065764
1788516022.915533,1.233258,-0.160683,0.494571,-0.068260
1788516022.982520,1.212953,-0.151616,0.491872,-0.070624
1788516023.049524,1.195835,-0.144691,0.486633,-0.072945
1788516023.116544,1.181133,-0.141671,0.481141,-0.075097
1788516023.183525,1.169217,-0.137536,0.479603,-0.077296
1788516023.250526,1.160720,-0.131957,0.480909,-0.078988
1788516023.317527,1.153319,-0.124908,0.481087,-0.079353
1788516023.384453,1.145364,-0.116079,0.479984,-0.078452
1788516023.451415,1.142441,-0.110835,0.482161,-0.074883
1788516023.518277,1.140873,-0.106509,0.482585,-0.070525
1788516023.585400,1.140596,-0.104054,0.482553,-0.065078
1788516023.652466,1.140809,-0.103338,0.484132,-0.059667
1788516023.719373,1.141227,-0.103027,0.486218,-0.054808
1788516023.786423,1.141730,-0.102928,0.487441,-0.051293
1788516023.853440,1.142782,-0.103054,0.487633,-0.048386
1788516023.920273,1.143113,-0.103734,0.487328,-0.045790
1788516023.987293,1.142664,-0.106164,0.483519,-0.043633
1788516024.054250,1.140555,-0.110193,0.469156,-0.044257
1788516024.121334,1.139270,-0.116853,0.468457,-0.044573
1788516024.188334,1.138951,-0.124916,0.473260,-0.046031
1788516024.255286,1.136817,-0.135187,0.473936,-0.047179
1788516024.322285,1.133821,-0.143696,0.474576,-0.050305
1788516024.389297,1.133482,-0.153986,0.478920,-0.053256
1788516024.456291,1.133311,-0.163047,0.480741,-0.057032
1788516024.523168,1.133213,-0.175528,0.483475,-0.058124
1788516024.590043,1.133146,-0.179365,0.486518,-0.060126
1788516024.657223,1.133235,-0.187258,0.487010,-0.058400
1788516024.724203,1.133526,-0.197520,0.487484,-0.055861
1788516024.791183,1.132327,-0.205208,0.485744,-0.054919
1788516024.858164,1.128539,-0.217561,0.470007,-0.053080
1788516024.925204,1.124857,-0.221939,0.466447,-0.055112
1788516024.992223,1.122153,-0.236462,0.460188,-0.052666
1788516025.059022,1.118105,-0.249294,0.456364,-0.050668
1788516025.126285,1.116344,-0.261956,0.456837,-0.047476
1788516025.193068,1.115201,-0.271473,0.456482,-0.044305
1788516025.260044,1.114176,-0.282489,0.457457,-0.038865
1788516025.327137,1.113602,-0.293043,0.458230,-0.032428
1788516025.394056,1.113650,-0.302925,0.462876,-0.025192
1788516025.461050,1.115380,-0.314294,0.473192,-0.017943
1788516025.528558,1.117780,-0.327184,0.482193,-0.011170
1788516025.594901,1.119266,-0.339330,0.490784,-0.005961
1788516025.661838,1.121602,-0.351691,0.498537,-0.001710
1788516025.729324,1.123795,-0.363240,0.505129,-0.000020
1788516025.795922,1.122398,-0.377310,0.498406,0.000731
1788516025.862938,1.113626,-0.395208,0.476747,0.002034
1788516025.929971,1.085452,-0.397903,0.462465,-0.003123
1788516025.996931,1.061102,-0.399076,0.456151,-0.007148
1788516026.064171,1.039528,-0.403066,0.451978,-0.009175
1788516026.131020,1.014099,-0.411879,0.446944,-0.009883
1788516026.197688,0.990322,-0.422484,0.441630,-0.009585
1788516026.264817,0.970153,-0.435257,0.442364,-0.009405
1788516026.331814,0.949422,-0.446536,0.448650,-0.010067
1788516026.398789,0.927269,-0.455716,0.451762,-0.011286
1788516026.465810,0.903256,-0.457584,0.460119,-0.013859
1788516026.532831,0.880585,-0.459293,0.460367,-0.014658
1788516026.599798,0.864398,-0.470187,0.461051,-0.009948
1788516026.666687,0.852989,-0.487768,0.469243,-0.000572
1788516026.733704,0.838379,-0.497969,0.481125,0.007499
1788516026.800720,0.823378,-0.504332,0.494191,0.014671
1788516026.868381,0.808886,-0.514947,0.504044,0.023186
1788516026.934757,0.792431,-0.526181,0.507018,0.030461
1788516027.001715,0.779294,-0.547773,0.520067,0.040687
1788516027.068686,0.750814,-0.552638,0.521587,0.044396
1788516027.135699,0.706862,-0.544877,0.511980,0.039801
1788516027.202562,0.670832,-0.550412,0.514009,0.039285
1788516027.269552,0.603538,-0.524889,0.501230,0.022658
1788516027.336493,0.532416,-0.501745,0.484527,0.006140
1788516027.403527,0.476158,-0.500822,0.478428,-0.004303
1788516027.470694,0.413041,-0.498613,0.467520,-0.017821
1788516027.537560,0.352974,-0.503436,0.457417,-0.029135
1788516027.604582,0.334027,-0.583467,0.462014,-0.019739
1788516027.671566,0.326631,-0.670358,0.501098,-0.003780
1788516027.738430,0.255510,-0.669183,0.531340,-0.005489
1788516027.805452,0.150016,-0.606594,0.524934,-0.022729
1788516027.872335,0.039452,-0.546028,0.495324,-0.036254
1788516027.939441,-0.046283,-0.489170,0.476320,-0.051499
1788516028.006423,-0.120751,-0.434425,0.469232,-0.060231
1788516028.073472,-0.193763,-0.375454,0.464274,-0.060885
1788516028.140472,-0.283076,-0.289431,0.385797,-0.063240
1788516028.207449,-0.359232,-0.235802,0.338777,-0.055051
1788516028.274343,-0.418015,-0.179327,0.326171,-0.043628
1788516028.341351,-0.474540,-0.127341,0.314826,-0.023794
1788516028.408390,-0.526033,-0.082519,0.295535,-0.001989
1788516028.475397,-0.525541,-0.052672,0.308496,0.012187
1788516028.542334,-0.501116,-0.029857,0.327376,0.017452
1788516028.609442,-0.449347,-0.011618,0.341406,0.006720
1788516028.676332,-0.400356,0.011569,0.341697,-0.004114
1788516028.743395,-0.326673,0.029225,0.363050,-0.002962
1788516028.810201,-0.226609,0.038670,0.405753,0.005215
1788516028.877188,-0.112184,0.046138,0.443933,0.013729
1788516028.944112,0.018661,0.067443,0.545864,0.020421
1788516029.011195,0.149876,0.090477,0.659400,0.032160
1788516029.078175,0.272500,0.108175,0.716172,0.046414
1788516029.145220,0.385421,0.114746,0.748888,0.052654
1788516029.213057,0.521324,0.171315,0.592253,0.026660
1788516029.279244,0.582957,0.148173,0.613004,0.017678
1788516029.346076,0.630497,0.139637,0.669752,0.000494
1788516029.413099,0.671040,0.136044,0.723080,-0.016107
1788516029.479979,0.761873,0.110700,0.820005,-0.020669
1788516029.547089,0.826835,0.101312,0.903659,-0.021113
1788516029.614082,0.854864,0.108811,0.989663,-0.019259
1788516029.681118,0.874374,0.104475,1.068956,-0.008318
1788516029.748097,0.889746,0.090824,1.143722,0.005010
1788516029.815080,0.900235,0.085235,1.215510,0.017780
1788516029.881982,0.909939,0.084010,1.285709,0.031114
1788516029.949050,0.915353,0.079175,1.356691,0.046782
1788516030.015851,0.917154,0.065257,1.424732,0.064579
1788516030.082974,0.914184,0.036356,1.487464,0.083867
1788516030.149969,0.911175,0.017545,1.540077,0.095188
1788516030.216974,0.896577,0.016701,1.576628,0.094795
1788516030.283983,0.889503,-0.002687,1.614198,0.096949
1788516030.350970,0.878876,-0.025103,1.645293,0.095362
1788516030.417844,0.842989,-0.007472,1.648073,0.074487
1788516030.484848,0.826426,-0.028365,1.668106,0.064955
1788516030.551978,0.812629,-0.042048,1.685199,0.049366
1788516030.618833,0.805128,-0.057802,1.691739,0.033583
1788516030.685848,0.795966,-0.069970,1.705367,0.017763
1788516030.752842,0.795903,-0.086069,1.716454,0.007032
1788516030.819842,0.805056,-0.110399,1.725479,0.001523
1788516030.886853,0.823452,-0.140095,1.764020,0.001057
1788516030.953885,0.827103,-0.138293,1.769860,-0.005157
1788516031.020741,0.831213,-0.127485,1.771955,-0.007544
1788516031.087629,0.840447,-0.115549,1.770765,-0.006217
1788516031.154737,0.836467,-0.083824,1.779262,-0.006970
1788516031.221756,0.844958,-0.074932,1.782132,0.002520
1788516031.288754,0.855961,-0.066712,1.785285,0.014553
1788516031.355772,0.876079,-0.060061,1.786609,0.029839
1788516031.422694,0.912533,-0.066550,1.788483,0.052513
1788516031.489705,0.939410,-0.069130,1.794445,0.072299
1788516031.556616,0.965759,-0.068669,1.803598,0.089750
1788516031.623528,0.992274,-0.066269,1.812434,0.104230
1788516031.690567,1.018287,-0.064883,1.822063,0.117572
1788516031.757610,1.042577,-0.059968,1.835043,0.127155
1788516031.824915,1.058675,-0.058146,1.851578,0.136141
1788516031.891617,1.086309,-0.058574,1.843087,0.142905
1788516031.958604,1.099670,-0.072840,1.844860,0.149008
1788516032.025631,1.110091,-0.090429,1.850292,0.150986
1788516032.092484,1.114832,-0.101076,1.855666,0.147141
1788516032.159365,1.115561,-0.116524,1.857148,0.142560
1788516032.226501,1.115059,-0.129312,1.858148,0.135053
1788516032.295016,1.111857,-0.141217,1.858873,0.126573
1788516032.360512,1.104255,-0.143148,1.860968,0.115909
1788516032.427908,1.099889,-0.152250,1.861223,0.109515
1788516032.494483,1.093366,-0.165776,1.862921,0.104287
1788516032.561490,1.087311,-0.179602,1.863658,0.098313
1788516032.628362,1.082853,-0.192170,1.862385,0.091138
1788516032.695246,1.081574,-0.202384,1.855575,0.083879
1788516032.762427,1.077698,-0.205722,1.850943,0.076401
1788516032.830122,1.076853,-0.211460,1.842191,0.073506
1788516032.896573,1.076889,-0.212916,1.825207,0.072967
1788516032.963491,1.077439,-0.213595,1.808547,0.073944
1788516033.030396,1.077630,-0.213289,1.788469,0.075939
1788516033.097528,1.079360,-0.214547,1.764981,0.079684
1788516033.164222,1.062274,-0.170807,1.726455,0.065271
1788516033.231256,1.060517,-0.169901,1.697975,0.066692
1788516033.298126,1.060213,-0.170298,1.665612,0.067751
1788516033.365256,1.063622,-0.171757,1.633086,0.071062
1788516033.432262,1.063909,-0.168641,1.602636,0.073194
1788516033.499331,1.066131,-0.164508,1.568344,0.077324
1788516033.566180,1.068973,-0.150720,1.531385,0.081261
1788516033.633259,1.069276,-0.128726,1.493920,0.085342
1788516033.700130,1.071885,-0.115347,1.461643,0.093975
1788516033.767123,1.073297,-0.108816,1.428189,0.104069
1788516033.834044,1.079553,-0.109218,1.395066,0.113565
1788516033.901165,1.080500,-0.114783,1.371128,0.118250
1788516033.968103,1.078869,-0.125347,1.334716,0.115730
1788516034.035130,1.083542,-0.128658,1.301899,0.106633
1788516034.102128,1.090148,-0.126769,1.266436,0.093129
1788516034.169157,1.099930,-0.127751,1.233087,0.080409
1788516034.236007,1.116822,-0.129143,1.198359,0.066311
1788516034.303010,1.136193,-0.135510,1.181242,0.056270
1788516034.369887,1.149628,-0.133933,1.153259,0.043279
1788516034.437001,1.159306,-0.124159,1.119148,0.030813
1788516034.503998,1.159489,-0.099598,1.088101,0.018244
1788516034.571011,1.164137,-0.082069,1.061592,0.013270
1788516034.638034,1.166177,-0.064280,1.027986,0.012692
1788516034.705008,1.170817,-0.051843,0.990606,0.018219
1788516034.771892,1.170203,-0.044296,0.962038,0.030414
1788516034.838879,1.169513,-0.036093,0.927701,0.045142
1788516034.905792,1.169252,-0.031832,0.895610,0.062707
1788516034.972872,1.172159,-0.031533,0.855968,0.079272
1788516035.039889,1.182621,-0.029093,0.833329,0.091343
1788516035.106900,1.187437,-0.023036,0.803715,0.098341
1788516035.173911,1.191780,-0.031659,0.776181,0.106685
1788516035.240891,1.187701,-0.047927,0.742518,0.110146
1788516035.307769,1.184031,-0.052022,0.712429,0.101748
1788516035.374780,1.183616,-0.074492,0.685964,0.092533
1788516035.441658,1.182727,-0.083540,0.655821,0.073522
1788516035.508776,1.175464,-0.073923,0.627074,0.044883
1788516035.575761,1.163353,-0.070918,0.584247,0.017504
1788516035.642842,1.158310,-0.076454,0.542329,-0.003698
1788516035.709774,1.154338,-0.078779,0.500319,-0.023667
1788516035.776810,1.151000,-0.080999,0.461169,-0.039906
1788516035.843664,1.148684,-0.099712,0.428157,-0.046338
1788516035.910676,1.149829,-0.103859,0.394954,-0.053645
1788516035.977581,1.153955,-0.104097,0.363153,-0.058586
1788516036.044727,1.161067,-0.102843,0.338734,-0.058724
1788516036.111573,1.171586,-0.100792,0.313333,-0.054715
1788516036.178648,1.186729,-0.096886,0.295096,-0.047772
1788516036.245663,1.205507,-0.092376,0.266409,-0.037935
1788516036.312675,1.225886,-0.085440,0.241210,-0.026364
1788516036.379532,1.246606,-0.076055,0.215284,-0.012205
1788516036.446516,1.267837,-0.067455,0.188341,0.005378
1788516036.513420,1.289388,-0.057265,0.171054,0.025672
1788516036.581330,1.310963,-0.048622,0.154153,0.049090
1788516036.647538,1.331909,-0.043609,0.139112,0.073176
1788516036.714526,1.354981,-0.039790,0.134120,0.097630
1788516036.781528,1.378539,-0.039111,0.130070,0.123546
1788516036.848537,1.403029,-0.040566,0.129371,0.149678
1788516036.915509,1.414145,-0.041010,0.128402,0.172453
1788516036.982425,1.422781,-0.043750,0.125095,0.193612
1788516037.049285,1.424526,-0.044677,0.124085,0.210364
1788516037.116420,1.423386,-0.047259,0.123306,0.225402
1788516037.183640,1.412862,-0.047934,0.121817,0.235166
1788516037.250405,1.407487,-0.048142,0.122235,0.240704
1788516037.317420,1.390391,-0.045526,0.121720,0.242038
1788516037.384429,1.376412,-0.046166,0.117640,0.243239
1788516037.451400,1.362395,-0.046354,0.114734,0.241300
1788516037.518289,1.344630,-0.046658,0.106472,0.236362
1788516037.585365,1.328639,-0.047246,0.103016,0.229278
1788516037.652682,1.308992,-0.045847,0.091676,0.219668
1788516037.719300,1.289972,-0.043282,0.078350,0.211076
1788516037.786367,1.273232,-0.042371,0.067032,0.204552
1788516037.853283,1.256240,-0.040209,0.055299,0.198880
1788516037.920304,1.239581,-0.035117,0.043705,0.192709
1788516037.987283,1.225669,-0.027084,0.036246,0.189253
1788516038.054173,1.212208,-0.005764,0.028624,0.184031
1788516038.121048,1.204817,0.003540,0.020902,0.184843
1788516038.188147,1.201521,0.012672,0.017951,0.185598
1788516038.255163,1.200399,0.023032,0.015710,0.185608
1788516038.322196,1.201227,0.031555,0.015260,0.187207
1788516038.389148,1.204901,0.040331,0.016115,0.190948
1788516038.456206,1.209934,0.050156,0.017815,0.196921
1788516038.523166,1.217071,0.061374,0.018135,0.204044
1788516038.590353,1.223654,0.074675,0.022418,0.209514
1788516038.657056,1.231214,0.087492,0.028284,0.213417
1788516038.724087,1.239641,0.091467,0.028194,0.219636
1788516038.791028,1.248263,0.095685,0.026821,0.223415
1788516038.858067,1.252998,0.099398,0.026303,0.224047
1788516038.925060,1.257607,0.099787,0.026520,0.224015
1788516038.992047,1.261456,0.100181,0.026323,0.221744
1788516039.059067,1.266821,0.101742,0.026732,0.219490
1788516039.125957,1.271883,0.102963,0.027195,0.215461
1788516039.193434,1.277328,0.102913,0.028563,0.212173
1788516039.259993,1.279796,0.097326,0.027875,0.208446
1788516039.326947,1.284411,0.087425,0.020765,0.201888
1788516039.393955,1.289154,0.082990,0.019373,0.193213
1788516039.460917,1.293537,0.081416,0.019200,0.184709
1788516039.528094,1.299174,0.079945,0.019604,0.178664
1788516039.594944,1.305413,0.077823,0.018302,0.174295
1788516039.661822,1.311069,0.076240,0.017487,0.170935
1788516039.728801,1.316696,0.076955,0.017406,0.167572
1788516039.795686,1.323725,0.077608,0.021171,0.169041
1788516039.863317,1.332967,0.077733,0.021927,0.173929
1788516039.930157,1.341463,0.076604,0.020316,0.177189
1788516039.996552,1.348065,0.074848,0.019713,0.180979
1788516040.065165,1.354493,0.072554,0.020123,0.183387
1788516040.131063,1.361701,0.071145,0.021093,0.185708
1788516040.197952,1.368018,0.067100,0.024334,0.187814
1788516040.266858,1.376216,0.064523,0.026839,0.189040
1788516040.331912,1.382080,0.059583,0.027008,0.188738
1788516040.398674,1.382120,0.055259,0.024939,0.183395
1788516040.465703,1.389893,0.050809,0.025419,0.177764
1788516040.532723,1.389613,0.049603,0.025324,0.170908
1788516040.599726,1.394567,0.048776,0.028109,0.165090
1788516040.666673,1.397435,0.046639,0.028084,0.161398
1788516040.733593,1.408920,0.030021,0.023479,0.164668
1788516040.800577,1.410397,0.024062,0.023395,0.163687
1788516040.867435,1.413067,0.016966,0.026246,0.164759
1788516040.935153,1.417055,0.010582,0.027616,0.165630
1788516041.001595,1.419656,0.005944,0.031407,0.163917
1788516041.068618,1.423354,-0.003139,0.032527,0.161300
1788516041.135593,1.429519,-0.014069,0.033408,0.157608
1788516041.202575,1.432907,-0.020332,0.032518,0.153293
1788516041.269471,1.428668,-0.019623,0.028398,0.145641
1788516041.336468,1.432616,-0.027418,0.031983,0.147693
1788516041.403316,1.434337,-0.032957,0.030525,0.149373
1788516041.470458,1.440124,-0.047003,0.027777,0.155177
1788516041.537462,1.446009,-0.055375,0.028064,0.160143
1788516041.604451,1.446463,-0.058814,0.029680,0.165499
1788516041.671490,1.448392,-0.062949,0.032938,0.171295
1788516041.738441,1.454093,-0.069309,0.036058,0.176309
1788516041.805345,1.461806,-0.078137,0.038073,0.180493
1788516041.872394,1.464742,-0.082852,0.040021,0.180864
1788516041.939204,1.468845,-0.088909,0.042386,0.182258
1788516042.006376,1.476917,-0.095861,0.045603,0.183751
1788516042.073362,1.479876,-0.102903,0.048659,0.184029
1788516042.140348,1.482649,-0.107115,0.049488,0.181770
1788516042.207340,1.490765,-0.118327,0.050239,0.180385
1788516042.274343,1.496534,-0.125544,0.058097,0.177279
1788516042.341347,1.497648,-0.126543,0.062697,0.173456
1788516042.408209,1.500163,-0.129195,0.070352,0.171598
1788516042.475073,1.505613,-0.133028,0.081899,0.172738
1788516042.542211,1.512549,-0.138215,0.089361,0.175058
1788516042.609328,1.516933,-0.143384,0.102107,0.179063
1788516042.676206,1.520472,-0.149055,0.113684,0.184239
1788516042.743227,1.517386,-0.152613,0.124426,0.188674
1788516042.810601,1.514743,-0.158511,0.139438,0.193836
1788516042.878779,1.510471,-0.166586,0.151529,0.196618
1788516042.944624,1.507315,-0.175410,0.159288,0.197364
1788516043.010951,1.496732,-0.184174,0.171549,0.197517
1788516043.078157,1.485653,-0.194219,0.185342,0.197984
1788516043.145061,1.483574,-0.205882,0.202303,0.199266
1788516043.212128,1.476949,-0.218025,0.217258,0.200292
1788516043.279056,1.468444,-0.228033,0.233714,0.199119
1788516043.346112,1.457533,-0.234503,0.252413,0.197062
1788516043.413100,1.450082,-0.239924,0.276704,0.195529
1788516043.479970,1.446014,-0.245530,0.295372,0.195082
1788516043.546866,1.443523,-0.249753,0.319450,0.195088
1788516043.613981,1.439974,-0.253024,0.327298,0.194700
1788516043.680959,1.434271,-0.252757,0.346418,0.193723
1788516043.747996,1.429129,-0.253822,0.353151,0.194699
1788516043.814970,1.421453,-0.253714,0.366765,0.193498
1788516043.882004,1.419068,-0.254679,0.373359,0.194247
1788516043.948982,1.418996,-0.256922,0.377630,0.195523
1788516044.015850,1.418545,-0.257988,0.389483,0.197063
1788516044.082731,1.414503,-0.258035,0.397063,0.197669
1788516044.149844,1.414630,-0.257526,0.405308,0.199772
1788516044.216841,1.408559,-0.254326,0.412085,0.201664
1788516044.284135,1.407495,-0.253131,0.418714,0.204936
1788516044.351005,1.404621,-0.252584,0.417851,0.207389
1788516044.417861,1.394747,-0.250315,0.421486,0.207429
1788516044.484839,1.395726,-0.249649,0.436339,0.208210
1788516044.551727,1.395703,-0.249765,0.441135,0.208566
1788516044.618748,1.394456,-0.249828,0.452371,0.208056
1788516044.685821,1.395066,-0.250062,0.470732,0.207907
1788516044.752943,1.384530,-0.246970,0.487218,0.204584
1788516044.819748,1.384229,-0.243286,0.510417,0.202157
1788516044.886765,1.386190,-0.241506,0.532821,0.202351
1788516044.953743,1.391629,-0.240576,0.559105,0.204375
1788516045.020745,1.397452,-0.239926,0.589376,0.206490
1788516045.087622,1.405515,-0.238219,0.614087,0.207372
1788516045.154618,1.407295,-0.230548,0.630645,0.207150
1788516045.221512,1.411937,-0.223471,0.656009,0.208794
1788516045.288630,1.419398,-0.216019,0.678857,0.210526
1788516045.355609,1.424181,-0.206645,0.692642,0.211261
1788516045.422620,1.427387,-0.192443,0.704993,0.210575
1788516045.489625,1.431226,-0.179705,0.710801,0.211398
1788516045.556657,1.438579,-0.171681,0.727827,0.215484
1788516045.623461,1.452597,-0.165299,0.746509,0.221729
1788516045.690516,1.461815,-0.150808,0.757037,0.225193
1788516045.757388,1.469583,-0.138268,0.763105,0.229069
1788516045.824533,1.479474,-0.128063,0.780453,0.234549
1788516045.891448,1.475888,-0.105711,0.770217,0.234877
1788516045.958501,1.470199,-0.087194,0.764499,0.236446
1788516046.025526,1.467655,-0.072708,0.759790,0.238884
1788516046.092480,1.478593,-0.076612,0.758507,0.248083
1788516046.159374,1.499752,-0.076544,0.761103,0.252731
1788516046.226350,1.509292,-0.066904,0.761731,0.250414
1788516046.293406,1.511945,-0.055789,0.760734,0.245520
1788516046.360368,1.520708,-0.045260,0.759480,0.239347
1788516046.427334,1.522640,-0.037196,0.759345,0.231695
1788516046.494324,1.521776,-0.021581,0.752581,0.219160
1788516046.561321,1.523774,-0.012438,0.751684,0.208664
1788516046.628341,1.513121,0.013553,0.743201,0.191762
1788516046.695167,1.497788,0.033340,0.724942,0.178844
1788516046.762190,1.496287,0.046449,0.709632,0.170711
1788516046.829080,1.511876,0.037975,0.710346,0.173513
1788516046.896161,1.518336,0.038192,0.716825,0.171798
1788516046.964579,1.531117,0.040689,0.726844,0.173484
1788516047.030150,1.542784,0.047912,0.739887,0.177181
1788516047.097210,1.558475,0.050516,0.757545,0.185326
1788516047.164239,1.570718,0.078023,0.768267,0.184325
1788516047.231015,1.586647,0.105285,0.787145,0.184855
1788516047.298058,1.599549,0.143411,0.797559,0.181792
1788516047.364944,1.605457,0.191040,0.794898,0.175217
1788516047.432106,1.613326,0.223230,0.794416,0.176057
1788516047.498996,1.621071,0.264917,0.792543,0.173400
1788516047.565982,1.631840,0.296629,0.792774,0.175749
1788516047.634543,1.634252,0.327587,0.798764,0.181472
1788516047.700011,1.627644,0.385308,0.796046,0.177520
1788516047.766948,1.627081,0.406153,0.794349,0.188552
1788516047.833899,1.627039,0.436813,0.791637,0.194285
1788516047.900702,1.627034,0.451280,0.788607,0.204169
1788516047.967860,1.627789,0.473051,0.788954,0.208619
1788516048.034822,1.655305,0.472535,0.786812,0.223638
1788516048.101808,1.657622,0.470722,0.790765,0.234277
1788516048.168814,1.654223,0.468631,0.784566,0.244109
1788516048.235821,1.644538,0.453682,0.779515,0.256041
1788516048.302819,1.642988,0.454461,0.773103,0.258454
1788516048.369666,1.641493,0.469149,0.767791,0.254570
1788516048.436743,1.640778,0.479385,0.764866,0.252935
1788516048.503666,1.640273,0.494129,0.754490,0.248911
1788516048.570689,1.642525,0.495097,0.746600,0.250750
1788516048.637661,1.648946,0.501423,0.738509,0.249413
1788516048.704678,1.655790,0.509587,0.734929,0.246740
1788516048.771658,1.664887,0.532184,0.732935,0.237021
1788516048.838645,1.690670,0.533278,0.739168,0.236987
1788516048.905499,1.722011,0.527671,0.730874,0.236228
1788516048.972435,1.751608,0.523136,0.727903,0.230754
1788516049.039568,1.798120,0.524554,0.731977,0.220924
1788516049.106534,1.844803,0.528139,0.742176,0.210505
1788516049.173595,1.897400,0.528691,0.755679,0.204375
1788516049.240495,1.945002,0.532741,0.761115,0.197764
1788516049.307481,1.986700,0.533307,0.765864,0.195281
1788516049.374494,2.025923,0.545922,0.771832,0.191571
1788516049.441365,2.073884,0.557699,0.780329,0.194770
1788516049.508256,1.992333,0.609167,0.790773,0.164848
1788516049.575351,2.169831,0.605800,0.828612,0.205752
1788516049.642343,2.216170,0.615984,0.837841,0.214695
1788516049.709331,2.258542,0.633524,0.843589,0.222145
1788516049.776572,2.298554,0.653943,0.849014,0.227456
1788516049.843292,2.336696,0.677224,0.852813,0.229486
1788516049.910346,2.372032,0.693948,0.857477,0.232286
1788516049.977189,2.405135,0.709010,0.861977,0.234345
1788516050.044215,2.433826,0.724182,0.866591,0.235257
1788516050.111066,2.456240,0.751120,0.871925,0.229443
1788516050.178189,2.475457,0.776651,0.872541,0.224239
1788516050.245203,2.492055,0.799624,0.871721,0.221565
1788516050.312179,2.502296,0.838599,0.870330,0.210026
1788516050.379196,2.510237,0.864216,0.868163,0.207379
1788516050.446167,2.514695,0.896059,0.865710,0.202946
1788516050.513025,2.517089,0.925516,0.863638,0.202743
1788516050.580007,2.517997,0.955028,0.861875,0.204604
1788516050.646908,2.518103,0.988608,0.860820,0.205250
1788516050.714000,2.518639,1.022054,0.861040,0.205433
1788516050.781038,2.519092,1.055154,0.864142,0.204311
1788516050.848035,2.519359,1.080960,0.866754,0.204135
1788516050.915065,2.519334,1.104254,0.868328,0.201713
1788516050.981982,2.517316,1.115809,0.867753,0.202263
1788516051.048893,2.515552,1.123806,0.866920,0.203132
1788516051.115851,2.515569,1.118544,0.865192,0.210319
1788516051.182727,2.523387,1.107630,0.862539,0.214499
1788516051.249849,2.528232,1.098549,0.863589,0.213683
1788516051.316849,2.537357,1.090949,0.862692,0.210231
1788516051.383862,2.538506,1.090084,0.864098,0.202052
1788516051.450838,2.541982,1.089249,0.864819,0.194270
1788516051.517838,2.546409,1.091137,0.865435,0.183352
1788516051.584693,2.552269,1.104890,0.865103,0.167522
1788516051.651706,2.547809,1.106395,0.870230,0.162831
1788516051.718548,2.551513,1.097945,0.865353,0.167333
1788516051.785691,2.552808,1.076940,0.859752,0.180527
1788516051.852684,2.553281,1.065476,0.857880,0.188077
1788516051.919698,2.551906,1.046132,0.854215,0.202595
1788516051.986663,2.550923,1.036434,0.853432,0.211664
1788516052.053807,2.549233,1.020198,0.852478,0.225282
1788516052.120538,2.548005,1.005525,0.854414,0.238064
1788516052.187540,2.547213,1.001926,0.855712,0.243055
1788516052.254405,2.546223,1.004974,0.855925,0.241399
1788516052.321558,2.542130,1.004566,0.856334,0.246306
1788516052.388506,2.535972,0.998271,0.853051,0.255455
1788516052.455523,2.528443,0.996303,0.849601,0.260959
1788516052.522512,2.520016,0.992266,0.847082,0.267287
1788516052.589518,2.514919,1.007921,0.845557,0.260219
1788516052.656383,2.506710,1.015389,0.844717,0.261332
1788516052.723398,2.496665,1.016823,0.842490,0.265749
1788516052.790245,2.484959,1.015698,0.840339,0.272385
1788516052.857413,2.471797,1.013402,0.839025,0.276240
1788516052.924335,2.459140,1.013063,0.835348,0.274628
1788516052.991372,2.448399,1.013442,0.832441,0.270790
1788516053.058343,2.439961,1.018741,0.828634,0.264425
1788516053.125367,2.432478,1.021758,0.827704,0.258870
1788516053.192337,2.421223,1.021201,0.826623,0.253624
1788516053.259223,2.421461,1.024505,0.826382,0.241151
1788516053.326128,2.424046,1.040503,0.828105,0.221033
1788516053.394314,2.417004,1.045968,0.828668,0.208862
1788516053.460196,2.414495,1.040312,0.829477,0.207919
1788516053.527218,2.412083,1.031592,0.830658,0.207902
1788516053.594340,2.407996,1.032100,0.831744,0.200617
1788516053.661074,2.412696,1.037544,0.830092,0.193488
1788516053.728173,2.415292,1.041735,0.829140,0.187855
1788516053.795038,2.418399,1.044241,0.828501,0.185050
1788516053.862260,2.416105,1.044833,0.830981,0.184194
1788516053.929052,2.402275,1.044915,0.832421,0.185153
1788516053.996074,2.405785,1.044400,0.832264,0.186545
1788516054.063186,2.425558,1.050784,0.830513,0.182709
1788516054.130014,2.438025,1.058483,0.828186,0.179455
1788516054.197027,2.444303,1.061330,0.827703,0.177799
1788516054.264025,2.450262,1.061440,0.827474,0.176748
1788516054.330897,2.457333,1.058909,0.828499,0.175733
1788516054.397871,2.465738,1.058385,0.829243,0.170617
1788516054.464880,2.474144,1.057415,0.829035,0.165970
1788516054.531935,2.488048,1.059973,0.828115,0.158611
1788516054.599142,2.503312,1.066909,0.828181,0.151592
1788516054.665606,2.517122,1.071061,0.831109,0.147607
1788516054.732894,2.532367,1.075392,0.835164,0.142984
1788516054.799859,2.548298,1.078059,0.838878,0.138191
1788516054.866786,2.562023,1.074120,0.843067,0.138634
1788516054.933595,2.574057,1.066507,0.848271,0.137382
1788516055.000766,2.585386,1.050811,0.848263,0.139255
1788516055.067724,2.595184,1.035030,0.849783,0.140174
1788516055.134727,2.604768,1.012668,0.850527,0.145442
1788516055.201718,2.612049,0.992186,0.851568,0.149669
1788516055.268722,2.615259,0.971187,0.852909,0.154158
1788516055.335701,2.616218,0.952080,0.854042,0.155651
1788516055.402565,2.617262,0.932490,0.854032,0.157401
1788516055.469549,2.618919,0.910029,0.854136,0.162860
1788516055.536463,2.620447,0.882045,0.855124,0.171755
1788516055.603525,2.620866,0.856993,0.854918,0.178656
1788516055.670582,2.620412,0.832713,0.854426,0.184654
1788516055.737520,2.620487,0.801648,0.853323,0.193489
1788516055.804544,2.629934,0.759309,0.851018,0.208086
1788516055.871551,2.639456,0.730123,0.848786,0.212516
1788516055.938385,2.646725,0.708665,0.848428,0.209236
1788516056.005402,2.656571,0.676889,0.849986,0.210696
1788516056.072299,2.665439,0.650806,0.853012,0.207504
1788516056.139606,2.671812,0.628014,0.858196,0.203291
1788516056.206372,2.677759,0.605890,0.866367,0.200604
1788516056.273396,2.678421,0.592831,0.873301,0.193396
1788516056.340388,2.675585,0.578727,0.873970,0.187954
1788516056.407399,2.663621,0.570131,0.872377,0.178239
1788516056.475096,2.655356,0.549820,0.868299,0.176598
1788516056.541281,2.648956,0.521554,0.864089,0.178428
1788516056.608098,2.635878,0.494013,0.860965,0.177004
1788516056.675780,2.618698,0.469791,0.852428,0.171401
1788516056.742219,2.595559,0.447694,0.842754,0.162529
1788516056.809211,2.580171,0.413394,0.839176,0.161976
1788516056.876334,2.567837,0.376247,0.834763,0.164295
1788516056.943207,2.556613,0.338698,0.831784,0.168777
1788516057.010091,2.555098,0.293416,0.843452,0.184407
1788516057.077141,2.540607,0.270310,0.851139,0.192664
1788516057.143985,2.527549,0.257896,0.854237,0.201112
1788516057.211035,2.502296,0.254788,0.852625,0.205143
1788516057.278088,2.490774,0.254835,0.850336,0.209948
1788516057.345143,2.492086,0.243926,0.850978,0.226155
1788516057.412695,2.525100,0.235054,0.864199,0.249934
1788516057.479047,2.529318,0.230582,0.873037,0.259943
1788516057.546000,2.535403,0.227350,0.873890,0.269413
1788516057.612938,2.536049,0.228463,0.874363,0.270695
1788516057.679819,2.534722,0.232927,0.874997,0.266598
1788516057.746879,2.532078,0.235106,0.877084,0.261892
1788516057.813911,2.526106,0.237131,0.880106,0.256268
1788516057.880981,2.520489,0.237213,0.880996,0.253407
1788516057.947933,2.511446,0.236978,0.879372,0.247982
1788516058.016026,2.483531,0.255648,0.872887,0.229893
1788516058.081752,2.472883,0.256735,0.870872,0.225245
1788516058.148778,2.461128,0.256640,0.871856,0.221076
1788516058.215629,2.449208,0.258072,0.871405,0.215989
1788516058.282795,2.442886,0.256862,0.872386,0.216082
1788516058.350855,2.433462,0.260291,0.872138,0.210910
1788516058.416941,2.430690,0.260243,0.869472,0.207600
1788516058.483814,2.429875,0.262701,0.867477,0.197465
1788516058.550781,2.429384,0.274228,0.863544,0.175953
1788516058.617737,2.430864,0.293055,0.858773,0.143293
1788516058.684602,2.437977,0.295937,0.856098,0.103995
1788516058.751514,2.436578,0.298042,0.855212,0.055520
1788516058.818599,2.432340,0.303061,0.851312,0.000387
1788516058.886365,2.421035,0.308324,0.850300,-0.056991
1788516058.952605,2.413183,0.318331,0.847048,-0.116213
1788516059.019577,2.408977,0.327032,0.846841,-0.167270
1788516059.086579,2.404173,0.332586,0.832024,-0.204196
1788516059.153572,2.398558,0.330078,0.815645,-0.221706
1788516059.220443,2.398078,0.329233,0.799050,-0.232830
1788516059.287297,2.411612,0.347112,0.790607,-0.248054
1788516059.354482,2.435755,0.362735,0.772999,-0.253978
1788516059.421431,2.453643,0.374415,0.764848,-0.250313
1788516059.488420,2.467302,0.384926,0.759066,-0.242142
1788516059.555430,2.476971,0.394906,0.761906,-0.230836
1788516059.622593,2.491479,0.408122,0.760001,-0.222263
1788516059.689430,2.502611,0.417185,0.765341,-0.213106
1788516059.756263,2.512924,0.429917,0.763657,-0.208725
1788516059.823159,2.522203,0.437268,0.763430,-0.203740
1788516059.890275,2.532503,0.440483,0.762931,-0.199169
1788516059.957272,2.541536,0.441603,0.763609,-0.194840
1788516060.024265,2.547177,0.440913,0.771741,-0.188000
1788516060.091274,2.553006,0.434677,0.772911,-0.176592
1788516060.158271,2.557309,0.429982,0.774701,-0.163608
1788516060.225303,2.559474,0.428769,0.785338,-0.150800
1788516060.292165,2.560817,0.428467,0.792413,-0.137032
1788516060.359025,2.559227,0.429376,0.796439,-0.124391
1788516060.426127,2.554152,0.430659,0.797527,-0.111047
1788516060.493158,2.545481,0.432683,0.798357,-0.098958
1788516060.560108,2.532505,0.435247,0.798490,-0.089481
1788516060.627118,2.517522,0.435940,0.797418,-0.081671
1788516060.694780,2.500657,0.437670,0.795291,-0.077144
1788516060.761147,2.482035,0.440696,0.791055,-0.075437
1788516060.828094,2.459627,0.452777,0.786563,-0.079512
1788516060.895000,2.436843,0.464418,0.779632,-0.083811
1788516060.961863,2.413538,0.473977,0.772924,-0.087204
1788516061.028995,2.391522,0.479956,0.766080,-0.089620
1788516061.096262,2.368854,0.486156,0.761537,-0.092555
1788516061.162906,2.344584,0.492046,0.759792,-0.096254
1788516061.229974,2.322265,0.496975,0.755042,-0.100939
1788516061.296963,2.297839,0.505528,0.753668,-0.108056
1788516061.363873,2.274017,0.520182,0.749312,-0.118796
1788516061.430860,2.250241,0.532034,0.746265,-0.126916
1788516061.497744,2.234454,0.539583,0.740079,-0.129767
1788516061.564786,2.218942,0.549517,0.740135,-0.129652
1788516061.631794,2.209502,0.559792,0.728771,-0.126293
1788516061.698858,2.201028,0.567144,0.727883,-0.119023
1788516061.765954,2.199801,0.568687,0.729417,-0.107356
1788516061.832804,2.207883,0.584215,0.742784,-0.102409
1788516061.899678,2.213679,0.588114,0.730972,-0.094977
1788516061.966679,2.215233,0.603806,0.697888,-0.095504
1788516062.033530,2.215047,0.625178,0.696565,-0.102021
1788516062.100647,2.218408,0.637336,0.696271,-0.107109
1788516062.167717,2.218389,0.669518,0.692152,-0.122078
1788516062.234571,2.224133,0.696131,0.693029,-0.136372
1788516062.301637,2.230302,0.728532,0.696472,-0.154751
1788516062.368629,2.234298,0.755576,0.697860,-0.170594
1788516062.435523,2.237409,0.781676,0.697697,-0.185229
1788516062.502507,2.241562,0.811398,0.697991,-0.199669
1788516062.569386,2.241628,0.839023,0.701963,-0.210671
1788516062.636501,2.243958,0.870536,0.701814,-0.221466
1788516062.703597,2.243780,0.900195,0.706653,-0.228615
1788516062.770473,2.249857,0.931733,0.704421,-0.234620
1788516062.837485,2.263427,0.978431,0.700690,-0.244934
1788516062.904587,2.278173,1.012013,0.697003,-0.247676
1788516062.971339,2.296724,1.039835,0.687682,-0.247810
1788516063.038525,2.310563,1.078426,0.685834,-0.251863
1788516063.105207,2.322373,1.125787,0.700675,-0.259138
1788516063.172441,2.334404,1.159943,0.707804,-0.261731
1788516063.239341,2.348951,1.178657,0.708827,-0.259664
1788516063.306385,2.353825,1.169292,0.698974,-0.243648
1788516063.373616,2.353762,1.142641,0.687484,-0.223043
1788516063.440360,2.341821,1.106061,0.693170,-0.199129
1788516063.507294,2.339754,1.082576,0.696517,-0.185740
1788516063.574099,2.364607,1.063155,0.688186,-0.184081
1788516063.641139,2.369727,1.041799,0.694514,-0.186030
1788516063.708180,2.368008,1.018175,0.700713,-0.191286
1788516063.775185,2.362450,0.992997,0.705644,-0.199875
1788516063.842170,2.339518,0.943475,0.712758,-0.196557
1788516063.909207,2.326911,0.908158,0.715457,-0.200748
1788516063.976169,2.311126,0.880973,0.719086,-0.205180
1788516064.043195,2.296794,0.860391,0.721648,-0.208343
1788516064.110157,2.284617,0.841762,0.719459,-0.208107
1788516064.176940,2.272130,0.825520,0.716893,-0.204380
1788516064.244209,2.261621,0.816567,0.716161,-0.200951
1788516064.311021,2.256424,0.814335,0.710235,-0.200645
1788516064.378027,2.249517,0.802943,0.709049,-0.196792
1788516064.445035,2.243956,0.789194,0.707939,-0.191636
1788516064.512084,2.241418,0.782656,0.707579,-0.188616
1788516064.579009,2.237233,0.782954,0.706060,-0.188827
1788516064.645911,2.236150,0.791092,0.705035,-0.191687
1788516064.712761,2.235253,0.794405,0.703599,-0.190418
1788516064.779830,2.235137,0.801310,0.701698,-0.190152
1788516064.846950,2.237040,0.815821,0.700377,-0.193049
1788516064.913862,2.240640,0.828151,0.701293,-0.195276
1788516064.981183,2.245667,0.846605,0.701225,-0.200357
1788516065.047857,2.250056,0.860638,0.700249,-0.203027
1788516065.114976,2.253887,0.873065,0.700874,-0.203965
1788516065.181770,2.254381,0.889519,0.699378,-0.203324
1788516065.248580,2.258209,0.889720,0.697107,-0.192516
1788516065.315711,2.265027,0.891749,0.693516,-0.183887
1788516065.382756,2.272679,0.894351,0.691235,-0.178099
1788516065.449733,2.292537,0.903891,0.680721,-0.180418
1788516065.516731,2.310194,0.903823,0.673852,-0.182514
1788516065.583694,2.318046,0.895508,0.672983,-0.183550
1788516065.650722,2.324905,0.884701,0.671260,-0.185214
1788516065.717580,2.333680,0.867478,0.672310,-0.183009
1788516065.784457,2.336210,0.846058,0.677038,-0.178499
1788516065.851551,2.335676,0.832653,0.681042,-0.177509
1788516065.918565,2.333981,0.807419,0.684260,-0.170407
1788516065.985554,2.325673,0.781764,0.687016,-0.163196
1788516066.052584,2.313571,0.755629,0.690017,-0.155732
1788516066.119554,2.294102,0.712712,0.691719,-0.140897
1788516066.186543,2.272554,0.691931,0.677213,-0.138623
1788516066.253432,2.249700,0.653821,0.668299,-0.129778
1788516066.320405,2.213172,0.631014,0.671823,-0.131267
1788516066.387325,2.185527,0.597080,0.662627,-0.130520
1788516066.454886,2.159807,0.550305,0.655796,-0.126673
1788516066.521410,2.138269,0.503911,0.648053,-0.123716
1788516066.588398,2.116065,0.473994,0.641699,-0.126291
1788516066.655411,2.098552,0.447021,0.633947,-0.126989
1788516066.722388,2.084715,0.423917,0.630832,-0.125428
1788516066.789269,2.075955,0.399593,0.643143,-0.118540
1788516066.856271,2.077537,0.373023,0.664037,-0.106302
1788516066.923131,2.078006,0.344643,0.667555,-0.089478
1788516066.990293,2.075986,0.336660,0.666604,-0.079534
1788516067.057269,2.075778,0.333003,0.665797,-0.070527
1788516067.124249,2.075979,0.333249,0.664570,-0.063377
1788516067.191243,2.078747,0.337031,0.663685,-0.057515
1788516067.258265,2.086648,0.331925,0.672002,-0.045621
1788516067.325099,2.096430,0.328985,0.678539,-0.035399
1788516067.392114,2.098536,0.344355,0.674224,-0.037196
1788516067.459023,2.100085,0.351469,0.673601,-0.035592
1788516067.526108,2.100728,0.360066,0.676677,-0.037751
1788516067.593071,2.106580,0.380810,0.674609,-0.049933
1788516067.660147,2.100981,0.394039,0.674302,-0.061097
1788516067.727050,2.083932,0.402646,0.691807,-0.069356
1788516067.794147,2.079027,0.412550,0.693356,-0.080953
1788516067.860894,2.072136,0.430615,0.693089,-0.096191
1788516067.927978,2.064228,0.451216,0.692133,-0.114829
1788516067.994982,2.053496,0.466213,0.691803,-0.132391
1788516068.061956,2.039518,0.473950,0.692367,-0.146308
1788516068.128946,2.023745,0.478923,0.685634,-0.157318
1788516068.195960,2.005384,0.491261,0.670693,-0.168284
1788516068.262969,1.987069,0.501639,0.666281,-0.175942
1788516068.329921,1.967467,0.510293,0.666421,-0.180665
1788516068.396879,1.949847,0.518646,0.663668,-0.183560
1788516068.463800,1.931366,0.535538,0.657997,-0.187084
1788516068.530674,1.921835,0.559164,0.654514,-0.188153
1788516068.597811,1.915569,0.573288,0.659057,-0.179115
1788516068.664783,1.911425,0.587050,0.669059,-0.165497
1788516068.731796,1.912664,0.600710,0.677817,-0.146701
1788516068.798898,1.907583,0.616121,0.681404,-0.127052
1788516068.865662,1.903035,0.638545,0.689442,-0.111212
1788516068.932672,1.891455,0.670249,0.685611,-0.100834
1788516068.999687,1.870242,0.698615,0.663414,-0.093618
1788516069.066499,1.848655,0.724109,0.662161,-0.092748
1788516069.133642,1.829735,0.727264,0.657257,-0.088073
1788516069.200665,1.803385,0.730491,0.650398,-0.087057
1788516069.267618,1.780520,0.747923,0.640410,-0.094553
1788516069.334630,1.757174,0.753614,0.632214,-0.098014
1788516069.401645,1.732426,0.760923,0.625665,-0.103038
1788516069.468632,1.710559,0.777981,0.624896,-0.111730
1788516069.535511,1.686572,0.794870,0.626693,-0.118614
1788516069.602631,1.669308,0.820298,0.628431,-0.126264
1788516069.669581,1.642484,0.845785,0.629725,-0.129605
1788516069.736504,1.622659,0.863511,0.631649,-0.126892
1788516069.803467,1.611602,0.898529,0.635866,-0.127401
1788516069.870476,1.576640,0.932184,0.631440,-0.120830
1788516069.937479,1.531350,0.967685,0.622776,-0.112741
1788516070.004653,1.499134,0.996822,0.619530,-0.100689
1788516070.071396,1.472127,1.024388,0.617460,-0.089411
1788516070.138281,1.453374,1.049914,0.617264,-0.081283
1788516070.205272,1.424139,1.065753,0.615796,-0.073611
1788516070.272346,1.385220,1.073889,0.609526,-0.068220
1788516070.339366,1.358522,1.091651,0.602522,-0.070478
1788516070.406307,1.342987,1.111915,0.603536,-0.076584
1788516070.473308,1.332061,1.128604,0.608196,-0.083120
1788516070.540318,1.323409,1.143152,0.617813,-0.090088
1788516070.607230,1.312598,1.153178,0.615413,-0.095386
1788516070.674053,1.305820,1.164240,0.614227,-0.101730
1788516070.741194,1.303584,1.175403,0.613185,-0.108266
1788516070.808180,1.303544,1.183228,0.613155,-0.113371
1788516070.875168,1.310627,1.183792,0.614597,-0.115361
1788516070.943273,1.327148,1.183970,0.618986,-0.117849
1788516071.009181,1.338307,1.186851,0.622201,-0.119033
1788516071.076164,1.339857,1.190246,0.622873,-0.118090
1788516071.143029,1.346429,1.192401,0.628673,-0.117653
1788516071.210068,1.358139,1.193050,0.629403,-0.118878
1788516071.276875,1.368552,1.187595,0.629709,-0.119979
1788516071.344027,1.365827,1.155219,0.628453,-0.113444
1788516071.411029,1.365475,1.111873,0.623005,-0.104252
1788516071.478024,1.370989,1.092792,0.616504,-0.101494
1788516071.545016,1.365878,1.067679,0.610138,-0.094502
1788516071.612117,1.360924,1.040544,0.609848,-0.087945
1788516071.679240,1.361368,1.010511,0.613724,-0.083563
1788516071.745862,1.384774,0.978023,0.617069,-0.079160
1788516071.812755,1.390215,0.959897,0.619703,-0.076156
1788516071.880177,1.391678,0.949719,0.622338,-0.075050
1788516071.947020,1.391988,0.939974,0.624371,-0.073972
1788516072.014239,1.400147,0.928701,0.630131,-0.074999
1788516072.080858,1.399353,0.912694,0.626786,-0.074118
1788516072.147901,1.390190,0.898255,0.617418,-0.071712
1788516072.214751,1.385496,0.888136,0.615470,-0.070378
1788516072.281739,1.371461,0.885894,0.617226,-0.070822
1788516072.348592,1.366200,0.889028,0.617435,-0.073582
1788516072.415729,1.349961,0.894726,0.617680,-0.075973
1788516072.482780,1.352506,0.914742,0.616764,-0.084957
1788516072.550774,1.356520,0.931929,0.617793,-0.092534
1788516072.616723,1.348262,0.938486,0.617202,-0.096188
1788516072.683823,1.348269,0.939255,0.620899,-0.101272
1788516072.750597,1.348903,0.937058,0.628077,-0.108717
1788516072.817583,1.340772,0.937162,0.625780,-0.121673
1788516072.884444,1.327730,0.938267,0.619996,-0.134785
1788516072.951591,1.332183,0.935950,0.612723,-0.145321
1788516073.018578,1.331706,0.923871,0.609758,-0.149939
1788516073.085568,1.330555,0.908841,0.606868,-0.149440
1788516073.152555,1.332711,0.893082,0.605459,-0.145283
1788516073.219600,1.356936,0.876878,0.607429,-0.141084
1788516073.286415,1.362616,0.861024,0.611310,-0.129556
1788516073.353414,1.365788,0.839482,0.613428,-0.114222
1788516073.420327,1.366037,0.814507,0.613288,-0.098467
1788516073.487380,1.357312,0.786910,0.609381,-0.084496
1788516073.554440,1.356040,0.779806,0.608619,-0.082898
1788516073.621409,1.343346,0.742866,0.603300,-0.072685
1788516073.688421,1.335334,0.704644,0.598701,-0.065655
1788516073.755456,1.328725,0.672956,0.582741,-0.062797
1788516073.822840,1.318628,0.647454,0.573570,-0.064519
1788516073.889342,1.308667,0.630635,0.576322,-0.068638
1788516073.956172,1.308020,0.624865,0.577323,-0.074862
1788516074.023360,1.306593,0.620544,0.581349,-0.077999
1788516074.090778,1.303326,0.611505,0.581150,-0.075734
1788516074.157269,1.297870,0.605842,0.580933,-0.070577
1788516074.224283,1.279957,0.603651,0.571759,-0.063799
1788516074.291270,1.279533,0.607976,0.570882,-0.062222
1788516074.358793,1.271765,0.605782,0.570641,-0.054219
1788516074.425144,1.256863,0.599760,0.570308,-0.045442
1788516074.492022,1.246084,0.593875,0.570677,-0.040220
1788516074.559185,1.241551,0.583451,0.571601,-0.038863
1788516074.626127,1.230479,0.564221,0.573920,-0.039652
1788516074.693074,1.230409,0.560353,0.575454,-0.051915
1788516074.760121,1.229130,0.556047,0.581978,-0.066488
1788516074.827101,1.217298,0.546612,0.582137,-0.085238
1788516074.894833,1.209382,0.538555,0.582548,-0.108018
1788516074.960964,1.199978,0.530389,0.592361,-0.132089
1788516075.027872,1.209942,0.536022,0.603655,-0.163056
1788516075.094929,1.209238,0.543431,0.600614,-0.188091
1788516075.161969,1.206711,0.561272,0.591435,-0.212156
1788516075.228960,1.207790,0.583259,0.587557,-0.230820
1788516075.295960,1.216130,0.604389,0.593853,-0.240901
1788516075.362993,1.229480,0.627748,0.598406,-0.246696
1788516075.429960,1.241799,0.649870,0.604623,-0.247012
1788516075.496857,1.254619,0.667171,0.610254,-0.243425
1788516075.563689,1.263531,0.678024,0.610299,-0.236779
1788516075.630816,1.267007,0.679869,0.609638,-0.227263
1788516075.697843,1.279194,0.705375,0.606419,-0.225971
1788516075.764800,1.291844,0.725417,0.604455,-0.223374
1788516075.831886,1.299068,0.734714,0.604294,-0.217816
1788516075.898783,1.304025,0.734795,0.604157,-0.209217
1788516075.965900,1.313399,0.751318,0.595776,-0.204772
1788516076.032681,1.319861,0.768666,0.592369,-0.197205
1788516076.099558,1.327171,0.784631,0.591839,-0.186782
1788516076.166758,1.340208,0.802829,0.596181,-0.176322
1788516076.233958,1.353528,0.815904,0.602397,-0.163469
1788516076.300869,1.361002,0.830161,0.605875,-0.149280
1788516076.367810,1.367777,0.838749,0.611500,-0.133661
1788516076.434719,1.374646,0.843752,0.613497,-0.119053
1788516076.501627,1.377863,0.844307,0.618602,-0.106262
1788516076.568521,1.381727,0.845034,0.621175,-0.100314
1788516076.635922,1.366090,0.844003,0.612233,-0.095832
1788516076.702420,1.345857,0.831703,0.601843,-0.091286
1788516076.769913,1.342604,0.839592,0.601168,-0.100589
1788516076.836498,1.340489,0.839845,0.601172,-0.105763
1788516076.903525,1.340242,0.844341,0.603000,-0.114846
1788516076.970495,1.340623,0.852179,0.602435,-0.124800
1788516077.037604,1.337375,0.849749,0.601173,-0.126917
1788516077.104597,1.335569,0.843412,0.601219,-0.127465
1788516077.171369,1.334348,0.842235,0.603312,-0.128196
1788516077.238270,1.340204,0.843738,0.609806,-0.129611
1788516077.305361,1.346004,0.850863,0.612757,-0.131922
1788516077.372368,1.344632,0.840473,0.613145,-0.123670
1788516077.439394,1.345061,0.825750,0.614725,-0.115621
1788516077.506777,1.349349,0.816198,0.615698,-0.110650
1788516077.573348,1.358304,0.805174,0.627234,-0.106395
1788516077.640222,1.374515,0.793624,0.639603,-0.103923
1788516077.707314,1.379812,0.775537,0.642386,-0.097537
1788516077.774120,1.369053,0.743324,0.634125,-0.086172
1788516077.841288,1.355413,0.722939,0.629567,-0.083204
1788516077.908221,1.346704,0.703736,0.628554,-0.083182
1788516077.975219,1.351410,0.700442,0.627577,-0.091689
1788516078.042213,1.370372,0.713081,0.626864,-0.110443
1788516078.109199,1.365731,0.678239,0.629422,-0.110815
1788516078.176107,1.356486,0.644157,0.621736,-0.113598
1788516078.243072,1.351671,0.608728,0.625970,-0.116709
1788516078.309931,1.346033,0.581683,0.626817,-0.124015
1788516078.377086,1.338509,0.549201,0.624617,-0.132765
1788516078.444067,1.324743,0.508670,0.618079,-0.139902
1788516078.511084,1.314156,0.467718,0.602144,-0.147636
1788516078.578064,1.303233,0.434089,0.601521,-0.157554
1788516078.645056,1.293268,0.401393,0.602879,-0.166068
1788516078.711927,1.280805,0.368013,0.601955,-0.171751
1788516078.778919,1.271699,0.332255,0.606613,-0.175461
1788516078.845860,1.263494,0.297467,0.610813,-0.178237
1788516078.912925,1.255429,0.266582,0.612930,-0.178953
1788516078.979903,1.248433,0.238651,0.618123,-0.177680
1788516079.046926,1.241747,0.213936,0.627774,-0.174418
1788516079.113910,1.233932,0.188757,0.633857,-0.171509
1788516079.180912,1.225484,0.164475,0.636875,-0.170795
1788516079.247791,1.217204,0.142810,0.635768,-0.173543
1788516079.314867,1.208578,0.121955,0.635159,-0.177570
1788516079.381659,1.200072,0.118114,0.621170,-0.186360
1788516079.448765,1.188008,0.131692,0.614240,-0.196320
1788516079.515760,1.176731,0.155024,0.608856,-0.201516
1788516079.582783,1.164160,0.178290,0.603891,-0.201549
1788516079.649734,1.154657,0.203804,0.600902,-0.197676
1788516079.716763,1.142643,0.219329,0.599325,-0.187873
1788516079.783722,1.130347,0.231117,0.597696,-0.175796
1788516079.850657,1.119675,0.242391,0.587393,-0.163536
1788516079.917531,1.107816,0.252937,0.577326,-0.154163
1788516079.984618,1.095048,0.264375,0.579272,-0.149333
1788516080.051611,1.083724,0.281390,0.585212,-0.149359
1788516080.118614,1.075115,0.297344,0.586222,-0.151144
1788516080.185592,1.067222,0.309256,0.585934,-0.154214
1788516080.252607,1.059485,0.318673,0.585501,-0.158518
1788516080.319597,1.055011,0.327978,0.590329,-0.164768
1788516080.386468,1.051310,0.335600,0.588029,-0.170333
1788516080.453362,1.048692,0.338019,0.583555,-0.173459
1788516080.520471,1.047650,0.336876,0.585659,-0.172856
1788516080.587492,1.048435,0.337357,0.594188,-0.171643
1788516080.654519,1.050099,0.339139,0.594556,-0.169877
1788516080.721461,1.051364,0.330927,0.585971,-0.163120
1788516080.788491,1.050772,0.329850,0.573087,-0.159782
1788516080.855472,1.053648,0.327229,0.570180,-0.154494
1788516080.922350,1.059401,0.307636,0.579496,-0.144068
1788516080.989212,1.067209,0.299161,0.587589,-0.137996
1788516081.056312,1.076434,0.299346,0.596987,-0.137323
1788516081.123320,1.084730,0.291741,0.600695,-0.134305
1788516081.190320,1.088523,0.292980,0.596516,-0.136732
1788516081.257311,1.092893,0.309400,0.592729,-0.144308
1788516081.324296,1.098566,0.330148,0.590191,-0.152063
1788516081.391316,1.103129,0.338557,0.591993,-0.153571
1788516081.458203,1.105951,0.356177,0.590433,-0.154478
1788516081.525190,1.107025,0.382145,0.582018,-0.156625
1788516081.592046,1.106949,0.406675,0.583334,-0.158682
1788516081.659178,1.107418,0.431592,0.585366,-0.159943
1788516081.726171,1.104321,0.453665,0.579547,-0.159973
1788516081.793152,1.097156,0.478842,0.573040,-0.161965
1788516081.860296,1.094030,0.503140,0.572070,-0.165392
1788516081.927192,1.087754,0.528033,0.570374,-0.169441
1788516081.994144,1.079479,0.546809,0.569768,-0.171133
1788516082.061075,1.075790,0.561805,0.571917,-0.172256
1788516082.127892,1.070756,0.582875,0.573119,-0.176133
1788516082.195019,1.069823,0.596770,0.592104,-0.178188
1788516082.262046,1.072788,0.610107,0.608931,-0.181416
1788516082.329004,1.078271,0.621888,0.615275,-0.182774
1788516082.396044,1.081497,0.626663,0.620280,-0.179564
1788516082.463021,1.085533,0.625479,0.621341,-0.174345
1788516082.529934,1.089038,0.635528,0.623382,-0.173140
1788516082.596909,1.097798,0.649854,0.626866,-0.173411
1788516082.663785,1.100028,0.651201,0.627395,-0.168119
1788516082.730844,1.111406,0.650441,0.638131,-0.161855
1788516082.798542,1.115564,0.650302,0.637892,-0.157175
1788516082.864882,1.118144,0.652346,0.641037,-0.154772
1788516082.931926,1.122951,0.662407,0.642966,-0.154855
1788516082.998871,1.121558,0.670823,0.628787,-0.152182
1788516083.065749,1.118990,0.674907,0.612969,-0.147705
1788516083.132718,1.105252,0.690332,0.597247,-0.144215
1788516083.199621,1.097605,0.699490,0.576891,-0.137315
1788516083.266747,1.088763,0.703966,0.571045,-0.126647
1788516083.333714,1.080736,0.717276,0.573507,-0.119241
1788516083.400724,1.071540,0.723605,0.568729,-0.111418
1788516083.467721,1.061443,0.727942,0.558903,-0.104708
1788516083.534737,1.051755,0.733571,0.544864,-0.099491
1788516083.601592,1.039469,0.745859,0.548014,-0.098240
1788516083.735466,1.038250,0.762315,0.557767,-0.099636
1788516083.802583,1.044301,0.770818,0.561829,-0.099413
1788516083.869570,1.049224,0.777307,0.567648,-0.096078
1788516083.936558,1.053412,0.776838,0.569827,-0.090093
1788516084.003582,1.054552,0.774333,0.573661,-0.086382
1788516084.070565,1.048470,0.773461,0.591862,-0.087777
1788516084.137453,1.049917,0.770799,0.597723,-0.092583
1788516084.204444,1.055008,0.759942,0.596129,-0.098145
1788516084.271331,1.051299,0.740191,0.583095,-0.104593
1788516084.338426,1.044675,0.734942,0.574911,-0.120072
1788516084.405519,1.038044,0.732048,0.579016,-0.138276
1788516084.472434,1.043529,0.726226,0.577534,-0.158485
1788516084.539437,1.049243,0.723672,0.578863,-0.179506
1788516084.606416,1.052568,0.724776,0.576995,-0.199569
1788516084.673445,1.050820,0.730169,0.568020,-0.215073
1788516084.740273,1.057524,0.738513,0.563119,-0.226508
1788516084.807178,1.074448,0.747745,0.564517,-0.233604
1788516084.874306,1.089243,0.749315,0.581433,-0.233558
1788516084.941298,1.100268,0.754407,0.587756,-0.231838
1788516085.008312,1.111276,0.759898,0.581291,-0.229178
1788516085.075296,1.120358,0.758105,0.554529,-0.224261
1788516085.142421,1.126134,0.756192,0.544127,-0.220433
1788516085.209300,1.132041,0.754435,0.529779,-0.218163
1788516085.276143,1.139126,0.753567,0.498330,-0.215401
1788516085.343117,1.140039,0.755254,0.470157,-0.209826
1788516085.410161,1.140324,0.757359,0.454197,-0.200932
1788516085.477123,1.149165,0.756893,0.446165,-0.188807
1788516085.544271,1.155758,0.754498,0.436358,-0.171904
1788516085.611207,1.152537,0.751798,0.428446,-0.154261
1788516085.678189,1.145854,0.747605,0.403904,-0.137249
1788516085.745110,1.140350,0.745599,0.382116,-0.123127
1788516085.812009,1.133571,0.744721,0.377732,-0.107467
1788516085.880845,1.129933,0.743634,0.370941,-0.090190
1788516085.945997,1.124941,0.742005,0.363667,-0.072219
1788516086.012995,1.118535,0.735973,0.362057,-0.053959
1788516086.079973,1.111920,0.728779,0.358298,-0.038935
1788516086.146997,1.107550,0.725755,0.355803,-0.027619
1788516086.214118,1.100474,0.721629,0.350910,-0.018074
1788516086.280962,1.088777,0.716154,0.346210,-0.012895
1788516086.347866,1.085468,0.715945,0.347048,-0.015462
1788516086.414732,1.085227,0.712416,0.348012,-0.021264
1788516086.481906,1.073270,0.709619,0.341525,-0.034233
1788516086.548865,1.060693,0.706763,0.333473,-0.048295
1788516086.615838,1.051833,0.709285,0.328536,-0.064807
1788516086.682833,1.045887,0.718289,0.327704,-0.079659
1788516086.749900,1.035417,0.726639,0.325581,-0.090591
1788516086.816799,1.025745,0.734682,0.321218,-0.098672
1788516086.883713,1.017932,0.746885,0.317417,-0.105236
1788516086.950773,1.007574,0.757522,0.312690,-0.108468
1788516087.017613,1.001374,0.769680,0.310170,-0.110626
1788516087.084659,0.993402,0.780126,0.306115,-0.111141
1788516087.151700,0.987027,0.792398,0.302069,-0.110813
1788516087.218735,0.984125,0.806207,0.300990,-0.109798
1788516087.285680,0.981324,0.818712,0.299456,-0.106041
1788516087.352686,0.980106,0.829188,0.301260,-0.101753
1788516087.419620,0.979701,0.838595,0.305206,-0.096878
1788516087.486519,0.979900,0.846124,0.304857,-0.092328
1788516087.553432,0.978516,0.849229,0.304388,-0.087700
1788516087.620562,0.980190,0.849545,0.305411,-0.084547
1788516087.687587,0.984989,0.850281,0.310925,-0.083944
1788516087.754735,0.989334,0.850677,0.319503,-0.084646
1788516087.821388,0.994419,0.848075,0.323488,-0.085778
1788516087.888546,1.002744,0.844700,0.332403,-0.088582
1788516087.955434,1.006582,0.839954,0.330615,-0.091371
1788516088.022449,1.006333,0.835918,0.329679,-0.094213
1788516088.089265,1.005488,0.831524,0.328267,-0.096028
1788516088.156476,1.007962,0.831455,0.332612,-0.099518
1788516088.223435,1.008401,0.830580,0.332718,-0.100894
1788516088.290388,1.008273,0.830442,0.333015,-0.103037
1788516088.357398,1.009941,0.832001,0.333842,-0.104320
1788516088.424376,1.012136,0.835850,0.338642,-0.104450
1788516088.491416,1.014198,0.840111,0.341270,-0.102857
1788516088.558335,1.015676,0.843459,0.341611,-0.099161
1788516088.625144,1.016698,0.844538,0.341971,-0.095100
1788516088.692270,1.017626,0.847464,0.344206,-0.092600
1788516088.759272,1.022304,0.849747,0.344250,-0.089488
1788516088.826263,1.018817,0.848920,0.342062,-0.082939
1788516088.893280,1.009262,0.848917,0.343713,-0.077388
1788516088.960270,1.014912,0.852545,0.342945,-0.074673
1788516089.027148,0.997971,0.845730,0.338720,-0.065349
1788516089.094147,0.969393,0.845051,0.333766,-0.060784
1788516089.161031,0.960055,0.845835,0.327839,-0.061321
1788516089.228101,0.942334,0.847710,0.323454,-0.063420
1788516089.295419,0.921362,0.848317,0.319552,-0.066585
1788516089.362200,0.906761,0.850312,0.320434,-0.073477
1788516089.433180,0.892699,0.857972,0.318364,-0.082943
1788516089.496309,0.870881,0.861664,0.312078,-0.089215
1788516089.562957,0.851454,0.866164,0.308814,-0.094855
1788516089.629988,0.836783,0.869674,0.309328,-0.098241
1788516089.696826,0.816625,0.870632,0.301405,-0.099345
1788516089.764259,0.800279,0.876321,0.295183,-0.101582
1788516089.831013,0.794113,0.881453,0.298072,-0.102690
1788516089.897993,0.792200,0.886567,0.304220,-0.103356
1788516089.964972,0.792306,0.890437,0.311961,-0.102861
1788516090.031956,0.789276,0.891812,0.312697,-0.099914
1788516090.098970,0.790192,0.892711,0.319421,-0.098372
1788516090.165846,0.793599,0.893579,0.318882,-0.099558
1788516090.232703,0.793963,0.893654,0.326089,-0.101509
1788516090.299833,0.793926,0.892451,0.326222,-0.105056
1788516090.366842,0.794014,0.890333,0.330022,-0.109287
1788516090.433825,0.793666,0.887456,0.328770,-0.112620
1788516090.500828,0.793073,0.886656,0.324408,-0.116747
1788516090.567832,0.791872,0.886861,0.327707,-0.121348
1788516090.634825,0.787893,0.886137,0.319665,-0.126433
1788516090.701724,0.786131,0.889895,0.308556,-0.134356
1788516090.768543,0.785110,0.895626,0.307199,-0.141638
1788516090.835690,0.784725,0.901515,0.305680,-0.147452
1788516090.902669,0.784371,0.908314,0.302999,-0.150765
1788516090.969687,0.785358,0.914206,0.296073,-0.151273
1788516091.036664,0.784666,0.916050,0.284123,-0.148341
1788516091.103668,0.784496,0.916560,0.274855,-0.143483
1788516091.170676,0.789681,0.914228,0.271532,-0.136964
1788516091.237550,0.797046,0.911235,0.270906,-0.132568
1788516091.304420,0.798055,0.900712,0.256279,-0.127754
1788516091.371567,0.803338,0.895092,0.250009,-0.125951
1788516091.438538,0.813805,0.891154,0.249378,-0.123276
1788516091.505547,0.822869,0.884088,0.246153,-0.118724
1788516091.572834,0.829576,0.876515,0.240231,-0.114737
1788516091.639534,0.834198,0.869815,0.229903,-0.112564
1788516091.706547,0.831382,0.857999,0.212576,-0.109414
1788516091.773399,0.830618,0.851821,0.204814,-0.108566
1788516091.840430,0.834202,0.848158,0.199286,-0.106790
1788516091.907409,0.833006,0.836711,0.188265,-0.100360
1788516091.974275,0.830573,0.815263,0.177170,-0.090526
1788516092.041404,0.822515,0.800718,0.162841,-0.082671
1788516092.108356,0.814788,0.787202,0.148945,-0.074776
1788516092.175396,0.810703,0.777081,0.143900,-0.069134
1788516092.242408,0.808732,0.765710,0.138868,-0.064282
1788516092.309257,0.805800,0.756995,0.133814,-0.061613
1788516092.376271,0.807470,0.756480,0.136235,-0.063194
1788516092.443213,0.813394,0.761241,0.132981,-0.065691
1788516092.510242,0.811705,0.765691,0.125348,-0.068594
1788516092.577255,0.807707,0.774588,0.117365,-0.074053
1788516092.644232,0.796878,0.779574,0.108770,-0.079063
1788516092.712105,0.786369,0.789812,0.096879,-0.087191
1788516092.778479,0.777345,0.803920,0.084048,-0.097543
1788516092.845124,0.760568,0.816569,0.073450,-0.107204
1788516092.912064,0.742194,0.827866,0.061763,-0.115207
1788516092.979002,0.720638,0.837151,0.043666,-0.120886
1788516093.046116,0.711312,0.845997,0.036543,-0.126668
1788516093.113128,0.696639,0.856353,0.028214,-0.130549
1788516093.180146,0.683703,0.865627,0.015853,-0.132733
1788516093.247279,0.670192,0.869537,0.002103,-0.132627
1788516093.314215,0.665974,0.869697,-0.005935,-0.131101
1788516093.380943,0.654171,0.867149,-0.017110,-0.126641
1788516093.447994,0.649554,0.865930,-0.022416,-0.123848
1788516093.514825,0.648579,0.863788,-0.027162,-0.122199
1788516093.582036,0.677769,0.855156,-0.019708,-0.127624
1788516093.648957,0.678141,0.857690,-0.020382,-0.134718
1788516093.716128,0.698868,0.849860,-0.018357,-0.147224
1788516093.784487,0.713173,0.849722,-0.016242,-0.161805
1788516093.849962,0.731402,0.850331,-0.012337,-0.169207
1788516093.916929,0.734472,0.850040,-0.018182,-0.168875
1788516093.984513,0.746451,0.851823,-0.017841,-0.165204
1788516094.050729,0.744052,0.855898,-0.019451,-0.155337
1788516094.117846,0.753629,0.855620,-0.014361,-0.145193
1788516094.184803,0.756993,0.855394,-0.015500,-0.136695
1788516094.251821,0.765428,0.855441,-0.013892,-0.130999
1788516094.318835,0.765729,0.855185,-0.014595,-0.126770
1788516094.385827,0.763429,0.853384,-0.014441,-0.124486
1788516094.452750,0.763115,0.852927,-0.014539,-0.124402
1788516094.519679,0.762726,0.852756,-0.014915,-0.124170
1788516094.588597,0.762738,0.851810,-0.014921,-0.123871
1788516094.653717,0.760924,0.851456,-0.015209,-0.124647
1788516094.720891,0.760751,0.851211,-0.015608,-0.124459
1788516094.787654,0.760441,0.850932,-0.015649,-0.124856
1788516094.854685,0.760348,0.850386,-0.015593,-0.124564
1788516094.921679,0.760363,0.850223,-0.015553,-0.124987
1788516094.988677,0.760144,0.850151,-0.015734,-0.124774
1788516095.055541,0.760095,0.850042,-0.015750,-0.124775
1788516095.122426,0.759987,0.850010,-0.015979,-0.124733
1788516095.189568,0.759704,0.849750,-0.015957,-0.124608
1788516095.256563,0.759843,0.849788,-0.016062,-0.124879
1788516095.323532,0.759857,0.849580,-0.016073,-0.124716
1788516095.392430,0.759832,0.849531,-0.016157,-0.124618
1788516095.457743,0.759859,0.849518,-0.016148,-0.124963
1788516095.524992,0.759846,0.848984,-0.016019,-0.124377
1788516095.658297,0.759468,0.849010,-0.016010,-0.124567
1788516095.725558,0.759486,0.849052,-0.016035,-0.124622
1788516095.792732,0.759431,0.849072,-0.016110,-0.124859
1788516095.859412,0.759422,0.849181,-0.016164,-0.124938
1788516095.926394,0.759994,0.850275,-0.016380,-0.125789
1788516095.994313,0.759511,0.849748,-0.016357,-0.124784
1788516096.060403,0.760241,0.850489,-0.016603,-0.125811
1788516096.127301,0.759787,0.849812,-0.016561,-0.125010
1788516096.194153,0.760523,0.850585,-0.016798,-0.125858
1788516096.261249,0.760505,0.850637,-0.016814,-0.125645
1788516096.328272,0.760644,0.850655,-0.016852,-0.125716
1788516096.395256,0.760645,0.850524,-0.016841,-0.125544
1788516096.462744,0.760476,0.849821,-0.016712,-0.125193
1788516096.529274,0.760647,0.850012,-0.016853,-0.125665
1788516096.596251,0.760863,0.850035,-0.016871,-0.125722
1788516096.663162,0.760687,0.849963,-0.016892,-0.125448
1788516096.730145,0.761202,0.850133,-0.016948,-0.125881
1788516096.797024,0.761039,0.850123,-0.017197,-0.125530
1788516096.864098,0.760956,0.850101,-0.017126,-0.125569
1788516096.931413,0.761502,0.850350,-0.017127,-0.126011
1788516096.998123,0.761384,0.850039,-0.017073,-0.125530
1788516097.065093,0.761267,0.849968,-0.017065,-0.125537
1788516097.132144,0.761436,0.850066,-0.017113,-0.125800
1788516097.198927,0.761459,0.850091,-0.017126,-0.125766
1788516097.266025,0.761374,0.850056,-0.017125,-0.125559
1788516097.332804,0.761406,0.850082,-0.017169,-0.125634
1788516097.399979,0.761358,0.849981,-0.017093,-0.125703
1788516097.466990,0.761415,0.850015,-0.017135,-0.125811
1788516097.533994,0.761200,0.849839,-0.017106,-0.125394
1788516097.600925,0.761472,0.850220,-0.017207,-0.125976
1788516097.667969,0.761441,0.850118,-0.017201,-0.125632
1788516097.734828,0.761786,0.850364,-0.017278,-0.126065
1788516097.801846,0.761690,0.850221,-0.017282,-0.125643
1788516097.868695,0.762190,0.850827,-0.017422,-0.126281
1788516097.935816,0.761885,0.850474,-0.017365,-0.125650
1788516098.002834,0.761859,0.850431,-0.017368,-0.125744
1788516098.069829,0.761948,0.850489,-0.017389,-0.125970
1788516098.136867,0.761800,0.850386,-0.017385,-0.125678
1788516098.203813,0.761796,0.850339,-0.017385,-0.125759
1788516098.270823,0.761775,0.850321,-0.017387,-0.125761
1788516098.337670,0.762000,0.850390,-0.017430,-0.125998
1788516098.404567,0.762010,0.850342,-0.017445,-0.125797
1788516098.471680,0.761797,0.850055,-0.017393,-0.125508
1788516098.538687,0.761793,0.850217,-0.017431,-0.125852
1788516098.605693,0.761790,0.850208,-0.017440,-0.125785
1788516098.672940,0.761764,0.850138,-0.017420,-0.125716
1788516098.739674,0.761589,0.849921,-0.017381,-0.125407
1788516098.806534,0.761740,0.849987,-0.017419,-0.125772
1788516098.873554,0.761827,0.850039,-0.017465,-0.125912
1788516098.940579,0.761790,0.850043,-0.017463,-0.125694
1788516099.007657,0.761767,0.849891,-0.017392,-0.125619
1788516099.074544,0.761777,0.849931,-0.017406,-0.125807
1788516099.141546,0.761887,0.849979,-0.017417,-0.125888
1788516099.208535,0.761745,0.849747,-0.017357,-0.125548
1788516099.275690,0.761761,0.849754,-0.017358,-0.125755
1788516099.342420,0.761686,0.849633,-0.017331,-0.125560
1788516099.409394,0.762157,0.850056,-0.017443,-0.126104
1788516099.476367,0.762305,0.850104,-0.017447,-0.126053
1788516099.543385,0.762620,0.850330,-0.017509,-0.126261
1788516099.610614,0.762726,0.850403,-0.017511,-0.126213
1788516099.677391,0.762854,0.850455,-0.017521,-0.126263
1788516099.744416,0.762934,0.850498,-0.017522,-0.126213
1788516099.811520,0.763086,0.850523,-0.017531,-0.126264
1788516099.880111,0.763486,0.850803,-0.017601,-0.126531
1788516099.945276,0.763588,0.850871,-0.017609,-0.126456
1788516100.012118,0.763964,0.851078,-0.017670,-0.126647
1788516100.079260,0.764118,0.851150,-0.017654,-0.126631
1788516100.146245,0.764477,0.851320,-0.017711,-0.126821
1788516100.213244,0.764964,0.851605,-0.017790,-0.126991
1788516100.280306,0.765120,0.851667,-0.017784,-0.126750
1788516100.347273,0.765451,0.851813,-0.017833,-0.126967
1788516100.414258,0.765637,0.851943,-0.017852,-0.127045
1788516100.481147,0.765729,0.851963,-0.017844,-0.126844
1788516100.547974,0.765990,0.852155,-0.017888,-0.127124
1788516100.615115,0.766066,0.852202,-0.017885,-0.126994
1788516100.682172,0.766232,0.852229,-0.017889,-0.127054
1788516100.749085,0.766317,0.852324,-0.017899,-0.127160
1788516100.816117,0.766382,0.852343,-0.017907,-0.126999
1788516100.883109,0.766389,0.852329,-0.017880,-0.126974
1788516100.951066,0.766253,0.852094,-0.017820,-0.126710
1788516101.016968,0.766434,0.852222,-0.017865,-0.127075
1788516101.083837,0.766331,0.852218,-0.017847,-0.126898
1788516101.150985,0.766436,0.852253,-0.017864,-0.127060
1788516101.217976,0.766316,0.852183,-0.017830,-0.126836
1788516101.284976,0.766454,0.852337,-0.017863,-0.127145
1788516101.351988,0.766480,0.852352,-0.017860,-0.127020
1788516101.418982,0.766477,0.852321,-0.017847,-0.126952
1788516101.486044,0.766462,0.852316,-0.017846,-0.126973
1788516101.552762,0.765860,0.851921,-0.017737,-0.126477
1788516101.619710,0.766025,0.851969,-0.017779,-0.126930
1788516101.688849,0.766324,0.852195,-0.017853,-0.127176
1788516101.753824,0.766312,0.852204,-0.017853,-0.126922
1788516101.821079,0.766358,0.852263,-0.017871,-0.127031
1788516101.888532,0.766165,0.852098,-0.017832,-0.126719
1788516101.954896,0.766395,0.852235,-0.017887,-0.127090
1788516102.021928,0.766383,0.852242,-0.017883,-0.126962
1788516102.088682,0.766404,0.852262,-0.017891,-0.127020
1788516102.155679,0.766447,0.852287,-0.017898,-0.127035
1788516102.222553,0.766374,0.852260,-0.017886,-0.126880
1788516102.289716,0.766644,0.852277,-0.017919,-0.127180
1788516102.356690,0.767246,0.852479,-0.017915,-0.127375
1788516102.423669,0.767260,0.852453,-0.017881,-0.127150
1788516102.490972,0.767702,0.852608,-0.017945,-0.127511
1788516102.557683,0.767786,0.852643,-0.017937,-0.127326
1788516102.624604,0.768024,0.852799,-0.017983,-0.127547
1788516102.691548,0.768074,0.852807,-0.017976,-0.127354
1788516102.758474,0.768356,0.852993,-0.018019,-0.127659
1788516102.825552,0.768397,0.852986,-0.018009,-0.127429
1788516102.892586,0.768470,0.853007,-0.018018,-0.127477
1788516102.959727,0.768504,0.853050,-0.018014,-0.127566
1788516103.026582,0.768270,0.852915,-0.017947,-0.127261
1788516103.093537,0.768237,0.852886,-0.017935,-0.127307
1788516103.160438,0.768523,0.853059,-0.017978,-0.127649
1788516103.227415,0.768572,0.853089,-0.017977,-0.127572
1788516103.294276,0.768594,0.853097,-0.017972,-0.127483
1788516103.361439,0.768780,0.853254,-0.018002,-0.127714
1788516103.428401,0.768692,0.853231,-0.017967,-0.127478
1788516103.495403,0.768677,0.853158,-0.017949,-0.127418
1788516103.562417,0.768496,0.852942,-0.017892,-0.127210
1788516103.629411,0.768707,0.853102,-0.017934,-0.127647
1788516103.696276,0.768711,0.853024,-0.017881,-0.127422
1788516103.763282,0.768403,0.853005,-0.017893,-0.127195
1788516103.830395,0.768532,0.852996,-0.017851,-0.127337
1788516103.897265,0.768651,0.852700,-0.017814,-0.127453
1788516103.964298,0.768199,0.852748,-0.017909,-0.127263
1788516104.031267,0.768180,0.852629,-0.017777,-0.126960
1788516104.098264,0.768452,0.852596,-0.017753,-0.127260
1788516104.165663,0.768623,0.852667,-0.017771,-0.127636
1788516104.232121,0.768014,0.852471,-0.017615,-0.126472
1788516104.299206,0.768632,0.850783,-0.017216,-0.126693
1788516104.365992,0.768050,0.851439,-0.017751,-0.126285
1788516104.433161,0.767961,0.851600,-0.017781,-0.126760
1788516104.500127,0.768001,0.851506,-0.017784,-0.125391
1788516104.567128,0.767282,0.851496,-0.017749,-0.126300
1788516104.634115,0.767201,0.851477,-0.017737,-0.126201
1788516104.701127,0.767517,0.851844,-0.017842,-0.127006
1788516104.768102,0.767571,0.851886,-0.017821,-0.126738
1788516104.835043,0.767592,0.851908,-0.017832,-0.126754
1788516104.901937,0.767572,0.851817,-0.017810,-0.126809
1788516104.969018,0.768163,0.852219,-0.017908,-0.127398
1788516105.035978,0.768371,0.852274,-0.017861,-0.127472
1788516105.102969,0.768161,0.852149,-0.017847,-0.126783
1788516105.170010,0.768442,0.852278,-0.017917,-0.127830
1788516105.236977,0.768803,0.852371,-0.017890,-0.127575
1788516105.303977,0.768880,0.852588,-0.017930,-0.127831
1788516105.370872,0.768914,0.852466,-0.017865,-0.127461
1788516105.437712,0.768926,0.852409,-0.017842,-0.127378
1788516105.504852,0.769211,0.852615,-0.017899,-0.127786
1788516105.571850,0.769404,0.852714,-0.017912,-0.127863
1788516105.638851,0.769302,0.852676,-0.017877,-0.127532
1788516105.705856,0.769452,0.852766,-0.017914,-0.127687
1788516105.773252,0.769566,0.852833,-0.017923,-0.127798
1788516105.839849,0.769236,0.852367,-0.017829,-0.127301
1788516105.906698,0.769318,0.852541,-0.017864,-0.127704
1788516105.973686,0.769343,0.852592,-0.017856,-0.127840
1788516106.040711,0.769597,0.852669,-0.017892,-0.127900
1788516106.107732,0.769382,0.852649,-0.017867,-0.127457
1788516106.174733,0.769357,0.852646,-0.017852,-0.127649
1788516106.241676,0.769276,0.852603,-0.017852,-0.127375
1788516106.308686,0.769264,0.852692,-0.017865,-0.127673
1788516106.375710,0.769367,0.852722,-0.017881,-0.127641
1788516106.442575,0.769391,0.852743,-0.017874,-0.127655
1788516106.509466,0.769170,0.852498,-0.017810,-0.127364
1788516106.576567,0.769372,0.852677,-0.017870,-0.127683
1788516106.643564,0.769393,0.852711,-0.017874,-0.127766
1788516106.712243,0.769456,0.852709,-0.017862,-0.127821
1788516106.777550,0.769494,0.852708,-0.017867,-0.127704
1788516106.844564,0.769163,0.852478,-0.017792,-0.127403
1788516106.911551,0.769312,0.852744,-0.017847,-0.127723
1788516106.978436,0.769355,0.852774,-0.017853,-0.127747
1788516107.045460,0.769165,0.852546,-0.017815,-0.127205
1788516107.112293,0.769125,0.852525,-0.017826,-0.127320
1788516107.179414,0.768986,0.852457,-0.017815,-0.126980
1788516107.246458,0.768723,0.852417,-0.017849,-0.126732
1788516107.313406,0.767859,0.851961,-0.017759,-0.126054
1788516107.380429,0.767719,0.851877,-0.017767,-0.125740
1788516107.447464,0.767572,0.851843,-0.017824,-0.125836
1788516107.514288,0.767534,0.851685,-0.017814,-0.124786
1788516107.581265,0.767452,0.851756,-0.017855,-0.125547
1788516107.648165,0.767403,0.851619,-0.017824,-0.125249
1788516107.715260,0.767279,0.851565,-0.017800,-0.125630
1788516107.782286,0.767233,0.851646,-0.017844,-0.125897
1788516107.849302,0.767204,0.851627,-0.017825,-0.125691
1788516107.916286,0.767123,0.851623,-0.017810,-0.125911
1788516107.983279,0.767233,0.851622,-0.017818,-0.125677
1788516108.050414,0.766380,0.851095,-0.017639,-0.125530
1788516108.117126,0.766537,0.851298,-0.017703,-0.126102
1788516108.184029,0.766557,0.851292,-0.017698,-0.125817
1788516108.251166,0.766564,0.851312,-0.017721,-0.125920
1788516108.318155,0.766562,0.851121,-0.017680,-0.125615
1788516108.385163,0.766568,0.851128,-0.017694,-0.125846
1788516108.452136,0.767031,0.851598,-0.017821,-0.126826
1788516108.519150,0.767119,0.851669,-0.017825,-0.126607
1788516108.586000,0.767157,0.851676,-0.017788,-0.126579
1788516108.653027,0.767170,0.851692,-0.017771,-0.126465
1788516108.719903,0.767189,0.851688,-0.017762,-0.126507
1788516108.787009,0.767273,0.851807,-0.017790,-0.126596
1788516108.854012,0.767316,0.851820,-0.017793,-0.126516
1788516108.921010,0.767307,0.851806,-0.017800,-0.126493
1788516108.987998,0.767227,0.851795,-0.017794,-0.126298
1788516109.055032,0.767371,0.851912,-0.017847,-0.126679
1788516109.122051,0.767388,0.851898,-0.017834,-0.126458
1788516109.188896,0.767351,0.851862,-0.017844,-0.126414
1788516109.255764,0.767362,0.851845,-0.017820,-0.126591
1788516109.322871,0.767266,0.851734,-0.017830,-0.126248
1788516109.389866,0.767299,0.851768,-0.017843,-0.126588
1788516109.456860,0.767286,0.851663,-0.017828,-0.126257
1788516109.523874,0.767604,0.851941,-0.017917,-0.126865
1788516109.591125,0.767677,0.851998,-0.017914,-0.126917
1788516109.657747,0.767740,0.852073,-0.017939,-0.126809
1788516109.724740,0.767862,0.852132,-0.017940,-0.126921
